CUST_0004,TXN_00000000,715.92,2023-02-04
CUST_0021,TXN_00000001,436.8,2023-05-29
CUST_0064,TXN_00000002,406.87,2023-06-14
CUST_0007,TXN_00000003,362.33,2023-03-15
CUST_0042,TXN_00000004,458.4,2023-09-24
CUST_0019,TXN_00000005,965.89,2023-12-09
CUST_0005,TXN_00000006,718.04,2023-11-20
CUST_0023,TXN_00000007,260.35,2023-11-28
CUST_0089,TXN_00000008,68.35,2023-05-21
CUST_0048,TXN_00000009,977.18,2023-02-04
CUST_0085,TXN_00000010,19.49,2023-12-19
CUST_0017,TXN_00000011,709.38,2023-07-09
CUST_0060,TXN_00000012,711.03,2023-04-25
CUST_0027,TXN_00000013,322.82,2023-12-13
CUST_0088,TXN_00000014,346.26,2023-09-07
CUST_0066,TXN_00000015,774.62,2023-06-04
CUST_0045,TXN_00000016,964.52,2023-03-18
CUST_0082,TXN_00000017,906.84,2023-10-04
CUST_0067,TXN_00000018,325.04,2023-03-14
CUST_0006,TXN_00000019,652.05,2023-12-21
CUST_0001,TXN_00000020,56.7,2023-05-20
CUST_0035,TXN_00000021,291.91,2023-05-28
CUST_0015,TXN_00000022,302.41,2023-01-19
CUST_0045,TXN_00000023,375.0,2023-12-21
CUST_0045,TXN_00000024,439.85,2023-09-20
CUST_0098,TXN_00000025,889.88,2023-05-16
CUST_0056,TXN_00000026,633.33,2023-11-16
CUST_0073,TXN_00000027,275.72,2023-09-29
CUST_0050,TXN_00000028,613.06,2023-12-28
CUST_0054,TXN_00000029,30.82,2023-10-08
CUST_0081,TXN_00000030,745.1,2023-02-02
CUST_0035,TXN_00000031,381.22,2023-04-27
CUST_0063,TXN_00000032,520.22,2023-10-08
CUST_0095,TXN_00000033,906.23,2023-04-19
CUST_0015,TXN_00000034,443.42,2023-12-27
CUST_0086,TXN_00000035,125.42,2023-10-08
CUST_0006,TXN_00000036,203.31,2023-05-01
CUST_0064,TXN_00000037,957.09,2023-02-20
CUST_0100,TXN_00000038,330.43,2023-08-28
CUST_0030,TXN_00000039,784.38,2023-03-10
CUST_0020,TXN_00000040,930.26,2023-02-22
CUST_0021,TXN_00000041,168.77,2023-12-03
CUST_0050,TXN_00000042,964.15,2023-07-18
CUST_0005,TXN_00000043,12.34,2023-02-27
CUST_0006,TXN_00000044,290.47,2023-04-28
CUST_0089,TXN_00000045,444.74,2023-08-01
CUST_0007,TXN_00000046,137.31,2023-01-22
CUST_0049,TXN_00000047,789.42,2023-05-25
CUST_0010,TXN_00000048,277.07,2023-12-21
CUST_0080,TXN_00000049,806.51,2023-06-01
CUST_0063,TXN_00000050,364.09,2023-11-29
CUST_0021,TXN_00000051,124.32,2023-03-25
CUST_0080,TXN_00000052,48.59,2023-07-18
CUST_0055,TXN_00000053,346.03,2023-07-24
CUST_0090,TXN_00000054,71.79,2023-03-20
CUST_0094,TXN_00000055,285.3,2023-07-17
CUST_0018,TXN_00000056,301.64,2023-01-13
CUST_0062,TXN_00000057,678.0,2023-09-12
CUST_0017,TXN_00000058,939.64,2023-10-11
CUST_0082,TXN_00000059,917.06,2023-12-07
CUST_0022,TXN_00000060,218.43,2023-02-25
CUST_0040,TXN_00000061,173.96,2023-07-26
CUST_0069,TXN_00000062,670.33,2023-02-17
CUST_0082,TXN_00000063,43.28,2023-02-18
CUST_0072,TXN_00000064,125.09,2023-03-25
CUST_0017,TXN_00000065,969.72,2023-12-30
CUST_0076,TXN_00000066,288.54,2023-12-08
CUST_0015,TXN_00000067,671.44,2023-01-11
CUST_0095,TXN_00000068,957.44,2023-03-08
CUST_0040,TXN_00000069,988.9,2023-08-15
CUST_0033,TXN_00000070,620.49,2023-10-02
CUST_0037,TXN_00000071,533.1,2023-10-14
CUST_0007,TXN_00000072,920.46,2023-01-04
CUST_0095,TXN_00000073,935.33,2023-08-25
CUST_0034,TXN_00000074,112.07,2023-03-15
CUST_0020,TXN_00000075,110.59,2023-09-08
CUST_0011,TXN_00000076,977.01,2023-01-12
CUST_0077,TXN_00000077,937.15,2023-07-01
CUST_0007,TXN_00000078,434.27,2023-01-12
CUST_0038,TXN_00000079,136.88,2023-04-12
CUST_0093,TXN_00000080,830.33,2023-08-06
CUST_0012,TXN_00000081,146.31,2023-04-26
CUST_0069,TXN_00000082,615.46,2023-12-31
CUST_0057,TXN_00000083,161.98,2023-04-20
CUST_0061,TXN_00000084,506.79,2023-04-13
CUST_0066,TXN_00000085,465.27,2023-10-26
CUST_0003,TXN_00000086,660.92,2023-08-19
CUST_0030,TXN_00000087,910.36,2023-07-15
CUST_0017,TXN_00000088,269.62,2023-01-05
CUST_0081,TXN_00000089,220.31,2023-10-24
CUST_0040,TXN_00000090,179.5,2023-01-10
CUST_0071,TXN_00000091,523.32,2023-05-03
CUST_0067,TXN_00000092,386.89,2023-09-01
CUST_0037,TXN_00000093,480.6,2023-01-28
CUST_0044,TXN_00000094,822.41,2023-09-23
CUST_0055,TXN_00000095,659.86,2023-05-09
CUST_0083,TXN_00000096,617.27,2023-05-21
CUST_0099,TXN_00000097,546.91,2023-09-20
CUST_0067,TXN_00000098,478.57,2023-02-17
CUST_0028,TXN_00000099,180.17,2023-12-28
CUST_0059,TXN_00000100,25.5,2023-02-06
CUST_0091,TXN_00000101,951.88,2023-10-08
CUST_0049,TXN_00000102,986.57,2023-10-22
CUST_0076,TXN_00000103,59.26,2023-03-22
CUST_0008,TXN_00000104,822.29,2023-07-09
CUST_0078,TXN_00000105,222.6,2023-12-10
CUST_0034,TXN_00000106,42.18,2023-09-16
CUST_0090,TXN_00000107,728.49,2023-03-02
CUST_0072,TXN_00000108,969.87,2023-06-14
CUST_0099,TXN_00000109,10.34,2023-10-10
CUST_0074,TXN_00000110,382.46,2023-11-29
CUST_0003,TXN_00000111,229.63,2023-04-10
CUST_0085,TXN_00000112,654.82,2023-02-14
CUST_0049,TXN_00000113,651.84,2023-01-30
CUST_0074,TXN_00000114,898.06,2023-06-26
CUST_0049,TXN_00000115,328.17,2023-06-08
CUST_0047,TXN_00000116,733.14,2023-09-04
CUST_0080,TXN_00000117,517.52,2023-07-27
CUST_0027,TXN_00000118,855.72,2023-11-10
CUST_0013,TXN_00000119,190.15,2023-10-27
CUST_0059,TXN_00000120,690.97,2023-11-17
CUST_0063,TXN_00000121,555.5,2023-08-27
CUST_0100,TXN_00000122,779.75,2023-01-14
CUST_0018,TXN_00000123,28.39,2023-04-13
CUST_0067,TXN_00000124,560.36,2023-03-02
CUST_0100,TXN_00000125,316.51,2023-08-14
CUST_0049,TXN_00000126,302.1,2023-09-22
CUST_0012,TXN_00000127,633.58,2023-10-15
CUST_0029,TXN_00000128,809.2,2023-06-20
CUST_0042,TXN_00000129,149.16,2023-02-05
CUST_0025,TXN_00000130,141.88,2023-04-24
CUST_0084,TXN_00000131,256.93,2023-04-24
CUST_0014,TXN_00000132,97.86,2023-09-22
CUST_0090,TXN_00000133,838.29,2023-10-14
CUST_0058,TXN_00000134,683.98,2023-05-15
CUST_0004,TXN_00000135,818.18,2023-03-18
CUST_0045,TXN_00000136,931.84,2023-12-12
CUST_0050,TXN_00000137,816.0,2023-06-28
CUST_0085,TXN_00000138,302.97,2023-05-06
CUST_0063,TXN_00000139,230.88,2023-09-07
CUST_0009,TXN_00000140,757.28,2023-02-07
CUST_0002,TXN_00000141,354.77,2023-01-16
CUST_0097,TXN_00000142,199.0,2023-12-21
CUST_0035,TXN_00000143,557.05,2023-11-14
CUST_0008,TXN_00000144,893.23,2023-09-11
CUST_0029,TXN_00000145,917.44,2023-10-16
CUST_0068,TXN_00000146,868.55,2023-12-04
CUST_0028,TXN_00000147,228.09,2023-10-12
CUST_0028,TXN_00000148,280.2,2023-01-12
CUST_0047,TXN_00000149,682.34,2023-10-19
CUST_0001,TXN_00000150,413.01,2023-08-08
CUST_0048,TXN_00000151,549.81,2023-09-06
CUST_0052,TXN_00000152,515.07,2023-09-06
CUST_0019,TXN_00000153,531.28,2023-10-07
CUST_0025,TXN_00000154,765.47,2023-02-10
CUST_0025,TXN_00000155,312.69,2023-08-28
CUST_0050,TXN_00000156,543.04,2023-12-31
CUST_0061,TXN_00000157,580.78,2023-12-02
CUST_0086,TXN_00000158,930.87,2023-06-03
CUST_0020,TXN_00000159,552.5,2023-03-05
CUST_0003,TXN_00000160,988.53,2023-06-14
CUST_0033,TXN_00000161,338.61,2023-07-07
CUST_0087,TXN_00000162,636.56,2023-09-14
CUST_0011,TXN_00000163,111.56,2023-03-22
CUST_0035,TXN_00000164,656.44,2023-09-27
CUST_0080,TXN_00000165,388.22,2023-09-13
CUST_0065,TXN_00000166,472.51,2023-04-08
CUST_0097,TXN_00000167,712.79,2023-06-29
CUST_0099,TXN_00000168,989.07,2023-12-09
CUST_0059,TXN_00000169,830.04,2023-07-28
CUST_0075,TXN_00000170,937.53,2023-04-09
CUST_0003,TXN_00000171,625.86,2023-04-23
CUST_0009,TXN_00000172,23.01,2023-08-19
CUST_0017,TXN_00000173,818.55,2023-10-28
CUST_0074,TXN_00000174,438.12,2023-06-24
CUST_0088,TXN_00000175,939.97,2023-09-02
CUST_0045,TXN_00000176,657.31,2023-01-18
CUST_0020,TXN_00000177,858.85,2023-11-11
CUST_0016,TXN_00000178,288.75,2023-04-20
CUST_0091,TXN_00000179,231.89,2023-02-09
CUST_0081,TXN_00000180,316.08,2023-04-05
CUST_0039,TXN_00000181,110.17,2023-11-13
CUST_0031,TXN_00000182,378.82,2023-10-27
CUST_0086,TXN_00000183,254.12,2023-10-21
CUST_0024,TXN_00000184,888.7,2023-04-25
CUST_0073,TXN_00000185,171.3,2023-02-19
CUST_0091,TXN_00000186,818.74,2023-10-24
CUST_0088,TXN_00000187,755.13,2023-11-23
CUST_0081,TXN_00000188,238.45,2023-11-16
CUST_0007,TXN_00000189,739.35,2023-01-21
CUST_0052,TXN_00000190,49.46,2023-07-06
CUST_0079,TXN_00000191,122.8,2023-06-19
CUST_0010,TXN_00000192,216.06,2023-04-22
CUST_0041,TXN_00000193,154.8,2023-08-18
CUST_0036,TXN_00000194,973.36,2023-02-02
CUST_0007,TXN_00000195,171.86,2023-07-10
CUST_0055,TXN_00000196,767.5,2023-12-10
CUST_0053,TXN_00000197,57.3,2023-09-29
CUST_0096,TXN_00000198,169.22,2023-10-28
CUST_0019,TXN_00000199,890.1,2023-07-19
CUST_0093,TXN_00000200,651.56,2023-04-26
CUST_0032,TXN_00000201,199.74,2023-09-13
CUST_0064,TXN_00000202,274.66,2023-07-06
CUST_0034,TXN_00000203,532.47,2023-03-10
CUST_0092,TXN_00000204,778.35,2023-08-11
CUST_0028,TXN_00000205,310.78,2023-04-03
CUST_0062,TXN_00000206,94.93,2023-07-31
CUST_0001,TXN_00000207,724.72,2023-05-29
CUST_0026,TXN_00000208,572.08,2023-12-04
CUST_0024,TXN_00000209,774.34,2023-11-26
CUST_0027,TXN_00000210,757.12,2023-10-21
CUST_0016,TXN_00000211,841.07,2023-12-01
CUST_0022,TXN_00000212,632.75,2023-11-05
CUST_0067,TXN_00000213,642.71,2023-04-05
CUST_0048,TXN_00000214,295.02,2023-07-28
CUST_0070,TXN_00000215,204.75,2023-03-13
CUST_0005,TXN_00000216,528.83,2023-08-10
CUST_0052,TXN_00000217,916.2,2023-01-29
CUST_0089,TXN_00000218,119.1,2023-01-26
CUST_0014,TXN_00000219,807.02,2023-02-17
CUST_0011,TXN_00000220,984.81,2023-03-10
CUST_0097,TXN_00000221,604.47,2023-07-22
CUST_0058,TXN_00000222,377.65,2023-08-28
CUST_0013,TXN_00000223,423.7,2023-09-23
CUST_0032,TXN_00000224,909.69,2023-01-05
CUST_0052,TXN_00000225,898.32,2023-07-13
CUST_0083,TXN_00000226,903.5,2023-10-13
CUST_0095,TXN_00000227,774.28,2023-07-23
CUST_0086,TXN_00000228,580.84,2023-08-31
CUST_0049,TXN_00000229,931.97,2023-04-05
CUST_0014,TXN_00000230,700.11,2023-03-31
CUST_0054,TXN_00000231,717.62,2023-01-13
CUST_0046,TXN_00000232,953.46,2023-03-30
CUST_0019,TXN_00000233,206.13,2023-10-04
CUST_0092,TXN_00000234,700.73,2023-07-19
CUST_0060,TXN_00000235,204.03,2023-05-09
CUST_0066,TXN_00000236,386.55,2023-06-24
CUST_0034,TXN_00000237,306.11,2023-12-17
CUST_0089,TXN_00000238,941.1,2023-01-02
CUST_0053,TXN_00000239,635.92,2023-08-18
CUST_0066,TXN_00000240,901.21,2023-11-20
CUST_0092,TXN_00000241,331.06,2023-06-27
CUST_0050,TXN_00000242,572.05,2023-08-12
CUST_0015,TXN_00000243,787.48,2023-12-06
CUST_0025,TXN_00000244,602.41,2023-01-12
CUST_0052,TXN_00000245,112.7,2023-06-02
CUST_0056,TXN_00000246,134.39,2023-10-19
CUST_0052,TXN_00000247,662.94,2023-06-09
CUST_0080,TXN_00000248,913.28,2023-06-13
CUST_0089,TXN_00000249,933.78,2023-05-25
CUST_0020,TXN_00000250,783.92,2023-08-23
CUST_0059,TXN_00000251,347.82,2023-01-01
CUST_0081,TXN_00000252,584.37,2023-03-31
CUST_0014,TXN_00000253,801.64,2023-03-04
CUST_0080,TXN_00000254,762.63,2023-07-14
CUST_0012,TXN_00000255,429.49,2023-01-25
CUST_0051,TXN_00000256,376.1,2023-03-08
CUST_0098,TXN_00000257,717.01,2023-05-07
CUST_0032,TXN_00000258,326.45,2023-06-20
CUST_0056,TXN_00000259,802.15,2023-11-08
CUST_0011,TXN_00000260,755.45,2023-01-20
CUST_0087,TXN_00000261,463.39,2023-03-13
CUST_0057,TXN_00000262,888.82,2023-07-22
CUST_0078,TXN_00000263,276.03,2023-12-22
CUST_0082,TXN_00000264,900.91,2023-11-30
CUST_0081,TXN_00000265,72.59,2023-02-21
CUST_0092,TXN_00000266,234.52,2023-06-02
CUST_0055,TXN_00000267,20.56,2023-10-26
CUST_0059,TXN_00000268,251.96,2023-03-14
CUST_0081,TXN_00000269,587.76,2023-03-18
CUST_0045,TXN_00000270,772.02,2023-04-05
CUST_0004,TXN_00000271,188.69,2023-05-18
CUST_0096,TXN_00000272,136.69,2023-02-27
CUST_0081,TXN_00000273,741.12,2023-01-22
CUST_0006,TXN_00000274,398.63,2023-10-29
CUST_0097,TXN_00000275,515.46,2023-08-25
CUST_0096,TXN_00000276,380.97,2023-02-07
CUST_0027,TXN_00000277,375.46,2023-03-28
CUST_0006,TXN_00000278,429.58,2023-09-27
CUST_0084,TXN_00000279,364.61,2023-10-07
CUST_0084,TXN_00000280,344.19,2023-08-10
CUST_0027,TXN_00000281,377.21,2023-09-07
CUST_0074,TXN_00000282,147.95,2023-11-30
CUST_0066,TXN_00000283,215.11,2023-08-17
CUST_0090,TXN_00000284,722.25,2023-04-03
CUST_0016,TXN_00000285,66.95,2023-12-18
CUST_0056,TXN_00000286,280.43,2023-05-16
CUST_0032,TXN_00000287,213.3,2023-07-10
CUST_0009,TXN_00000288,229.57,2023-10-20
CUST_0048,TXN_00000289,315.46,2023-05-26
CUST_0088,TXN_00000290,131.52,2023-06-15
CUST_0037,TXN_00000291,672.74,2023-09-08
CUST_0002,TXN_00000292,338.79,2023-11-26
CUST_0062,TXN_00000293,131.02,2023-03-21
CUST_0078,TXN_00000294,994.81,2023-05-07
CUST_0100,TXN_00000295,152.54,2023-03-15
CUST_0006,TXN_00000296,241.13,2023-11-25
CUST_0043,TXN_00000297,923.55,2023-03-12
CUST_0038,TXN_00000298,569.35,2023-11-29
CUST_0041,TXN_00000299,283.69,2023-03-07
CUST_0090,TXN_00000300,183.2,2023-04-18
CUST_0064,TXN_00000301,852.37,2023-02-16
CUST_0050,TXN_00000302,876.75,2023-09-26
CUST_0034,TXN_00000303,917.78,2023-05-01
CUST_0032,TXN_00000304,56.95,2023-07-01
CUST_0003,TXN_00000305,112.27,2023-12-28
CUST_0010,TXN_00000306,181.67,2023-11-27
CUST_0100,TXN_00000307,647.16,2023-06-06
CUST_0084,TXN_00000308,440.0,2023-12-06
CUST_0008,TXN_00000309,332.92,2023-03-06
CUST_0099,TXN_00000310,800.49,2023-10-05
CUST_0002,TXN_00000311,531.13,2023-12-09
CUST_0090,TXN_00000312,240.68,2023-11-27
CUST_0011,TXN_00000313,299.82,2023-07-25
CUST_0007,TXN_00000314,372.0,2023-02-05
CUST_0022,TXN_00000315,32.54,2023-10-18
CUST_0094,TXN_00000316,311.83,2023-07-28
CUST_0082,TXN_00000317,658.74,2023-01-22
CUST_0027,TXN_00000318,534.38,2023-02-16
CUST_0003,TXN_00000319,943.27,2023-11-09
CUST_0039,TXN_00000320,23.15,2023-07-12
CUST_0062,TXN_00000321,703.75,2023-01-19
CUST_0098,TXN_00000322,519.07,2023-02-28
CUST_0037,TXN_00000323,905.17,2023-12-02
CUST_0045,TXN_00000324,320.71,2023-11-18
CUST_0063,TXN_00000325,835.15,2023-10-26
CUST_0040,TXN_00000326,332.36,2023-07-05
CUST_0057,TXN_00000327,687.77,2023-05-31
CUST_0092,TXN_00000328,917.64,2023-11-18
CUST_0010,TXN_00000329,273.92,2023-07-20
CUST_0023,TXN_00000330,641.45,2023-11-20
CUST_0017,TXN_00000331,237.91,2023-07-08
CUST_0029,TXN_00000332,880.52,2023-12-02
CUST_0021,TXN_00000333,546.59,2023-07-30
CUST_0017,TXN_00000334,706.97,2023-10-17
CUST_0037,TXN_00000335,917.26,2023-09-16
CUST_0074,TXN_00000336,985.08,2023-11-04
CUST_0016,TXN_00000337,34.82,2023-04-11
CUST_0089,TXN_00000338,517.08,2023-09-04
CUST_0052,TXN_00000339,854.99,2023-07-05
CUST_0097,TXN_00000340,435.5,2023-03-03
CUST_0050,TXN_00000341,794.93,2023-01-20
CUST_0100,TXN_00000342,123.97,2023-08-09
CUST_0065,TXN_00000343,276.89,2023-03-15
CUST_0078,TXN_00000344,376.58,2023-12-24
CUST_0067,TXN_00000345,657.87,2023-02-01
CUST_0045,TXN_00000346,604.46,2023-11-22
CUST_0082,TXN_00000347,56.1,2023-09-19
CUST_0056,TXN_00000348,224.95,2023-02-28
CUST_0090,TXN_00000349,721.67,2023-09-05
CUST_0002,TXN_00000350,514.19,2023-04-05
CUST_0044,TXN_00000351,824.98,2023-06-18
CUST_0033,TXN_00000352,438.69,2023-02-28
CUST_0078,TXN_00000353,655.5,2023-12-14
CUST_0048,TXN_00000354,985.72,2023-07-28
CUST_0063,TXN_00000355,472.36,2023-02-07
CUST_0019,TXN_00000356,399.03,2023-12-05
CUST_0037,TXN_00000357,651.58,2023-05-30
CUST_0046,TXN_00000358,518.36,2023-08-01
CUST_0025,TXN_00000359,78.62,2023-11-25
CUST_0050,TXN_00000360,127.06,2023-04-13
CUST_0061,TXN_00000361,599.27,2023-12-07
CUST_0052,TXN_00000362,854.54,2023-03-01
CUST_0006,TXN_00000363,637.67,2023-03-10
CUST_0048,TXN_00000364,426.63,2023-02-18
CUST_0091,TXN_00000365,702.34,2023-06-19
CUST_0083,TXN_00000366,285.29,2023-07-18
CUST_0052,TXN_00000367,317.63,2023-10-23
CUST_0067,TXN_00000368,92.32,2023-08-24
CUST_0097,TXN_00000369,890.82,2023-02-19
CUST_0039,TXN_00000370,619.18,2023-03-08
CUST_0058,TXN_00000371,813.13,2023-04-17
CUST_0093,TXN_00000372,878.36,2023-07-30
CUST_0032,TXN_00000373,917.58,2023-10-01
CUST_0052,TXN_00000374,118.07,2023-04-17
CUST_0067,TXN_00000375,940.05,2023-10-25
CUST_0033,TXN_00000376,519.85,2023-01-15
CUST_0022,TXN_00000377,604.35,2023-10-07
CUST_0089,TXN_00000378,146.28,2023-11-23
CUST_0087,TXN_00000379,865.41,2023-11-28
CUST_0100,TXN_00000380,453.47,2023-08-29
CUST_0012,TXN_00000381,970.91,2023-12-24
CUST_0045,TXN_00000382,262.78,2023-03-15
CUST_0040,TXN_00000383,432.51,2023-05-21
CUST_0061,TXN_00000384,666.32,2023-10-29
CUST_0052,TXN_00000385,108.77,2023-06-03
CUST_0002,TXN_00000386,226.08,2023-05-31
CUST_0082,TXN_00000387,440.72,2023-09-10
CUST_0082,TXN_00000388,873.67,2023-04-23
CUST_0073,TXN_00000389,801.0,2023-01-26
CUST_0013,TXN_00000390,322.84,2023-12-15
CUST_0019,TXN_00000391,384.0,2023-10-27
CUST_0064,TXN_00000392,906.46,2023-09-21
CUST_0093,TXN_00000393,863.28,2023-09-26
CUST_0067,TXN_00000394,961.98,2023-03-03
CUST_0100,TXN_00000395,775.52,2023-01-14
CUST_0031,TXN_00000396,688.85,2023-11-04
CUST_0049,TXN_00000397,657.5,2023-04-10
CUST_0093,TXN_00000398,68.64,2023-06-22
CUST_0074,TXN_00000399,864.27,2023-08-31
CUST_0030,TXN_00000400,512.65,2023-04-22
CUST_0021,TXN_00000401,284.21,2023-12-24
CUST_0070,TXN_00000402,747.75,2023-08-11
CUST_0089,TXN_00000403,674.31,2023-01-09
CUST_0038,TXN_00000404,355.31,2023-05-07
CUST_0048,TXN_00000405,722.31,2023-03-24
CUST_0049,TXN_00000406,673.35,2023-09-12
CUST_0047,TXN_00000407,557.03,2023-06-23
CUST_0039,TXN_00000408,751.96,2023-06-22
CUST_0009,TXN_00000409,774.07,2023-03-18
CUST_0062,TXN_00000410,392.09,2023-12-08
CUST_0100,TXN_00000411,302.37,2023-08-15
CUST_0066,TXN_00000412,744.65,2023-05-04
CUST_0057,TXN_00000413,939.51,2023-06-28
CUST_0060,TXN_00000414,717.42,2023-11-28
CUST_0077,TXN_00000415,300.17,2023-03-01
CUST_0058,TXN_00000416,705.84,2023-12-16
CUST_0015,TXN_00000417,689.86,2023-11-22
CUST_0085,TXN_00000418,919.69,2023-10-03
CUST_0065,TXN_00000419,926.75,2023-12-24
CUST_0088,TXN_00000420,52.77,2023-09-23
CUST_0008,TXN_00000421,396.71,2023-03-01
CUST_0026,TXN_00000422,11.62,2023-01-14
CUST_0069,TXN_00000423,405.47,2023-11-27
CUST_0020,TXN_00000424,933.11,2023-01-07
CUST_0064,TXN_00000425,255.45,2023-12-09
CUST_0039,TXN_00000426,273.19,2023-05-20
CUST_0088,TXN_00000427,938.98,2023-11-25
CUST_0043,TXN_00000428,631.84,2023-08-28
CUST_0033,TXN_00000429,897.94,2023-03-12
CUST_0060,TXN_00000430,415.1,2023-05-11
CUST_0007,TXN_00000431,842.05,2023-05-20
CUST_0044,TXN_00000432,78.46,2023-01-15
CUST_0077,TXN_00000433,870.38,2023-12-20
CUST_0020,TXN_00000434,768.04,2023-02-04
CUST_0005,TXN_00000435,319.48,2023-03-14
CUST_0095,TXN_00000436,38.68,2023-08-09
CUST_0096,TXN_00000437,715.93,2023-01-12
CUST_0052,TXN_00000438,856.72,2023-12-01
CUST_0061,TXN_00000439,697.38,2023-05-10
CUST_0059,TXN_00000440,854.21,2023-10-01
CUST_0077,TXN_00000441,536.52,2023-07-14
CUST_0026,TXN_00000442,325.33,2023-02-01
CUST_0015,TXN_00000443,48.63,2023-09-03
CUST_0078,TXN_00000444,516.0,2023-05-25
CUST_0006,TXN_00000445,541.33,2023-04-10
CUST_0082,TXN_00000446,696.78,2023-03-17
CUST_0082,TXN_00000447,178.27,2023-05-26
CUST_0088,TXN_00000448,435.99,2023-02-25
CUST_0049,TXN_00000449,78.01,2023-04-20
CUST_0095,TXN_00000450,863.54,2023-06-22
CUST_0007,TXN_00000451,883.3,2023-12-21
CUST_0083,TXN_00000452,904.22,2023-01-02
CUST_0074,TXN_00000453,27.21,2023-09-30
CUST_0076,TXN_00000454,329.2,2023-08-29
CUST_0084,TXN_00000455,56.74,2023-12-01
CUST_0095,TXN_00000456,571.07,2023-12-10
CUST_0069,TXN_00000457,697.34,2023-11-20
CUST_0008,TXN_00000458,256.05,2023-12-19
CUST_0055,TXN_00000459,599.83,2023-11-01
CUST_0094,TXN_00000460,697.09,2023-07-02
CUST_0068,TXN_00000461,952.03,2023-05-18
CUST_0058,TXN_00000462,466.93,2023-12-01
CUST_0092,TXN_00000463,278.73,2023-05-12
CUST_0077,TXN_00000464,661.73,2023-04-30
CUST_0021,TXN_00000465,258.16,2023-01-21
CUST_0017,TXN_00000466,131.23,2023-11-29
CUST_0038,TXN_00000467,994.03,2023-07-16
CUST_0080,TXN_00000468,113.86,2023-01-17
CUST_0019,TXN_00000469,930.53,2023-07-09
CUST_0064,TXN_00000470,727.72,2023-04-20
CUST_0005,TXN_00000471,504.95,2023-03-01
CUST_0047,TXN_00000472,884.52,2023-09-10
CUST_0043,TXN_00000473,798.75,2023-01-14
CUST_0015,TXN_00000474,943.6,2023-10-22
CUST_0072,TXN_00000475,185.4,2023-11-10
CUST_0069,TXN_00000476,296.46,2023-09-05
CUST_0063,TXN_00000477,856.21,2023-02-05
CUST_0044,TXN_00000478,960.24,2023-09-13
CUST_0068,TXN_00000479,268.95,2023-03-18
CUST_0083,TXN_00000480,309.21,2023-02-18
CUST_0038,TXN_00000481,570.35,2023-05-21
CUST_0037,TXN_00000482,975.55,2023-11-10
CUST_0083,TXN_00000483,457.02,2023-05-19
CUST_0094,TXN_00000484,620.69,2023-08-06
CUST_0042,TXN_00000485,262.13,2023-05-12
CUST_0006,TXN_00000486,230.31,2023-04-21
CUST_0004,TXN_00000487,782.58,2023-03-31
CUST_0022,TXN_00000488,373.73,2023-07-26
CUST_0055,TXN_00000489,714.28,2023-05-20
CUST_0092,TXN_00000490,45.85,2023-07-27
CUST_0068,TXN_00000491,872.72,2023-02-13
CUST_0082,TXN_00000492,826.97,2023-11-21
CUST_0030,TXN_00000493,517.02,2023-10-19
CUST_0099,TXN_00000494,279.1,2023-01-03
CUST_0002,TXN_00000495,659.25,2023-05-14
CUST_0085,TXN_00000496,835.44,2023-08-23
CUST_0009,TXN_00000497,234.93,2023-05-01
CUST_0007,TXN_00000498,716.48,2023-10-02
CUST_0044,TXN_00000499,960.72,2023-04-26
CUST_0024,TXN_00000500,59.13,2023-08-24
CUST_0045,TXN_00000501,660.88,2023-12-30
CUST_0079,TXN_00000502,137.98,2023-09-12
CUST_0071,TXN_00000503,645.81,2023-04-23
CUST_0031,TXN_00000504,617.66,2023-02-19
CUST_0094,TXN_00000505,695.81,2023-10-20
CUST_0094,TXN_00000506,822.36,2023-05-23
CUST_0057,TXN_00000507,613.35,2023-07-24
CUST_0075,TXN_00000508,33.88,2023-04-04
CUST_0074,TXN_00000509,243.4,2023-08-01
CUST_0095,TXN_00000510,76.1,2023-08-24
CUST_0036,TXN_00000511,401.54,2023-09-13
CUST_0018,TXN_00000512,100.91,2023-11-23
CUST_0068,TXN_00000513,25.78,2023-05-30
CUST_0007,TXN_00000514,22.62,2023-11-23
CUST_0027,TXN_00000515,748.43,2023-04-17
CUST_0054,TXN_00000516,237.38,2023-12-04
CUST_0066,TXN_00000517,258.67,2023-08-16
CUST_0063,TXN_00000518,400.36,2023-05-08
CUST_0055,TXN_00000519,890.79,2023-11-03
CUST_0091,TXN_00000520,275.85,2023-11-23
CUST_0066,TXN_00000521,977.78,2023-09-16
CUST_0065,TXN_00000522,278.42,2023-11-23
CUST_0019,TXN_00000523,838.68,2023-07-07
CUST_0087,TXN_00000524,965.33,2023-07-17
CUST_0077,TXN_00000525,630.38,2023-12-28
CUST_0003,TXN_00000526,10.9,2023-12-17
CUST_0087,TXN_00000527,742.78,2023-10-21
CUST_0061,TXN_00000528,587.5,2023-10-10
CUST_0089,TXN_00000529,348.15,2023-03-09
CUST_0022,TXN_00000530,386.46,2023-05-17
CUST_0038,TXN_00000531,305.46,2023-08-15
CUST_0092,TXN_00000532,542.36,2023-03-26
CUST_0064,TXN_00000533,912.04,2023-09-17
CUST_0083,TXN_00000534,484.6,2023-01-22
CUST_0004,TXN_00000535,318.35,2023-02-27
CUST_0004,TXN_00000536,440.54,2023-01-10
CUST_0054,TXN_00000537,201.12,2023-12-03
CUST_0090,TXN_00000538,632.11,2023-08-04
CUST_0051,TXN_00000539,263.9,2023-10-27
CUST_0078,TXN_00000540,202.35,2023-05-20
CUST_0059,TXN_00000541,39.79,2023-02-10
CUST_0079,TXN_00000542,40.83,2023-09-26
CUST_0017,TXN_00000543,936.96,2023-10-16
CUST_0055,TXN_00000544,566.47,2023-09-17
CUST_0026,TXN_00000545,61.99,2023-05-03
CUST_0025,TXN_00000546,757.1,2023-05-26
CUST_0074,TXN_00000547,835.73,2023-11-19
CUST_0037,TXN_00000548,318.39,2023-11-19
CUST_0026,TXN_00000549,60.15,2023-07-16
CUST_0058,TXN_00000550,982.49,2023-12-22
CUST_0015,TXN_00000551,12.7,2023-09-14
CUST_0057,TXN_00000552,171.11,2023-09-30
CUST_0031,TXN_00000553,542.21,2023-04-23
CUST_0035,TXN_00000554,203.68,2023-03-03
CUST_0001,TXN_00000555,293.68,2023-10-15
CUST_0032,TXN_00000556,278.4,2023-06-15
CUST_0082,TXN_00000557,618.13,2023-07-18
CUST_0071,TXN_00000558,178.09,2023-08-03
CUST_0089,TXN_00000559,929.29,2023-02-28
CUST_0094,TXN_00000560,281.33,2023-03-04
CUST_0020,TXN_00000561,851.24,2023-11-14
CUST_0025,TXN_00000562,558.79,2023-08-15
CUST_0067,TXN_00000563,665.55,2023-06-17
CUST_0099,TXN_00000564,894.19,2023-05-10
CUST_0017,TXN_00000565,859.72,2023-06-07
CUST_0038,TXN_00000566,19.72,2023-11-13
CUST_0084,TXN_00000567,999.95,2023-12-23
CUST_0098,TXN_00000568,218.77,2023-05-29
CUST_0077,TXN_00000569,623.71,2023-08-22
CUST_0024,TXN_00000570,482.58,2023-11-27
CUST_0041,TXN_00000571,848.89,2023-08-15
CUST_0011,TXN_00000572,970.83,2023-10-11
CUST_0099,TXN_00000573,878.63,2023-03-05
CUST_0084,TXN_00000574,231.77,2023-01-06
CUST_0070,TXN_00000575,801.45,2023-01-17
CUST_0055,TXN_00000576,984.61,2023-11-17
CUST_0028,TXN_00000577,571.0,2023-04-17
CUST_0067,TXN_00000578,959.07,2023-11-18
CUST_0038,TXN_00000579,425.96,2023-11-11
CUST_0069,TXN_00000580,936.68,2023-07-27
CUST_0013,TXN_00000581,31.65,2023-07-08
CUST_0095,TXN_00000582,763.92,2023-08-16
CUST_0071,TXN_00000583,839.14,2023-12-26
CUST_0015,TXN_00000584,155.57,2023-04-13
CUST_0043,TXN_00000585,350.15,2023-04-21
CUST_0016,TXN_00000586,591.62,2023-02-15
CUST_0009,TXN_00000587,369.96,2023-02-07
CUST_0071,TXN_00000588,262.98,2023-12-05
CUST_0028,TXN_00000589,541.56,2023-05-15
CUST_0042,TXN_00000590,79.12,2023-10-24
CUST_0099,TXN_00000591,188.4,2023-08-28
CUST_0005,TXN_00000592,23.67,2023-02-04
CUST_0038,TXN_00000593,730.49,2023-01-03
CUST_0014,TXN_00000594,77.91,2023-03-07
CUST_0057,TXN_00000595,106.57,2023-04-23
CUST_0097,TXN_00000596,514.47,2023-04-19
CUST_0083,TXN_00000597,951.86,2023-02-07
CUST_0084,TXN_00000598,339.32,2023-04-08
CUST_0058,TXN_00000599,780.43,2023-04-12
CUST_0043,TXN_00000600,843.94,2023-07-16
CUST_0080,TXN_00000601,31.49,2023-12-30
CUST_0006,TXN_00000602,406.45,2023-11-16
CUST_0036,TXN_00000603,280.12,2023-04-05
CUST_0089,TXN_00000604,102.92,2023-04-15
CUST_0048,TXN_00000605,132.43,2023-01-21
CUST_0064,TXN_00000606,133.14,2023-08-26
CUST_0061,TXN_00000607,834.17,2023-04-25
CUST_0092,TXN_00000608,983.67,2023-05-02
CUST_0015,TXN_00000609,434.09,2023-06-04
CUST_0009,TXN_00000610,303.29,2023-02-24
CUST_0008,TXN_00000611,111.53,2023-06-15
CUST_0010,TXN_00000612,581.53,2023-06-30
CUST_0074,TXN_00000613,633.72,2023-06-20
CUST_0051,TXN_00000614,934.39,2023-02-19
CUST_0076,TXN_00000615,521.2,2023-02-24
CUST_0002,TXN_00000616,546.92,2023-04-02
CUST_0080,TXN_00000617,458.04,2023-06-23
CUST_0096,TXN_00000618,812.58,2023-08-25
CUST_0048,TXN_00000619,711.43,2023-01-05
CUST_0081,TXN_00000620,268.38,2023-11-23
CUST_0068,TXN_00000621,93.8,2023-08-20
CUST_0096,TXN_00000622,790.9,2023-02-02
CUST_0070,TXN_00000623,200.6,2023-08-17
CUST_0070,TXN_00000624,247.01,2023-07-27
CUST_0019,TXN_00000625,472.18,2023-07-21
CUST_0090,TXN_00000626,732.54,2023-06-01
CUST_0079,TXN_00000627,542.82,2023-09-22
CUST_0072,TXN_00000628,352.37,2023-09-23
CUST_0001,TXN_00000629,878.05,2023-08-01
CUST_0097,TXN_00000630,189.19,2023-08-09
CUST_0084,TXN_00000631,892.59,2023-02-20
CUST_0096,TXN_00000632,327.44,2023-05-15
CUST_0048,TXN_00000633,937.19,2023-10-16
CUST_0050,TXN_00000634,957.33,2023-06-20
CUST_0009,TXN_00000635,223.71,2023-03-02
CUST_0051,TXN_00000636,522.88,2023-12-28
CUST_0007,TXN_00000637,422.71,2023-07-03
CUST_0068,TXN_00000638,849.35,2023-11-22
CUST_0054,TXN_00000639,82.37,2023-03-05
CUST_0078,TXN_00000640,114.45,2023-04-07
CUST_0012,TXN_00000641,974.02,2023-12-13
CUST_0002,TXN_00000642,485.35,2023-01-27
CUST_0045,TXN_00000643,740.3,2023-09-18
CUST_0010,TXN_00000644,776.52,2023-11-01
CUST_0033,TXN_00000645,845.59,2023-02-25
CUST_0092,TXN_00000646,997.23,2023-05-03
CUST_0074,TXN_00000647,774.38,2023-10-09
CUST_0095,TXN_00000648,407.18,2023-06-12
CUST_0075,TXN_00000649,412.89,2023-01-10
CUST_0041,TXN_00000650,761.19,2023-12-28
CUST_0035,TXN_00000651,55.95,2023-04-05
CUST_0081,TXN_00000652,155.67,2023-05-13
CUST_0040,TXN_00000653,851.9,2023-04-26
CUST_0008,TXN_00000654,993.79,2023-07-27
CUST_0010,TXN_00000655,954.27,2023-06-26
CUST_0094,TXN_00000656,78.59,2023-07-12
CUST_0056,TXN_00000657,535.0,2023-10-27
CUST_0020,TXN_00000658,250.59,2023-04-04
CUST_0035,TXN_00000659,406.43,2023-12-29
CUST_0050,TXN_00000660,187.68,2023-07-22
CUST_0028,TXN_00000661,586.81,2023-04-25
CUST_0035,TXN_00000662,625.41,2023-09-15
CUST_0009,TXN_00000663,965.22,2023-01-28
CUST_0005,TXN_00000664,434.65,2023-06-21
CUST_0087,TXN_00000665,106.44,2023-03-23
CUST_0093,TXN_00000666,662.53,2023-02-20
CUST_0032,TXN_00000667,92.36,2023-03-26
CUST_0023,TXN_00000668,748.59,2023-07-08
CUST_0077,TXN_00000669,198.07,2023-06-20
CUST_0065,TXN_00000670,368.62,2023-10-23
CUST_0069,TXN_00000671,174.27,2023-03-15
CUST_0086,TXN_00000672,85.59,2023-11-14
CUST_0042,TXN_00000673,673.47,2023-08-21
CUST_0026,TXN_00000674,681.18,2023-09-10
CUST_0023,TXN_00000675,170.4,2023-04-19
CUST_0027,TXN_00000676,239.35,2023-09-07
CUST_0025,TXN_00000677,526.12,2023-09-27
CUST_0068,TXN_00000678,370.65,2023-06-25
CUST_0023,TXN_00000679,456.43,2023-06-15
CUST_0038,TXN_00000680,128.88,2023-06-06
CUST_0066,TXN_00000681,619.41,2023-12-22
CUST_0099,TXN_00000682,544.28,2023-06-20
CUST_0012,TXN_00000683,363.37,2023-04-01
CUST_0090,TXN_00000684,236.6,2023-02-07
CUST_0074,TXN_00000685,942.89,2023-12-28
CUST_0089,TXN_00000686,904.51,2023-02-27
CUST_0016,TXN_00000687,11.26,2023-05-11
CUST_0058,TXN_00000688,374.7,2023-11-24
CUST_0011,TXN_00000689,697.94,2023-09-10
CUST_0046,TXN_00000690,813.88,2023-12-04
CUST_0049,TXN_00000691,826.12,2023-03-12
CUST_0093,TXN_00000692,506.84,2023-01-07
CUST_0011,TXN_00000693,315.55,2023-05-02
CUST_0047,TXN_00000694,15.78,2023-04-04
CUST_0026,TXN_00000695,348.56,2023-06-06
CUST_0053,TXN_00000696,397.89,2023-08-06
CUST_0040,TXN_00000697,917.83,2023-07-25
CUST_0016,TXN_00000698,459.86,2023-03-15
CUST_0086,TXN_00000699,89.34,2023-03-18
CUST_0010,TXN_00000700,53.84,2023-11-14
CUST_0046,TXN_00000701,584.32,2023-01-18
CUST_0051,TXN_00000702,52.69,2023-03-20
CUST_0010,TXN_00000703,728.32,2023-08-18
CUST_0017,TXN_00000704,77.47,2023-07-11
CUST_0025,TXN_00000705,293.14,2023-01-27
CUST_0060,TXN_00000706,289.54,2023-12-19
CUST_0017,TXN_00000707,179.62,2023-01-18
CUST_0032,TXN_00000708,483.39,2023-03-31
CUST_0002,TXN_00000709,372.64,2023-04-13
CUST_0010,TXN_00000710,664.85,2023-11-28
CUST_0015,TXN_00000711,443.57,2023-04-18
CUST_0080,TXN_00000712,687.78,2023-01-07
CUST_0052,TXN_00000713,723.69,2023-07-26
CUST_0085,TXN_00000714,60.5,2023-06-15
CUST_0055,TXN_00000715,352.04,2023-06-19
CUST_0063,TXN_00000716,161.49,2023-01-21
CUST_0003,TXN_00000717,621.06,2023-07-18
CUST_0048,TXN_00000718,701.78,2023-09-28
CUST_0061,TXN_00000719,910.68,2023-06-18
CUST_0068,TXN_00000720,796.33,2023-10-12
CUST_0044,TXN_00000721,86.43,2023-05-28
CUST_0061,TXN_00000722,948.48,2023-05-27
CUST_0063,TXN_00000723,297.83,2023-02-03
CUST_0044,TXN_00000724,637.5,2023-04-16
CUST_0008,TXN_00000725,23.39,2023-12-15
CUST_0067,TXN_00000726,533.51,2023-12-08
CUST_0026,TXN_00000727,977.4,2023-10-25
CUST_0074,TXN_00000728,254.0,2023-03-14
CUST_0066,TXN_00000729,353.64,2023-12-09
CUST_0071,TXN_00000730,735.08,2023-03-02
CUST_0076,TXN_00000731,308.94,2023-03-13
CUST_0044,TXN_00000732,770.17,2023-04-04
CUST_0094,TXN_00000733,815.58,2023-03-08
CUST_0064,TXN_00000734,186.45,2023-02-27
CUST_0041,TXN_00000735,887.91,2023-05-31
CUST_0047,TXN_00000736,880.43,2023-01-16
CUST_0026,TXN_00000737,724.53,2023-02-11
CUST_0040,TXN_00000738,273.99,2023-01-01
CUST_0020,TXN_00000739,262.39,2023-04-24
CUST_0033,TXN_00000740,13.25,2023-11-15
CUST_0035,TXN_00000741,980.87,2023-03-10
CUST_0018,TXN_00000742,254.98,2023-11-30
CUST_0099,TXN_00000743,537.46,2023-04-06
CUST_0055,TXN_00000744,511.68,2023-12-04
CUST_0056,TXN_00000745,315.09,2023-11-22
CUST_0042,TXN_00000746,495.16,2023-03-17
CUST_0034,TXN_00000747,304.36,2023-06-18
CUST_0097,TXN_00000748,153.22,2023-09-08
CUST_0069,TXN_00000749,895.41,2023-05-22
CUST_0030,TXN_00000750,224.63,2023-03-24
CUST_0045,TXN_00000751,945.59,2023-12-16
CUST_0074,TXN_00000752,586.64,2023-01-17
CUST_0030,TXN_00000753,298.67,2023-08-13
CUST_0061,TXN_00000754,639.52,2023-10-20
CUST_0058,TXN_00000755,16.37,2023-01-31
CUST_0052,TXN_00000756,981.03,2023-03-16
CUST_0096,TXN_00000757,154.35,2023-06-22
CUST_0030,TXN_00000758,375.06,2023-03-25
CUST_0006,TXN_00000759,517.96,2023-01-29
CUST_0020,TXN_00000760,226.97,2023-06-04
CUST_0078,TXN_00000761,429.76,2023-02-25
CUST_0094,TXN_00000762,636.19,2023-06-07
CUST_0100,TXN_00000763,618.28,2023-05-05
CUST_0048,TXN_00000764,115.43,2023-03-14
CUST_0007,TXN_00000765,518.85,2023-02-12
CUST_0011,TXN_00000766,712.23,2023-12-04
CUST_0052,TXN_00000767,104.68,2023-06-10
CUST_0079,TXN_00000768,774.11,2023-04-12
CUST_0072,TXN_00000769,369.0,2023-05-18
CUST_0065,TXN_00000770,379.61,2023-05-17
CUST_0070,TXN_00000771,927.57,2023-01-24
CUST_0011,TXN_00000772,806.68,2023-08-14
CUST_0072,TXN_00000773,782.86,2023-05-27
CUST_0095,TXN_00000774,277.29,2023-06-12
CUST_0071,TXN_00000775,496.31,2023-12-17
CUST_0003,TXN_00000776,26.07,2023-01-31
CUST_0061,TXN_00000777,842.06,2023-05-07
CUST_0097,TXN_00000778,186.15,2023-03-05
CUST_0052,TXN_00000779,425.18,2023-04-06
CUST_0024,TXN_00000780,710.5,2023-03-16
CUST_0090,TXN_00000781,180.07,2023-03-30
CUST_0027,TXN_00000782,46.95,2023-08-12
CUST_0026,TXN_00000783,771.11,2023-02-08
CUST_0020,TXN_00000784,404.99,2023-09-14
CUST_0024,TXN_00000785,41.74,2023-02-15
CUST_0032,TXN_00000786,388.25,2023-02-13
CUST_0051,TXN_00000787,348.48,2023-05-11
CUST_0064,TXN_00000788,635.21,2023-09-02
CUST_0067,TXN_00000789,936.78,2023-08-10
CUST_0066,TXN_00000790,927.52,2023-03-17
CUST_0048,TXN_00000791,775.67,2023-06-10
CUST_0027,TXN_00000792,446.43,2023-02-23
CUST_0085,TXN_00000793,868.73,2023-04-11
CUST_0098,TXN_00000794,141.23,2023-07-02
CUST_0072,TXN_00000795,925.75,2023-05-03
CUST_0082,TXN_00000796,490.15,2023-11-08
CUST_0022,TXN_00000797,221.28,2023-06-06
CUST_0077,TXN_00000798,57.63,2023-08-01
CUST_0057,TXN_00000799,56.54,2023-05-09
CUST_0064,TXN_00000800,141.68,2023-06-28
CUST_0022,TXN_00000801,204.74,2023-03-08
CUST_0056,TXN_00000802,767.53,2023-07-02
CUST_0082,TXN_00000803,478.24,2023-08-03
CUST_0026,TXN_00000804,418.84,2023-11-28
CUST_0083,TXN_00000805,435.98,2023-05-22
CUST_0015,TXN_00000806,978.35,2023-08-21
CUST_0004,TXN_00000807,178.32,2023-10-16
CUST_0033,TXN_00000808,223.63,2023-08-28
CUST_0070,TXN_00000809,372.87,2023-12-11
CUST_0080,TXN_00000810,919.84,2023-04-01
CUST_0046,TXN_00000811,61.35,2023-02-17
CUST_0089,TXN_00000812,167.94,2023-08-29
CUST_0032,TXN_00000813,512.98,2023-06-11
CUST_0075,TXN_00000814,55.82,2023-06-23
CUST_0083,TXN_00000815,353.88,2023-11-17
CUST_0038,TXN_00000816,920.08,2023-03-20
CUST_0032,TXN_00000817,772.59,2023-11-23
CUST_0020,TXN_00000818,996.77,2023-01-22
CUST_0083,TXN_00000819,213.45,2023-08-02
CUST_0095,TXN_00000820,219.35,2023-09-19
CUST_0100,TXN_00000821,204.42,2023-01-16
CUST_0020,TXN_00000822,63.37,2023-03-05
CUST_0036,TXN_00000823,120.24,2023-05-08
CUST_0037,TXN_00000824,728.39,2023-12-14
CUST_0077,TXN_00000825,518.65,2023-04-08
CUST_0080,TXN_00000826,285.69,2023-11-15
CUST_0046,TXN_00000827,444.87,2023-06-15
CUST_0047,TXN_00000828,806.96,2023-01-26
CUST_0011,TXN_00000829,245.25,2023-11-20
CUST_0085,TXN_00000830,833.92,2023-12-21
CUST_0024,TXN_00000831,724.19,2023-08-31
CUST_0038,TXN_00000832,865.79,2023-05-03
CUST_0092,TXN_00000833,687.89,2023-10-03
CUST_0020,TXN_00000834,147.61,2023-10-02
CUST_0077,TXN_00000835,576.21,2023-04-16
CUST_0024,TXN_00000836,983.48,2023-12-01
CUST_0020,TXN_00000837,767.04,2023-02-15
CUST_0071,TXN_00000838,313.01,2023-10-16
CUST_0015,TXN_00000839,965.54,2023-04-10
CUST_0080,TXN_00000840,24.7,2023-12-08
CUST_0006,TXN_00000841,999.23,2023-03-29
CUST_0019,TXN_00000842,516.48,2023-09-27
CUST_0063,TXN_00000843,712.33,2023-06-08
CUST_0064,TXN_00000844,24.48,2023-04-30
CUST_0073,TXN_00000845,364.15,2023-09-30
CUST_0026,TXN_00000846,719.41,2023-04-01
CUST_0054,TXN_00000847,98.86,2023-08-15
CUST_0019,TXN_00000848,503.4,2023-08-31
CUST_0027,TXN_00000849,671.37,2023-06-07
CUST_0041,TXN_00000850,151.94,2023-05-19
CUST_0013,TXN_00000851,589.62,2023-11-26
CUST_0048,TXN_00000852,798.37,2023-10-06
CUST_0056,TXN_00000853,146.83,2023-08-08
CUST_0039,TXN_00000854,63.31,2023-07-09
CUST_0058,TXN_00000855,650.07,2023-10-05
CUST_0093,TXN_00000856,698.43,2023-01-29
CUST_0050,TXN_00000857,822.34,2023-12-04
CUST_0091,TXN_00000858,489.34,2023-06-27
CUST_0004,TXN_00000859,597.26,2023-01-02
CUST_0022,TXN_00000860,925.89,2023-07-14
CUST_0083,TXN_00000861,690.64,2023-01-06
CUST_0063,TXN_00000862,151.66,2023-05-30
CUST_0089,TXN_00000863,527.05,2023-04-24
CUST_0042,TXN_00000864,530.16,2023-02-18
CUST_0077,TXN_00000865,755.68,2023-11-08
CUST_0048,TXN_00000866,358.68,2023-01-26
CUST_0040,TXN_00000867,436.66,2023-10-19
CUST_0026,TXN_00000868,479.48,2023-07-03
CUST_0041,TXN_00000869,764.43,2023-07-27
CUST_0022,TXN_00000870,731.01,2023-07-09
CUST_0023,TXN_00000871,511.0,2023-06-09
CUST_0023,TXN_00000872,630.53,2023-01-04
CUST_0007,TXN_00000873,941.47,2023-02-14
CUST_0030,TXN_00000874,671.2,2023-09-29
CUST_0029,TXN_00000875,131.24,2023-03-21
CUST_0067,TXN_00000876,951.25,2023-06-24
CUST_0093,TXN_00000877,783.84,2023-01-05
CUST_0010,TXN_00000878,557.45,2023-09-02
CUST_0027,TXN_00000879,162.58,2023-04-25
CUST_0062,TXN_00000880,135.21,2023-05-03
CUST_0028,TXN_00000881,456.98,2023-08-21
CUST_0055,TXN_00000882,677.67,2023-04-03
CUST_0038,TXN_00000883,986.34,2023-06-18
CUST_0032,TXN_00000884,908.86,2023-08-24
CUST_0004,TXN_00000885,716.35,2023-09-21
CUST_0053,TXN_00000886,170.43,2023-09-04
CUST_0097,TXN_00000887,373.63,2023-12-24
CUST_0064,TXN_00000888,347.15,2023-06-29
CUST_0081,TXN_00000889,989.76,2023-02-17
CUST_0001,TXN_00000890,524.44,2023-11-07
CUST_0036,TXN_00000891,165.68,2023-11-12
CUST_0029,TXN_00000892,461.14,2023-11-26
CUST_0053,TXN_00000893,532.67,2023-12-05
CUST_0077,TXN_00000894,141.28,2023-04-11
CUST_0028,TXN_00000895,78.02,2023-03-18
CUST_0081,TXN_00000896,888.72,2023-01-30
CUST_0039,TXN_00000897,175.05,2023-07-29
CUST_0043,TXN_00000898,257.95,2023-12-09
CUST_0069,TXN_00000899,946.6,2023-05-21
CUST_0067,TXN_00000900,484.07,2023-01-12
CUST_0012,TXN_00000901,887.19,2023-12-07
CUST_0035,TXN_00000902,118.67,2023-05-07
CUST_0029,TXN_00000903,542.09,2023-03-01
CUST_0033,TXN_00000904,832.72,2023-02-10
CUST_0080,TXN_00000905,773.64,2023-09-20
CUST_0082,TXN_00000906,809.88,2023-11-08
CUST_0045,TXN_00000907,169.84,2023-06-09
CUST_0095,TXN_00000908,915.74,2023-05-06
CUST_0051,TXN_00000909,269.62,2023-03-10
CUST_0036,TXN_00000910,655.86,2023-08-10
CUST_0096,TXN_00000911,786.1,2023-09-25
CUST_0040,TXN_00000912,100.95,2023-09-11
CUST_0090,TXN_00000913,630.5,2023-07-13
CUST_0018,TXN_00000914,396.28,2023-11-03
CUST_0023,TXN_00000915,435.43,2023-12-29
CUST_0016,TXN_00000916,332.51,2023-06-06
CUST_0031,TXN_00000917,727.76,2023-04-18
CUST_0052,TXN_00000918,414.15,2023-03-05
CUST_0031,TXN_00000919,659.64,2023-09-13
CUST_0076,TXN_00000920,342.68,2023-04-02
CUST_0043,TXN_00000921,541.47,2023-08-11
CUST_0014,TXN_00000922,218.24,2023-08-30
CUST_0019,TXN_00000923,312.16,2023-11-20
CUST_0069,TXN_00000924,271.42,2023-04-08
CUST_0062,TXN_00000925,548.21,2023-05-11
CUST_0054,TXN_00000926,728.86,2023-11-18
CUST_0090,TXN_00000927,453.56,2023-10-13
CUST_0008,TXN_00000928,620.28,2023-12-21
CUST_0033,TXN_00000929,75.83,2023-03-19
CUST_0024,TXN_00000930,615.25,2023-01-30
CUST_0082,TXN_00000931,838.21,2023-03-05
CUST_0089,TXN_00000932,391.85,2023-05-22
CUST_0040,TXN_00000933,995.25,2023-06-15
CUST_0070,TXN_00000934,230.34,2023-03-21
CUST_0063,TXN_00000935,469.82,2023-03-22
CUST_0007,TXN_00000936,433.16,2023-06-28
CUST_0009,TXN_00000937,161.99,2023-05-08
CUST_0019,TXN_00000938,458.83,2023-09-09
CUST_0076,TXN_00000939,603.31,2023-11-26
CUST_0019,TXN_00000940,446.92,2023-10-23
CUST_0040,TXN_00000941,438.37,2023-01-01
CUST_0001,TXN_00000942,149.77,2023-03-03
CUST_0029,TXN_00000943,670.66,2023-01-16
CUST_0018,TXN_00000944,42.06,2023-12-29
CUST_0073,TXN_00000945,847.92,2023-02-16
CUST_0064,TXN_00000946,228.58,2023-06-30
CUST_0068,TXN_00000947,557.69,2023-08-01
CUST_0095,TXN_00000948,884.57,2023-06-15
CUST_0033,TXN_00000949,612.94,2023-09-21
CUST_0043,TXN_00000950,907.91,2023-12-02
CUST_0006,TXN_00000951,949.75,2023-12-22
CUST_0023,TXN_00000952,816.38,2023-04-01
CUST_0016,TXN_00000953,677.44,2023-02-06
CUST_0050,TXN_00000954,312.75,2023-03-01
CUST_0015,TXN_00000955,783.46,2023-08-27
CUST_0023,TXN_00000956,540.81,2023-02-13
CUST_0095,TXN_00000957,710.65,2023-04-29
CUST_0016,TXN_00000958,283.51,2023-04-08
CUST_0020,TXN_00000959,56.23,2023-06-04
CUST_0070,TXN_00000960,651.6,2023-12-21
CUST_0046,TXN_00000961,535.28,2023-10-08
CUST_0051,TXN_00000962,285.46,2023-12-14
CUST_0028,TXN_00000963,241.85,2023-04-03
CUST_0013,TXN_00000964,914.74,2023-05-30
CUST_0045,TXN_00000965,154.62,2023-07-16
CUST_0063,TXN_00000966,619.37,2023-12-20
CUST_0012,TXN_00000967,596.15,2023-04-10
CUST_0017,TXN_00000968,288.6,2023-02-24
CUST_0032,TXN_00000969,944.8,2023-12-21
CUST_0054,TXN_00000970,290.44,2023-07-30
CUST_0092,TXN_00000971,881.18,2023-07-25
CUST_0079,TXN_00000972,663.0,2023-10-04
CUST_0097,TXN_00000973,803.35,2023-08-31
CUST_0045,TXN_00000974,604.13,2023-01-29
CUST_0007,TXN_00000975,307.46,2023-04-01
CUST_0028,TXN_00000976,890.92,2023-12-11
CUST_0051,TXN_00000977,66.98,2023-12-01
CUST_0085,TXN_00000978,189.63,2023-10-20
CUST_0059,TXN_00000979,615.86,2023-12-31
CUST_0063,TXN_00000980,672.78,2023-02-23
CUST_0074,TXN_00000981,730.39,2023-12-22
CUST_0019,TXN_00000982,988.64,2023-10-15
CUST_0050,TXN_00000983,253.84,2023-09-06
CUST_0050,TXN_00000984,110.98,2023-03-02
CUST_0042,TXN_00000985,998.83,2023-08-13
CUST_0030,TXN_00000986,581.46,2023-10-17
CUST_0012,TXN_00000987,318.46,2023-09-25
CUST_0007,TXN_00000988,424.1,2023-07-28
CUST_0075,TXN_00000989,227.74,2023-10-06
CUST_0007,TXN_00000990,371.17,2023-01-23
CUST_0005,TXN_00000991,669.97,2023-05-06
CUST_0052,TXN_00000992,358.81,2023-07-04
CUST_0057,TXN_00000993,217.14,2023-06-25
CUST_0081,TXN_00000994,128.1,2023-10-15
CUST_0060,TXN_00000995,208.51,2023-01-03
CUST_0028,TXN_00000996,573.34,2023-09-08
CUST_0042,TXN_00000997,771.51,2023-01-10
CUST_0052,TXN_00000998,905.53,2023-07-14
CUST_0092,TXN_00000999,576.08,2023-12-03
CUST_0035,TXN_00001000,290.24,2023-12-29
CUST_0003,TXN_00001001,463.21,2023-12-07
CUST_0037,TXN_00001002,324.21,2023-12-17
CUST_0015,TXN_00001003,431.29,2023-06-12
CUST_0070,TXN_00001004,280.33,2023-07-23
CUST_0044,TXN_00001005,419.77,2023-07-04
CUST_0032,TXN_00001006,65.54,2023-12-16
CUST_0004,TXN_00001007,17.83,2023-06-21
CUST_0034,TXN_00001008,602.79,2023-12-16
CUST_0077,TXN_00001009,857.12,2023-01-21
CUST_0017,TXN_00001010,13.5,2023-06-26
CUST_0022,TXN_00001011,308.37,2023-05-30
CUST_0016,TXN_00001012,638.23,2023-12-23
CUST_0017,TXN_00001013,557.71,2023-04-26
CUST_0058,TXN_00001014,130.6,2023-04-14
CUST_0073,TXN_00001015,404.32,2023-08-30
CUST_0055,TXN_00001016,727.21,2023-04-23
CUST_0010,TXN_00001017,765.54,2023-09-17
CUST_0041,TXN_00001018,142.27,2023-10-02
CUST_0028,TXN_00001019,955.49,2023-03-31
CUST_0089,TXN_00001020,914.34,2023-03-14
CUST_0098,TXN_00001021,582.62,2023-07-19
CUST_0048,TXN_00001022,515.17,2023-04-19
CUST_0076,TXN_00001023,968.73,2023-12-19
CUST_0023,TXN_00001024,548.3,2023-10-12
CUST_0061,TXN_00001025,826.16,2023-05-14
CUST_0043,TXN_00001026,955.41,2023-03-04
CUST_0031,TXN_00001027,262.14,2023-01-31
CUST_0095,TXN_00001028,504.35,2023-05-21
CUST_0066,TXN_00001029,920.97,2023-06-21
CUST_0007,TXN_00001030,917.11,2023-06-12
CUST_0095,TXN_00001031,630.97,2023-12-04
CUST_0007,TXN_00001032,770.01,2023-06-30
CUST_0048,TXN_00001033,756.1,2023-08-11
CUST_0011,TXN_00001034,259.55,2023-02-20
CUST_0031,TXN_00001035,492.6,2023-06-28
CUST_0031,TXN_00001036,764.4,2023-07-06
CUST_0049,TXN_00001037,510.0,2023-02-25
CUST_0070,TXN_00001038,558.21,2023-09-17
CUST_0017,TXN_00001039,718.51,2023-03-17
CUST_0033,TXN_00001040,324.95,2023-08-12
CUST_0026,TXN_00001041,240.5,2023-11-07
CUST_0079,TXN_00001042,916.75,2023-12-09
CUST_0050,TXN_00001043,48.38,2023-09-21
CUST_0079,TXN_00001044,220.27,2023-08-01
CUST_0088,TXN_00001045,18.87,2023-09-06
CUST_0039,TXN_00001046,811.58,2023-01-29
CUST_0045,TXN_00001047,958.05,2023-09-05
CUST_0092,TXN_00001048,87.1,2023-03-13
CUST_0040,TXN_00001049,339.45,2023-09-11
CUST_0096,TXN_00001050,951.41,2023-12-02
CUST_0041,TXN_00001051,480.59,2023-06-16
CUST_0029,TXN_00001052,984.23,2023-03-10
CUST_0090,TXN_00001053,313.23,2023-01-05
CUST_0028,TXN_00001054,770.78,2023-03-26
CUST_0077,TXN_00001055,877.24,2023-04-03
CUST_0055,TXN_00001056,986.23,2023-12-27
CUST_0064,TXN_00001057,743.13,2023-04-11
CUST_0054,TXN_00001058,841.21,2023-02-24
CUST_0052,TXN_00001059,401.47,2023-11-16
CUST_0097,TXN_00001060,733.91,2023-08-30
CUST_0082,TXN_00001061,562.63,2023-10-20
CUST_0020,TXN_00001062,90.37,2023-10-10
CUST_0013,TXN_00001063,372.49,2023-10-07
CUST_0077,TXN_00001064,415.56,2023-05-02
CUST_0019,TXN_00001065,388.71,2023-02-11
CUST_0099,TXN_00001066,809.04,2023-01-05
CUST_0016,TXN_00001067,720.0,2023-11-13
CUST_0026,TXN_00001068,613.99,2023-02-15
CUST_0079,TXN_00001069,581.08,2023-02-02
CUST_0057,TXN_00001070,613.8,2023-05-28
CUST_0050,TXN_00001071,150.21,2023-09-23
CUST_0060,TXN_00001072,394.86,2023-12-30
CUST_0032,TXN_00001073,217.59,2023-08-02
CUST_0023,TXN_00001074,957.49,2023-05-01
CUST_0062,TXN_00001075,380.53,2023-11-16
CUST_0055,TXN_00001076,918.02,2023-05-15
CUST_0053,TXN_00001077,907.87,2023-04-01
CUST_0011,TXN_00001078,143.1,2023-10-14
CUST_0051,TXN_00001079,10.72,2023-12-11
CUST_0061,TXN_00001080,431.2,2023-04-27
CUST_0065,TXN_00001081,428.71,2023-09-05
CUST_0044,TXN_00001082,749.34,2023-10-27
CUST_0002,TXN_00001083,844.08,2023-04-25
CUST_0091,TXN_00001084,107.13,2023-03-04
CUST_0041,TXN_00001085,970.32,2023-05-15
CUST_0100,TXN_00001086,747.22,2023-08-03
CUST_0087,TXN_00001087,733.89,2023-01-25
CUST_0054,TXN_00001088,367.66,2023-03-26
CUST_0007,TXN_00001089,330.76,2023-10-14
CUST_0035,TXN_00001090,988.27,2023-05-08
CUST_0074,TXN_00001091,778.31,2023-04-13
CUST_0093,TXN_00001092,28.62,2023-07-19
CUST_0047,TXN_00001093,741.82,2023-11-12
CUST_0051,TXN_00001094,987.36,2023-10-31
CUST_0050,TXN_00001095,973.74,2023-07-13
CUST_0068,TXN_00001096,969.92,2023-09-12
CUST_0013,TXN_00001097,480.26,2023-03-17
CUST_0096,TXN_00001098,534.75,2023-06-26
CUST_0039,TXN_00001099,207.4,2023-09-26
CUST_0049,TXN_00001100,536.82,2023-06-12
CUST_0004,TXN_00001101,807.19,2023-10-09
CUST_0049,TXN_00001102,892.75,2023-11-24
CUST_0086,TXN_00001103,151.53,2023-08-15
CUST_0055,TXN_00001104,322.47,2023-06-11
CUST_0093,TXN_00001105,494.63,2023-06-12
CUST_0044,TXN_00001106,765.02,2023-12-12
CUST_0093,TXN_00001107,379.77,2023-04-01
CUST_0059,TXN_00001108,945.85,2023-10-19
CUST_0070,TXN_00001109,608.87,2023-07-27
CUST_0063,TXN_00001110,931.2,2023-07-30
CUST_0064,TXN_00001111,970.87,2023-12-04
CUST_0048,TXN_00001112,870.77,2023-07-08
CUST_0089,TXN_00001113,407.51,2023-01-04
CUST_0011,TXN_00001114,993.72,2023-08-22
CUST_0067,TXN_00001115,53.35,2023-03-28
CUST_0068,TXN_00001116,906.47,2023-08-07
CUST_0025,TXN_00001117,617.64,2023-07-02
CUST_0075,TXN_00001118,663.82,2023-07-03
CUST_0087,TXN_00001119,980.26,2023-10-31
CUST_0063,TXN_00001120,788.68,2023-03-08
CUST_0021,TXN_00001121,412.69,2023-08-18
CUST_0045,TXN_00001122,26.52,2023-11-01
CUST_0075,TXN_00001123,653.02,2023-01-16
CUST_0078,TXN_00001124,854.58,2023-09-14
CUST_0100,TXN_00001125,843.04,2023-08-02
CUST_0048,TXN_00001126,473.46,2023-01-19
CUST_0081,TXN_00001127,964.22,2023-01-19
CUST_0090,TXN_00001128,73.99,2023-09-15
CUST_0007,TXN_00001129,647.86,2023-08-23
CUST_0013,TXN_00001130,987.0,2023-03-17
CUST_0066,TXN_00001131,344.85,2023-09-13
CUST_0033,TXN_00001132,156.47,2023-10-02
CUST_0014,TXN_00001133,948.93,2023-02-01
CUST_0056,TXN_00001134,789.66,2023-02-18
CUST_0055,TXN_00001135,526.91,2023-04-13
CUST_0050,TXN_00001136,587.34,2023-01-11
CUST_0009,TXN_00001137,781.81,2023-10-11
CUST_0010,TXN_00001138,613.11,2023-12-07
CUST_0095,TXN_00001139,319.53,2023-12-24
CUST_0061,TXN_00001140,490.91,2023-02-16
CUST_0056,TXN_00001141,905.64,2023-09-03
CUST_0014,TXN_00001142,435.67,2023-12-29
CUST_0050,TXN_00001143,962.18,2023-10-31
CUST_0080,TXN_00001144,914.05,2023-11-05
CUST_0029,TXN_00001145,706.12,2023-03-10
CUST_0020,TXN_00001146,859.05,2023-03-07
CUST_0070,TXN_00001147,132.31,2023-06-04
CUST_0045,TXN_00001148,307.47,2023-06-12
CUST_0084,TXN_00001149,355.9,2023-06-30
CUST_0025,TXN_00001150,24.09,2023-10-01
CUST_0095,TXN_00001151,495.32,2023-03-27
CUST_0060,TXN_00001152,205.58,2023-06-21
CUST_0005,TXN_00001153,793.02,2023-01-07
CUST_0082,TXN_00001154,734.28,2023-05-21
CUST_0058,TXN_00001155,35.47,2023-11-10
CUST_0091,TXN_00001156,188.93,2023-03-31
CUST_0001,TXN_00001157,593.21,2023-08-07
CUST_0064,TXN_00001158,320.43,2023-03-15
CUST_0037,TXN_00001159,766.2,2023-01-13
CUST_0016,TXN_00001160,738.39,2023-06-15
CUST_0018,TXN_00001161,669.67,2023-08-29
CUST_0083,TXN_00001162,176.21,2023-10-08
CUST_0007,TXN_00001163,478.3,2023-01-05
CUST_0012,TXN_00001164,294.97,2023-07-23
CUST_0022,TXN_00001165,730.57,2023-03-09
CUST_0056,TXN_00001166,155.97,2023-10-04
CUST_0041,TXN_00001167,511.18,2023-07-15
CUST_0053,TXN_00001168,424.14,2023-06-15
CUST_0037,TXN_00001169,920.01,2023-01-04
CUST_0083,TXN_00001170,448.16,2023-07-02
CUST_0081,TXN_00001171,391.06,2023-04-17
CUST_0004,TXN_00001172,32.99,2023-11-04
CUST_0033,TXN_00001173,832.01,2023-06-07
CUST_0081,TXN_00001174,691.23,2023-08-19
CUST_0027,TXN_00001175,352.07,2023-07-27
CUST_0065,TXN_00001176,392.02,2023-05-04
CUST_0061,TXN_00001177,155.53,2023-09-01
CUST_0013,TXN_00001178,91.28,2023-02-14
CUST_0095,TXN_00001179,692.24,2023-08-14
CUST_0001,TXN_00001180,87.05,2023-07-14
CUST_0002,TXN_00001181,822.18,2023-12-27
CUST_0059,TXN_00001182,122.43,2023-06-27
CUST_0058,TXN_00001183,234.0,2023-03-15
CUST_0078,TXN_00001184,796.57,2023-07-25
CUST_0072,TXN_00001185,227.11,2023-11-28
CUST_0087,TXN_00001186,821.53,2023-04-08
CUST_0044,TXN_00001187,421.34,2023-05-31
CUST_0071,TXN_00001188,930.15,2023-12-23
CUST_0094,TXN_00001189,144.92,2023-12-12
CUST_0050,TXN_00001190,892.23,2023-01-10
CUST_0057,TXN_00001191,730.7,2023-02-13
CUST_0079,TXN_00001192,625.9,2023-04-20
CUST_0100,TXN_00001193,475.81,2023-12-02
CUST_0060,TXN_00001194,786.69,2023-01-31
CUST_0069,TXN_00001195,847.03,2023-10-17
CUST_0085,TXN_00001196,138.73,2023-07-09
CUST_0053,TXN_00001197,618.76,2023-06-03
CUST_0075,TXN_00001198,375.9,2023-10-23
CUST_0080,TXN_00001199,24.2,2023-08-29
CUST_0036,TXN_00001200,137.77,2023-06-01
CUST_0020,TXN_00001201,339.17,2023-01-17
CUST_0019,TXN_00001202,633.62,2023-04-01
CUST_0029,TXN_00001203,869.57,2023-11-12
CUST_0054,TXN_00001204,356.16,2023-05-14
CUST_0099,TXN_00001205,376.99,2023-05-09
CUST_0080,TXN_00001206,196.69,2023-07-01
CUST_0045,TXN_00001207,478.18,2023-06-19
CUST_0027,TXN_00001208,220.18,2023-08-11
CUST_0005,TXN_00001209,295.09,2023-04-24
CUST_0006,TXN_00001210,354.28,2023-03-16
CUST_0073,TXN_00001211,292.46,2023-06-21
CUST_0077,TXN_00001212,362.17,2023-08-15
CUST_0019,TXN_00001213,470.59,2023-11-25
CUST_0049,TXN_00001214,62.33,2023-08-24
CUST_0093,TXN_00001215,486.4,2023-09-20
CUST_0063,TXN_00001216,462.13,2023-09-01
CUST_0025,TXN_00001217,380.91,2023-07-15
CUST_0001,TXN_00001218,492.24,2023-07-24
CUST_0053,TXN_00001219,780.38,2023-07-30
CUST_0055,TXN_00001220,785.89,2023-10-01
CUST_0096,TXN_00001221,400.69,2023-04-12
CUST_0069,TXN_00001222,700.9,2023-09-13
CUST_0096,TXN_00001223,271.62,2023-12-12
CUST_0086,TXN_00001224,889.1,2023-11-08
CUST_0095,TXN_00001225,824.35,2023-03-02
CUST_0007,TXN_00001226,505.14,2023-02-05
CUST_0058,TXN_00001227,926.0,2023-05-13
CUST_0064,TXN_00001228,872.24,2023-07-16
CUST_0033,TXN_00001229,542.05,2023-01-07
CUST_0080,TXN_00001230,604.51,2023-12-20
CUST_0048,TXN_00001231,369.49,2023-07-25
CUST_0020,TXN_00001232,173.12,2023-04-26
CUST_0052,TXN_00001233,723.3,2023-03-10
CUST_0025,TXN_00001234,307.18,2023-06-14
CUST_0034,TXN_00001235,58.39,2023-06-25
CUST_0024,TXN_00001236,128.22,2023-03-24
CUST_0049,TXN_00001237,956.79,2023-02-02
CUST_0024,TXN_00001238,77.09,2023-10-07
CUST_0076,TXN_00001239,311.81,2023-10-26
CUST_0068,TXN_00001240,961.7,2023-03-13
CUST_0033,TXN_00001241,149.69,2023-09-21
CUST_0076,TXN_00001242,178.3,2023-04-19
CUST_0041,TXN_00001243,750.79,2023-01-12
CUST_0067,TXN_00001244,373.09,2023-11-08
CUST_0092,TXN_00001245,994.43,2023-10-22
CUST_0059,TXN_00001246,976.69,2023-08-07
CUST_0053,TXN_00001247,788.99,2023-04-30
CUST_0019,TXN_00001248,396.54,2023-05-16
CUST_0013,TXN_00001249,805.18,2023-04-16
CUST_0082,TXN_00001250,879.88,2023-08-24
CUST_0085,TXN_00001251,916.94,2023-08-21
CUST_0023,TXN_00001252,924.75,2023-03-17
CUST_0066,TXN_00001253,810.15,2023-10-24
CUST_0023,TXN_00001254,284.27,2023-06-24
CUST_0047,TXN_00001255,856.9,2023-03-16
CUST_0011,TXN_00001256,719.61,2023-05-30
CUST_0007,TXN_00001257,139.33,2023-07-21
CUST_0011,TXN_00001258,809.47,2023-11-15
CUST_0097,TXN_00001259,918.52,2023-08-23
CUST_0031,TXN_00001260,149.68,2023-09-06
CUST_0067,TXN_00001261,825.25,2023-12-25
CUST_0056,TXN_00001262,752.4,2023-05-21
CUST_0094,TXN_00001263,439.71,2023-02-01
CUST_0019,TXN_00001264,333.58,2023-01-29
CUST_0007,TXN_00001265,175.14,2023-07-29
CUST_0023,TXN_00001266,330.06,2023-01-15
CUST_0087,TXN_00001267,909.7,2023-09-19
CUST_0035,TXN_00001268,885.35,2023-01-21
CUST_0027,TXN_00001269,96.7,2023-12-24
CUST_0058,TXN_00001270,99.21,2023-07-31
CUST_0041,TXN_00001271,535.67,2023-01-22
CUST_0068,TXN_00001272,808.12,2023-07-04
CUST_0062,TXN_00001273,586.29,2023-07-14
CUST_0099,TXN_00001274,481.91,2023-02-12
CUST_0031,TXN_00001275,499.66,2023-08-30
CUST_0068,TXN_00001276,752.0,2023-07-29
CUST_0061,TXN_00001277,583.19,2023-09-10
CUST_0079,TXN_00001278,754.48,2023-10-23
CUST_0031,TXN_00001279,999.75,2023-10-28
CUST_0080,TXN_00001280,410.3,2023-06-07
CUST_0095,TXN_00001281,423.91,2023-04-28
CUST_0041,TXN_00001282,183.78,2023-07-18
CUST_0060,TXN_00001283,874.69,2023-10-16
CUST_0079,TXN_00001284,811.27,2023-05-05
CUST_0097,TXN_00001285,609.78,2023-02-11
CUST_0046,TXN_00001286,10.68,2023-04-23
CUST_0065,TXN_00001287,567.09,2023-10-14
CUST_0081,TXN_00001288,726.81,2023-11-17
CUST_0095,TXN_00001289,996.27,2023-05-21
CUST_0068,TXN_00001290,858.63,2023-12-03
CUST_0078,TXN_00001291,337.82,2023-10-14
CUST_0035,TXN_00001292,602.2,2023-07-05
CUST_0013,TXN_00001293,570.75,2023-12-18
CUST_0032,TXN_00001294,41.61,2023-12-15
CUST_0072,TXN_00001295,721.07,2023-09-18
CUST_0096,TXN_00001296,265.07,2023-01-13
CUST_0042,TXN_00001297,749.69,2023-01-01
CUST_0019,TXN_00001298,318.77,2023-06-07
CUST_0074,TXN_00001299,692.12,2023-10-25
CUST_0024,TXN_00001300,660.55,2023-06-14
CUST_0054,TXN_00001301,420.23,2023-08-22
CUST_0005,TXN_00001302,581.05,2023-08-31
CUST_0005,TXN_00001303,188.61,2023-03-22
CUST_0084,TXN_00001304,806.6,2023-05-04
CUST_0098,TXN_00001305,573.57,2023-09-24
CUST_0057,TXN_00001306,223.96,2023-01-22
CUST_0041,TXN_00001307,580.26,2023-12-20
CUST_0041,TXN_00001308,890.6,2023-11-09
CUST_0054,TXN_00001309,640.97,2023-09-12
CUST_0051,TXN_00001310,864.46,2023-03-18
CUST_0083,TXN_00001311,469.61,2023-03-08
CUST_0099,TXN_00001312,800.34,2023-02-14
CUST_0062,TXN_00001313,811.28,2023-11-16
CUST_0001,TXN_00001314,950.08,2023-06-13
CUST_0010,TXN_00001315,88.8,2023-09-18
CUST_0080,TXN_00001316,252.93,2023-03-02
CUST_0001,TXN_00001317,810.94,2023-10-28
CUST_0037,TXN_00001318,39.52,2023-10-04
CUST_0056,TXN_00001319,556.11,2023-02-10
CUST_0080,TXN_00001320,527.08,2023-12-30
CUST_0034,TXN_00001321,198.3,2023-12-06
CUST_0073,TXN_00001322,683.21,2023-09-14
CUST_0008,TXN_00001323,566.45,2023-06-24
CUST_0056,TXN_00001324,883.82,2023-12-09
CUST_0027,TXN_00001325,788.17,2023-01-10
CUST_0040,TXN_00001326,576.61,2023-04-11
CUST_0029,TXN_00001327,139.3,2023-09-12
CUST_0036,TXN_00001328,678.69,2023-06-22
CUST_0091,TXN_00001329,36.72,2023-01-23
CUST_0075,TXN_00001330,802.4,2023-06-10
CUST_0039,TXN_00001331,443.02,2023-11-18
CUST_0044,TXN_00001332,434.56,2023-09-20
CUST_0034,TXN_00001333,201.02,2023-10-05
CUST_0084,TXN_00001334,471.0,2023-06-18
CUST_0089,TXN_00001335,473.64,2023-04-26
CUST_0091,TXN_00001336,618.65,2023-07-23
CUST_0024,TXN_00001337,699.58,2023-05-11
CUST_0030,TXN_00001338,145.89,2023-09-21
CUST_0055,TXN_00001339,378.52,2023-12-11
CUST_0071,TXN_00001340,75.63,2023-08-23
CUST_0011,TXN_00001341,16.23,2023-12-12
CUST_0094,TXN_00001342,735.56,2023-01-03
CUST_0093,TXN_00001343,153.23,2023-01-14
CUST_0070,TXN_00001344,54.61,2023-08-07
CUST_0027,TXN_00001345,113.24,2023-01-16
CUST_0046,TXN_00001346,492.05,2023-04-19
CUST_0027,TXN_00001347,584.8,2023-01-09
CUST_0040,TXN_00001348,412.11,2023-04-15
CUST_0039,TXN_00001349,651.49,2023-09-30
CUST_0075,TXN_00001350,142.23,2023-05-17
CUST_0098,TXN_00001351,417.04,2023-12-29
CUST_0081,TXN_00001352,591.57,2023-04-03
CUST_0051,TXN_00001353,900.2,2023-04-20
CUST_0071,TXN_00001354,923.76,2023-09-07
CUST_0005,TXN_00001355,962.65,2023-03-01
CUST_0083,TXN_00001356,66.14,2023-08-27
CUST_0035,TXN_00001357,421.41,2023-03-03
CUST_0044,TXN_00001358,131.51,2023-04-15
CUST_0045,TXN_00001359,26.99,2023-04-24
CUST_0060,TXN_00001360,433.24,2023-06-04
CUST_0050,TXN_00001361,493.18,2023-04-06
CUST_0039,TXN_00001362,669.74,2023-05-06
CUST_0030,TXN_00001363,279.13,2023-12-18
CUST_0030,TXN_00001364,335.4,2023-09-02
CUST_0020,TXN_00001365,48.56,2023-08-06
CUST_0022,TXN_00001366,14.96,2023-12-08
CUST_0043,TXN_00001367,944.59,2023-11-03
CUST_0094,TXN_00001368,909.56,2023-06-29
CUST_0015,TXN_00001369,762.27,2023-11-10
CUST_0083,TXN_00001370,129.95,2023-05-21
CUST_0032,TXN_00001371,975.23,2023-11-26
CUST_0083,TXN_00001372,781.87,2023-07-25
CUST_0087,TXN_00001373,772.25,2023-12-05
CUST_0037,TXN_00001374,929.23,2023-08-30
CUST_0043,TXN_00001375,73.35,2023-09-21
CUST_0046,TXN_00001376,540.34,2023-09-26
CUST_0012,TXN_00001377,513.06,2023-02-24
CUST_0061,TXN_00001378,240.03,2023-08-23
CUST_0058,TXN_00001379,393.1,2023-02-01
CUST_0003,TXN_00001380,796.43,2023-03-22
CUST_0050,TXN_00001381,315.84,2023-04-24
CUST_0072,TXN_00001382,303.62,2023-07-16
CUST_0054,TXN_00001383,434.8,2023-12-15
CUST_0084,TXN_00001384,750.24,2023-01-15
CUST_0056,TXN_00001385,211.06,2023-05-08
CUST_0005,TXN_00001386,991.06,2023-03-10
CUST_0079,TXN_00001387,949.66,2023-07-23
CUST_0073,TXN_00001388,168.64,2023-12-14
CUST_0069,TXN_00001389,135.65,2023-10-24
CUST_0093,TXN_00001390,455.72,2023-08-05
CUST_0048,TXN_00001391,385.79,2023-05-20
CUST_0072,TXN_00001392,221.44,2023-11-15
CUST_0005,TXN_00001393,73.93,2023-11-06
CUST_0068,TXN_00001394,709.21,2023-09-03
CUST_0059,TXN_00001395,41.88,2023-04-29
CUST_0057,TXN_00001396,478.75,2023-08-31
CUST_0055,TXN_00001397,731.95,2023-02-19
CUST_0082,TXN_00001398,948.61,2023-07-18
CUST_0074,TXN_00001399,753.76,2023-08-31
CUST_0008,TXN_00001400,169.33,2023-03-14
CUST_0001,TXN_00001401,17.17,2023-02-06
CUST_0088,TXN_00001402,975.43,2023-01-29
CUST_0064,TXN_00001403,833.82,2023-05-31
CUST_0010,TXN_00001404,943.06,2023-05-04
CUST_0014,TXN_00001405,55.7,2023-07-01
CUST_0041,TXN_00001406,607.28,2023-02-18
CUST_0050,TXN_00001407,75.17,2023-05-30
CUST_0086,TXN_00001408,218.57,2023-04-11
CUST_0039,TXN_00001409,785.22,2023-03-03
CUST_0038,TXN_00001410,931.64,2023-03-15
CUST_0095,TXN_00001411,751.91,2023-09-03
CUST_0071,TXN_00001412,278.7,2023-06-05
CUST_0100,TXN_00001413,28.47,2023-06-03
CUST_0020,TXN_00001414,768.44,2023-11-20
CUST_0061,TXN_00001415,137.18,2023-07-01
CUST_0021,TXN_00001416,493.64,2023-09-05
CUST_0009,TXN_00001417,459.43,2023-09-29
CUST_0075,TXN_00001418,410.01,2023-06-09
CUST_0064,TXN_00001419,796.31,2023-05-19
CUST_0078,TXN_00001420,948.91,2023-05-03
CUST_0012,TXN_00001421,225.09,2023-02-14
CUST_0084,TXN_00001422,661.21,2023-07-13
CUST_0035,TXN_00001423,635.65,2023-05-13
CUST_0031,TXN_00001424,602.43,2023-03-03
CUST_0036,TXN_00001425,547.67,2023-05-25
CUST_0061,TXN_00001426,374.11,2023-11-19
CUST_0054,TXN_00001427,71.86,2023-12-19
CUST_0013,TXN_00001428,771.01,2023-07-26
CUST_0043,TXN_00001429,852.91,2023-05-30
CUST_0047,TXN_00001430,928.61,2023-02-23
CUST_0060,TXN_00001431,539.74,2023-12-27
CUST_0074,TXN_00001432,535.95,2023-03-18
CUST_0015,TXN_00001433,608.76,2023-12-13
CUST_0052,TXN_00001434,49.44,2023-12-13
CUST_0027,TXN_00001435,481.53,2023-08-22
CUST_0085,TXN_00001436,576.6,2023-11-25
CUST_0060,TXN_00001437,108.01,2023-11-24
CUST_0017,TXN_00001438,359.12,2023-11-30
CUST_0097,TXN_00001439,401.58,2023-07-02
CUST_0074,TXN_00001440,494.5,2023-02-23
CUST_0067,TXN_00001441,828.46,2023-08-09
CUST_0056,TXN_00001442,27.0,2023-05-17
CUST_0018,TXN_00001443,909.1,2023-04-26
CUST_0010,TXN_00001444,645.11,2023-10-09
CUST_0055,TXN_00001445,196.29,2023-02-03
CUST_0094,TXN_00001446,792.82,2023-03-23
CUST_0077,TXN_00001447,451.57,2023-01-21
CUST_0021,TXN_00001448,776.62,2023-04-13
CUST_0040,TXN_00001449,152.0,2023-11-16
CUST_0070,TXN_00001450,752.52,2023-05-25
CUST_0005,TXN_00001451,700.25,2023-07-02
CUST_0094,TXN_00001452,830.76,2023-10-07
CUST_0064,TXN_00001453,373.83,2023-11-04
CUST_0024,TXN_00001454,909.46,2023-08-22
CUST_0062,TXN_00001455,427.55,2023-04-28
CUST_0087,TXN_00001456,806.88,2023-11-15
CUST_0002,TXN_00001457,405.86,2023-06-13
CUST_0049,TXN_00001458,679.94,2023-03-05
CUST_0070,TXN_00001459,920.52,2023-09-13
CUST_0062,TXN_00001460,137.43,2023-12-30
CUST_0044,TXN_00001461,526.03,2023-05-21
CUST_0013,TXN_00001462,307.97,2023-06-01
CUST_0050,TXN_00001463,917.92,2023-07-05
CUST_0098,TXN_00001464,785.69,2023-03-18
CUST_0006,TXN_00001465,450.5,2023-01-03
CUST_0042,TXN_00001466,239.65,2023-04-10
CUST_0083,TXN_00001467,784.78,2023-08-01
CUST_0046,TXN_00001468,593.73,2023-09-27
CUST_0083,TXN_00001469,605.7,2023-12-26
CUST_0054,TXN_00001470,832.98,2023-09-21
CUST_0100,TXN_00001471,47.43,2023-03-11
CUST_0015,TXN_00001472,814.08,2023-07-14
CUST_0083,TXN_00001473,175.12,2023-03-02
CUST_0078,TXN_00001474,466.71,2023-12-18
CUST_0099,TXN_00001475,318.1,2023-12-22
CUST_0053,TXN_00001476,822.38,2023-10-25
CUST_0016,TXN_00001477,409.52,2023-05-26
CUST_0034,TXN_00001478,769.02,2023-09-08
CUST_0026,TXN_00001479,300.4,2023-07-28
CUST_0068,TXN_00001480,831.44,2023-02-26
CUST_0086,TXN_00001481,801.14,2023-02-17
CUST_0089,TXN_00001482,659.9,2023-10-20
CUST_0029,TXN_00001483,609.13,2023-08-17
CUST_0073,TXN_00001484,282.31,2023-04-10
CUST_0058,TXN_00001485,513.35,2023-06-15
CUST_0047,TXN_00001486,982.44,2023-05-23
CUST_0069,TXN_00001487,638.49,2023-12-25
CUST_0033,TXN_00001488,199.33,2023-12-07
CUST_0072,TXN_00001489,684.6,2023-08-31
CUST_0013,TXN_00001490,885.6,2023-03-27
CUST_0058,TXN_00001491,78.69,2023-07-09
CUST_0074,TXN_00001492,770.15,2023-04-30
CUST_0033,TXN_00001493,734.48,2023-07-25
CUST_0075,TXN_00001494,244.77,2023-10-28
CUST_0066,TXN_00001495,821.68,2023-05-25
CUST_0051,TXN_00001496,713.34,2023-03-29
CUST_0001,TXN_00001497,195.21,2023-01-13
CUST_0024,TXN_00001498,769.01,2023-02-27
CUST_0068,TXN_00001499,63.21,2023-12-09
CUST_0077,TXN_00001500,255.06,2023-05-01
CUST_0074,TXN_00001501,689.05,2023-09-25
CUST_0084,TXN_00001502,801.21,2023-10-30
CUST_0044,TXN_00001503,346.54,2023-04-28
CUST_0033,TXN_00001504,820.69,2023-12-28
CUST_0028,TXN_00001505,114.52,2023-04-26
CUST_0068,TXN_00001506,156.74,2023-11-25
CUST_0070,TXN_00001507,940.68,2023-09-01
CUST_0072,TXN_00001508,951.26,2023-07-15
CUST_0092,TXN_00001509,348.56,2023-04-15
CUST_0038,TXN_00001510,210.27,2023-10-03
CUST_0068,TXN_00001511,747.01,2023-01-16
CUST_0054,TXN_00001512,155.08,2023-11-06
CUST_0044,TXN_00001513,823.79,2023-05-05
CUST_0097,TXN_00001514,312.1,2023-10-05
CUST_0021,TXN_00001515,365.77,2023-05-12
CUST_0100,TXN_00001516,27.48,2023-03-26
CUST_0015,TXN_00001517,294.64,2023-11-03
CUST_0019,TXN_00001518,361.28,2023-10-03
CUST_0078,TXN_00001519,779.23,2023-06-07
CUST_0008,TXN_00001520,908.7,2023-02-19
CUST_0058,TXN_00001521,862.6,2023-03-08
CUST_0010,TXN_00001522,475.03,2023-11-26
CUST_0010,TXN_00001523,952.75,2023-07-03
CUST_0017,TXN_00001524,515.91,2023-04-02
CUST_0042,TXN_00001525,425.9,2023-04-11
CUST_0012,TXN_00001526,48.42,2023-02-08
CUST_0019,TXN_00001527,693.99,2023-07-19
CUST_0010,TXN_00001528,662.7,2023-03-28
CUST_0038,TXN_00001529,508.01,2023-09-11
CUST_0064,TXN_00001530,395.78,2023-04-08
CUST_0054,TXN_00001531,357.7,2023-09-22
CUST_0005,TXN_00001532,194.36,2023-01-07
CUST_0008,TXN_00001533,140.11,2023-01-13
CUST_0092,TXN_00001534,878.04,2023-06-19
CUST_0085,TXN_00001535,361.47,2023-02-21
CUST_0074,TXN_00001536,724.23,2023-06-22
CUST_0039,TXN_00001537,384.5,2023-12-16
CUST_0100,TXN_00001538,370.91,2023-03-31
CUST_0090,TXN_00001539,920.75,2023-01-04
CUST_0065,TXN_00001540,314.92,2023-10-10
CUST_0067,TXN_00001541,575.1,2023-02-25
CUST_0080,TXN_00001542,281.19,2023-01-02
CUST_0071,TXN_00001543,456.17,2023-11-30
CUST_0024,TXN_00001544,708.01,2023-06-29
CUST_0093,TXN_00001545,288.88,2023-06-02
CUST_0064,TXN_00001546,930.12,2023-01-26
CUST_0010,TXN_00001547,561.75,2023-08-15
CUST_0075,TXN_00001548,611.2,2023-08-26
CUST_0099,TXN_00001549,441.43,2023-12-30
CUST_0039,TXN_00001550,729.64,2023-02-20
CUST_0096,TXN_00001551,403.36,2023-02-19
CUST_0047,TXN_00001552,779.93,2023-11-30
CUST_0096,TXN_00001553,672.75,2023-06-09
CUST_0011,TXN_00001554,421.58,2023-05-15
CUST_0001,TXN_00001555,877.23,2023-02-22
CUST_0087,TXN_00001556,64.32,2023-07-14
CUST_0008,TXN_00001557,83.87,2023-10-03
CUST_0011,TXN_00001558,730.3,2023-06-19
CUST_0074,TXN_00001559,782.17,2023-05-29
CUST_0009,TXN_00001560,29.28,2023-05-05
CUST_0086,TXN_00001561,676.02,2023-12-02
CUST_0063,TXN_00001562,38.12,2023-05-03
CUST_0079,TXN_00001563,911.75,2023-07-15
CUST_0077,TXN_00001564,681.72,2023-10-14
CUST_0034,TXN_00001565,421.42,2023-01-08
CUST_0070,TXN_00001566,946.48,2023-02-18
CUST_0099,TXN_00001567,537.56,2023-01-23
CUST_0096,TXN_00001568,110.29,2023-03-24
CUST_0098,TXN_00001569,912.2,2023-04-05
CUST_0065,TXN_00001570,191.6,2023-07-04
CUST_0049,TXN_00001571,966.27,2023-05-03
CUST_0020,TXN_00001572,759.45,2023-12-09
CUST_0096,TXN_00001573,843.67,2023-12-31
CUST_0054,TXN_00001574,337.9,2023-12-01
CUST_0096,TXN_00001575,886.55,2023-09-08
CUST_0004,TXN_00001576,688.62,2023-12-18
CUST_0057,TXN_00001577,262.0,2023-09-28
CUST_0043,TXN_00001578,83.03,2023-07-30
CUST_0048,TXN_00001579,11.49,2023-12-08
CUST_0030,TXN_00001580,951.19,2023-06-15
CUST_0084,TXN_00001581,836.47,2023-07-14
CUST_0042,TXN_00001582,322.04,2023-07-02
CUST_0037,TXN_00001583,80.66,2023-04-18
CUST_0068,TXN_00001584,497.64,2023-07-29
CUST_0047,TXN_00001585,361.67,2023-09-22
CUST_0075,TXN_00001586,259.79,2023-12-11
CUST_0085,TXN_00001587,771.96,2023-02-15
CUST_0071,TXN_00001588,136.72,2023-12-19
CUST_0005,TXN_00001589,216.43,2023-03-17
CUST_0010,TXN_00001590,907.66,2023-07-23
CUST_0077,TXN_00001591,849.75,2023-04-18
CUST_0023,TXN_00001592,485.59,2023-06-18
CUST_0060,TXN_00001593,356.74,2023-11-27
CUST_0002,TXN_00001594,10.39,2023-11-30
CUST_0050,TXN_00001595,174.33,2023-08-28
CUST_0050,TXN_00001596,259.69,2023-03-03
CUST_0058,TXN_00001597,374.19,2023-03-09
CUST_0066,TXN_00001598,422.31,2023-09-11
CUST_0022,TXN_00001599,787.81,2023-07-04
CUST_0046,TXN_00001600,627.7,2023-07-14
CUST_0089,TXN_00001601,153.53,2023-02-24
CUST_0075,TXN_00001602,454.93,2023-02-01
CUST_0051,TXN_00001603,927.98,2023-03-05
CUST_0001,TXN_00001604,156.56,2023-10-12
CUST_0065,TXN_00001605,219.83,2023-05-31
CUST_0052,TXN_00001606,410.42,2023-10-12
CUST_0040,TXN_00001607,322.62,2023-04-15
CUST_0078,TXN_00001608,464.44,2023-08-06
CUST_0003,TXN_00001609,385.05,2023-08-04
CUST_0085,TXN_00001610,55.15,2023-12-04
CUST_0073,TXN_00001611,535.68,2023-09-15
CUST_0082,TXN_00001612,653.75,2023-10-14
CUST_0092,TXN_00001613,577.12,2023-04-14
CUST_0008,TXN_00001614,618.78,2023-10-10
CUST_0088,TXN_00001615,567.95,2023-12-01
CUST_0090,TXN_00001616,825.66,2023-10-09
CUST_0095,TXN_00001617,115.42,2023-02-26
CUST_0084,TXN_00001618,375.81,2023-01-15
CUST_0088,TXN_00001619,114.89,2023-06-23
CUST_0012,TXN_00001620,440.77,2023-09-04
CUST_0096,TXN_00001621,769.81,2023-01-24
CUST_0097,TXN_00001622,908.18,2023-03-18
CUST_0049,TXN_00001623,210.26,2023-11-22
CUST_0044,TXN_00001624,667.12,2023-06-19
CUST_0099,TXN_00001625,586.02,2023-08-14
CUST_0077,TXN_00001626,69.61,2023-05-12
CUST_0098,TXN_00001627,942.51,2023-10-24
CUST_0020,TXN_00001628,450.08,2023-04-10
CUST_0018,TXN_00001629,867.99,2023-12-03
CUST_0100,TXN_00001630,662.93,2023-03-20
CUST_0095,TXN_00001631,397.0,2023-12-08
CUST_0063,TXN_00001632,276.68,2023-09-17
CUST_0100,TXN_00001633,325.71,2023-05-13
CUST_0036,TXN_00001634,689.36,2023-05-14
CUST_0018,TXN_00001635,846.28,2023-08-06
CUST_0066,TXN_00001636,418.18,2023-01-19
CUST_0025,TXN_00001637,801.34,2023-08-27
CUST_0058,TXN_00001638,216.7,2023-06-01
CUST_0081,TXN_00001639,987.35,2023-12-25
CUST_0053,TXN_00001640,366.55,2023-05-08
CUST_0074,TXN_00001641,843.79,2023-12-26
CUST_0073,TXN_00001642,880.11,2023-02-27
CUST_0077,TXN_00001643,111.34,2023-09-21
CUST_0013,TXN_00001644,352.44,2023-04-02
CUST_0010,TXN_00001645,652.54,2023-07-05
CUST_0054,TXN_00001646,238.28,2023-01-03
CUST_0090,TXN_00001647,735.4,2023-12-01
CUST_0017,TXN_00001648,919.22,2023-05-25
CUST_0100,TXN_00001649,893.53,2023-06-24
CUST_0030,TXN_00001650,13.8,2023-02-07
CUST_0064,TXN_00001651,462.48,2023-10-05
CUST_0080,TXN_00001652,958.33,2023-12-26
CUST_0051,TXN_00001653,987.11,2023-08-18
CUST_0075,TXN_00001654,110.79,2023-10-29
CUST_0094,TXN_00001655,514.69,2023-11-05
CUST_0012,TXN_00001656,512.0,2023-01-27
CUST_0041,TXN_00001657,168.96,2023-11-14
CUST_0047,TXN_00001658,199.26,2023-06-01
CUST_0031,TXN_00001659,557.76,2023-01-24
CUST_0081,TXN_00001660,97.93,2023-04-21
CUST_0061,TXN_00001661,751.98,2023-04-19
CUST_0070,TXN_00001662,461.72,2023-11-24
CUST_0084,TXN_00001663,387.12,2023-10-16
CUST_0085,TXN_00001664,988.59,2023-06-19
CUST_0059,TXN_00001665,401.27,2023-10-06
CUST_0001,TXN_00001666,768.36,2023-04-08
CUST_0033,TXN_00001667,591.48,2023-08-16
CUST_0077,TXN_00001668,885.04,2023-11-17
CUST_0025,TXN_00001669,130.86,2023-11-19
CUST_0059,TXN_00001670,676.94,2023-07-14
CUST_0079,TXN_00001671,318.13,2023-12-27
CUST_0083,TXN_00001672,436.25,2023-05-22
CUST_0098,TXN_00001673,803.26,2023-03-25
CUST_0038,TXN_00001674,690.58,2023-04-11
CUST_0074,TXN_00001675,661.89,2023-07-31
CUST_0079,TXN_00001676,829.39,2023-08-28
CUST_0015,TXN_00001677,268.27,2023-03-04
CUST_0065,TXN_00001678,383.01,2023-05-11
CUST_0047,TXN_00001679,786.66,2023-01-19
CUST_0066,TXN_00001680,967.04,2023-12-14
CUST_0032,TXN_00001681,529.01,2023-01-12
CUST_0039,TXN_00001682,221.46,2023-12-31
CUST_0050,TXN_00001683,287.19,2023-03-07
CUST_0036,TXN_00001684,99.92,2023-11-24
CUST_0047,TXN_00001685,510.67,2023-10-06
CUST_0039,TXN_00001686,612.87,2023-12-19
CUST_0032,TXN_00001687,586.3,2023-12-03
CUST_0092,TXN_00001688,431.89,2023-07-12
CUST_0084,TXN_00001689,185.81,2023-11-30
CUST_0007,TXN_00001690,774.26,2023-10-15
CUST_0083,TXN_00001691,191.06,2023-01-08
CUST_0061,TXN_00001692,963.23,2023-02-16
CUST_0095,TXN_00001693,509.28,2023-04-08
CUST_0052,TXN_00001694,692.11,2023-01-22
CUST_0088,TXN_00001695,399.07,2023-12-01
CUST_0047,TXN_00001696,154.62,2023-10-02
CUST_0080,TXN_00001697,866.34,2023-03-15
CUST_0007,TXN_00001698,912.56,2023-06-17
CUST_0100,TXN_00001699,649.73,2023-01-09
CUST_0094,TXN_00001700,836.65,2023-04-12
CUST_0068,TXN_00001701,839.61,2023-06-25
CUST_0094,TXN_00001702,870.59,2023-02-12
CUST_0032,TXN_00001703,884.29,2023-10-02
CUST_0096,TXN_00001704,588.53,2023-07-14
CUST_0076,TXN_00001705,931.19,2023-10-09
CUST_0048,TXN_00001706,772.74,2023-05-31
CUST_0082,TXN_00001707,536.2,2023-04-10
CUST_0089,TXN_00001708,629.25,2023-06-24
CUST_0098,TXN_00001709,883.07,2023-10-02
CUST_0078,TXN_00001710,838.35,2023-09-06
CUST_0053,TXN_00001711,646.73,2023-09-09
CUST_0032,TXN_00001712,673.11,2023-07-15
CUST_0045,TXN_00001713,358.42,2023-08-14
CUST_0088,TXN_00001714,765.11,2023-02-14
CUST_0005,TXN_00001715,342.58,2023-09-28
CUST_0055,TXN_00001716,695.21,2023-04-21
CUST_0038,TXN_00001717,126.06,2023-11-15
CUST_0018,TXN_00001718,797.47,2023-03-14
CUST_0038,TXN_00001719,18.73,2023-06-21
CUST_0090,TXN_00001720,611.07,2023-12-16
CUST_0048,TXN_00001721,457.23,2023-02-13
CUST_0009,TXN_00001722,887.7,2023-02-12
CUST_0035,TXN_00001723,784.59,2023-08-08
CUST_0010,TXN_00001724,737.14,2023-05-03
CUST_0075,TXN_00001725,241.63,2023-04-03
CUST_0061,TXN_00001726,667.2,2023-03-10
CUST_0015,TXN_00001727,282.9,2023-06-15
CUST_0029,TXN_00001728,545.65,2023-05-02
CUST_0071,TXN_00001729,43.64,2023-12-26
CUST_0018,TXN_00001730,115.67,2023-02-17
CUST_0061,TXN_00001731,952.93,2023-09-04
CUST_0092,TXN_00001732,925.26,2023-03-13
CUST_0072,TXN_00001733,662.7,2023-01-03
CUST_0037,TXN_00001734,127.23,2023-02-03
CUST_0011,TXN_00001735,51.82,2023-10-29
CUST_0028,TXN_00001736,569.85,2023-07-23
CUST_0010,TXN_00001737,896.63,2023-08-10
CUST_0020,TXN_00001738,577.06,2023-06-03
CUST_0073,TXN_00001739,109.27,2023-12-14
CUST_0096,TXN_00001740,85.4,2023-09-21
CUST_0042,TXN_00001741,221.2,2023-04-27
CUST_0100,TXN_00001742,875.44,2023-11-30
CUST_0044,TXN_00001743,94.12,2023-05-14
CUST_0021,TXN_00001744,141.21,2023-08-28
CUST_0042,TXN_00001745,839.36,2023-05-07
CUST_0017,TXN_00001746,722.94,2023-09-23
CUST_0009,TXN_00001747,634.42,2023-03-15
CUST_0034,TXN_00001748,219.95,2023-10-21
CUST_0067,TXN_00001749,699.92,2023-07-09
CUST_0056,TXN_00001750,241.43,2023-01-14
CUST_0037,TXN_00001751,826.72,2023-12-10
CUST_0090,TXN_00001752,630.21,2023-08-04
CUST_0071,TXN_00001753,315.51,2023-05-11
CUST_0095,TXN_00001754,202.23,2023-03-11
CUST_0076,TXN_00001755,111.38,2023-10-24
CUST_0066,TXN_00001756,810.87,2023-05-16
CUST_0093,TXN_00001757,705.77,2023-04-05
CUST_0081,TXN_00001758,887.28,2023-07-23
CUST_0045,TXN_00001759,419.27,2023-09-28
CUST_0058,TXN_00001760,794.38,2023-12-12
CUST_0074,TXN_00001761,961.41,2023-07-27
CUST_0085,TXN_00001762,807.71,2023-02-24
CUST_0090,TXN_00001763,918.95,2023-05-25
CUST_0093,TXN_00001764,474.42,2023-02-15
CUST_0037,TXN_00001765,588.87,2023-06-19
CUST_0017,TXN_00001766,308.86,2023-10-12
CUST_0014,TXN_00001767,190.51,2023-01-09
CUST_0034,TXN_00001768,26.8,2023-09-14
CUST_0030,TXN_00001769,217.94,2023-09-15
CUST_0066,TXN_00001770,49.37,2023-01-15
CUST_0092,TXN_00001771,61.51,2023-02-21
CUST_0097,TXN_00001772,374.76,2023-09-04
CUST_0056,TXN_00001773,891.54,2023-02-01
CUST_0069,TXN_00001774,767.72,2023-06-06
CUST_0028,TXN_00001775,404.77,2023-01-27
CUST_0026,TXN_00001776,399.98,2023-03-09
CUST_0053,TXN_00001777,103.74,2023-01-04
CUST_0050,TXN_00001778,119.76,2023-10-19
CUST_0059,TXN_00001779,938.85,2023-02-17
CUST_0022,TXN_00001780,815.5,2023-04-13
CUST_0027,TXN_00001781,917.79,2023-03-03
CUST_0053,TXN_00001782,428.06,2023-10-21
CUST_0071,TXN_00001783,686.44,2023-03-21
CUST_0051,TXN_00001784,923.54,2023-07-14
CUST_0059,TXN_00001785,184.88,2023-11-24
CUST_0094,TXN_00001786,556.93,2023-07-15
CUST_0029,TXN_00001787,370.75,2023-08-16
CUST_0012,TXN_00001788,178.14,2023-03-31
CUST_0019,TXN_00001789,802.17,2023-03-26
CUST_0014,TXN_00001790,796.0,2023-08-06
CUST_0009,TXN_00001791,648.03,2023-09-08
CUST_0049,TXN_00001792,489.1,2023-01-29
CUST_0055,TXN_00001793,230.68,2023-07-29
CUST_0027,TXN_00001794,144.03,2023-10-07
CUST_0034,TXN_00001795,235.45,2023-08-31
CUST_0053,TXN_00001796,988.73,2023-10-15
CUST_0001,TXN_00001797,580.93,2023-08-07
CUST_0093,TXN_00001798,214.25,2023-12-21
CUST_0042,TXN_00001799,424.25,2023-02-19
CUST_0054,TXN_00001800,662.44,2023-03-25
CUST_0026,TXN_00001801,58.84,2023-05-14
CUST_0055,TXN_00001802,393.62,2023-11-25
CUST_0022,TXN_00001803,748.29,2023-06-15
CUST_0083,TXN_00001804,137.75,2023-03-03
CUST_0095,TXN_00001805,983.57,2023-06-15
CUST_0034,TXN_00001806,431.04,2023-07-22
CUST_0009,TXN_00001807,632.26,2023-12-17
CUST_0100,TXN_00001808,647.56,2023-05-14
CUST_0023,TXN_00001809,97.05,2023-08-24
CUST_0022,TXN_00001810,311.28,2023-03-27
CUST_0006,TXN_00001811,893.08,2023-01-20
CUST_0022,TXN_00001812,389.5,2023-04-14
CUST_0094,TXN_00001813,818.87,2023-08-21
CUST_0070,TXN_00001814,847.51,2023-05-30
CUST_0012,TXN_00001815,952.86,2023-06-21
CUST_0042,TXN_00001816,95.12,2023-03-15
CUST_0014,TXN_00001817,573.0,2023-10-21
CUST_0064,TXN_00001818,679.04,2023-09-17
CUST_0082,TXN_00001819,176.79,2023-09-30
CUST_0089,TXN_00001820,623.89,2023-01-26
CUST_0072,TXN_00001821,623.51,2023-06-19
CUST_0033,TXN_00001822,828.36,2023-12-10
CUST_0070,TXN_00001823,658.66,2023-07-04
CUST_0082,TXN_00001824,37.25,2023-06-28
CUST_0034,TXN_00001825,633.67,2023-08-17
CUST_0004,TXN_00001826,741.49,2023-04-16
CUST_0057,TXN_00001827,413.95,2023-07-22
CUST_0043,TXN_00001828,90.55,2023-10-27
CUST_0040,TXN_00001829,553.63,2023-05-22
CUST_0012,TXN_00001830,154.98,2023-04-28
CUST_0024,TXN_00001831,656.31,2023-09-24
CUST_0046,TXN_00001832,377.07,2023-11-09
CUST_0084,TXN_00001833,157.85,2023-04-20
CUST_0053,TXN_00001834,127.99,2023-07-25
CUST_0082,TXN_00001835,795.08,2023-03-23
CUST_0017,TXN_00001836,338.8,2023-10-29
CUST_0023,TXN_00001837,516.83,2023-01-13
CUST_0052,TXN_00001838,250.7,2023-04-18
CUST_0068,TXN_00001839,52.26,2023-12-11
CUST_0015,TXN_00001840,310.21,2023-10-20
CUST_0098,TXN_00001841,399.14,2023-02-06
CUST_0036,TXN_00001842,476.99,2023-08-06
CUST_0036,TXN_00001843,634.74,2023-06-20
CUST_0027,TXN_00001844,15.96,2023-09-19
CUST_0024,TXN_00001845,496.79,2023-04-06
CUST_0024,TXN_00001846,96.77,2023-12-02
CUST_0062,TXN_00001847,961.08,2023-06-14
CUST_0032,TXN_00001848,627.99,2023-07-28
CUST_0090,TXN_00001849,605.07,2023-12-01
CUST_0084,TXN_00001850,135.8,2023-03-18
CUST_0043,TXN_00001851,82.63,2023-10-03
CUST_0095,TXN_00001852,320.27,2023-03-22
CUST_0042,TXN_00001853,647.97,2023-05-28
CUST_0010,TXN_00001854,88.57,2023-12-17
CUST_0029,TXN_00001855,72.03,2023-03-07
CUST_0033,TXN_00001856,558.98,2023-04-09
CUST_0012,TXN_00001857,80.65,2023-09-20
CUST_0061,TXN_00001858,564.07,2023-08-02
CUST_0038,TXN_00001859,200.33,2023-02-16
CUST_0056,TXN_00001860,954.41,2023-11-18
CUST_0077,TXN_00001861,640.15,2023-12-03
CUST_0034,TXN_00001862,66.77,2023-06-30
CUST_0029,TXN_00001863,815.51,2023-09-27
CUST_0048,TXN_00001864,282.28,2023-11-21
CUST_0022,TXN_00001865,566.15,2023-02-19
CUST_0014,TXN_00001866,867.9,2023-07-31
CUST_0017,TXN_00001867,900.89,2023-08-27
CUST_0056,TXN_00001868,243.45,2023-06-04
CUST_0016,TXN_00001869,785.99,2023-01-12
CUST_0069,TXN_00001870,857.83,2023-07-23
CUST_0030,TXN_00001871,329.18,2023-01-06
CUST_0038,TXN_00001872,774.46,2023-03-03
CUST_0038,TXN_00001873,347.99,2023-03-16
CUST_0059,TXN_00001874,743.93,2023-01-04
CUST_0088,TXN_00001875,979.52,2023-05-21
CUST_0074,TXN_00001876,459.45,2023-10-21
CUST_0026,TXN_00001877,343.53,2023-04-19
CUST_0042,TXN_00001878,511.49,2023-01-26
CUST_0055,TXN_00001879,432.71,2023-01-02
CUST_0052,TXN_00001880,304.67,2023-10-24
CUST_0040,TXN_00001881,91.72,2023-03-11
CUST_0087,TXN_00001882,103.8,2023-07-15
CUST_0092,TXN_00001883,347.74,2023-04-10
CUST_0038,TXN_00001884,363.9,2023-07-03
CUST_0001,TXN_00001885,167.7,2023-12-27
CUST_0020,TXN_00001886,509.55,2023-05-30
CUST_0084,TXN_00001887,485.9,2023-08-14
CUST_0083,TXN_00001888,697.47,2023-09-22
CUST_0079,TXN_00001889,549.13,2023-08-11
CUST_0054,TXN_00001890,612.7,2023-02-26
CUST_0055,TXN_00001891,949.9,2023-08-03
CUST_0089,TXN_00001892,47.99,2023-02-10
CUST_0067,TXN_00001893,285.78,2023-01-24
CUST_0081,TXN_00001894,865.54,2023-05-11
CUST_0098,TXN_00001895,164.72,2023-08-15
CUST_0049,TXN_00001896,446.72,2023-12-04
CUST_0051,TXN_00001897,216.49,2023-08-07
CUST_0001,TXN_00001898,91.51,2023-09-23
CUST_0036,TXN_00001899,994.96,2023-08-25
CUST_0070,TXN_00001900,817.14,2023-08-02
CUST_0037,TXN_00001901,575.59,2023-01-24
CUST_0093,TXN_00001902,228.78,2023-06-07
CUST_0063,TXN_00001903,494.26,2023-10-04
CUST_0044,TXN_00001904,810.05,2023-07-19
CUST_0054,TXN_00001905,783.48,2023-07-09
CUST_0037,TXN_00001906,236.77,2023-02-27
CUST_0060,TXN_00001907,954.92,2023-08-16
CUST_0018,TXN_00001908,577.85,2023-09-19
CUST_0094,TXN_00001909,473.58,2023-11-01
CUST_0030,TXN_00001910,464.69,2023-04-14
CUST_0001,TXN_00001911,681.78,2023-08-26
CUST_0080,TXN_00001912,613.33,2023-06-10
CUST_0087,TXN_00001913,369.67,2023-02-02
CUST_0008,TXN_00001914,417.67,2023-03-10
CUST_0088,TXN_00001915,152.82,2023-10-13
CUST_0058,TXN_00001916,660.76,2023-11-03
CUST_0035,TXN_00001917,837.48,2023-03-27
CUST_0082,TXN_00001918,498.55,2023-09-08
CUST_0071,TXN_00001919,957.84,2023-07-19
CUST_0025,TXN_00001920,144.86,2023-02-08
CUST_0083,TXN_00001921,112.69,2023-02-09
CUST_0050,TXN_00001922,106.48,2023-07-28
CUST_0001,TXN_00001923,635.8,2023-08-08
CUST_0069,TXN_00001924,12.45,2023-10-12
CUST_0040,TXN_00001925,295.78,2023-10-28
CUST_0016,TXN_00001926,240.1,2023-04-27
CUST_0093,TXN_00001927,476.18,2023-01-23
CUST_0099,TXN_00001928,980.15,2023-02-28
CUST_0015,TXN_00001929,414.15,2023-02-15
CUST_0006,TXN_00001930,488.48,2023-05-30
CUST_0013,TXN_00001931,243.59,2023-03-29
CUST_0061,TXN_00001932,955.34,2023-11-11
CUST_0053,TXN_00001933,191.66,2023-03-24
CUST_0069,TXN_00001934,462.64,2023-09-01
CUST_0005,TXN_00001935,425.04,2023-06-19
CUST_0058,TXN_00001936,200.26,2023-07-30
CUST_0055,TXN_00001937,621.23,2023-05-14
CUST_0057,TXN_00001938,450.08,2023-07-16
CUST_0006,TXN_00001939,143.8,2023-08-08
CUST_0027,TXN_00001940,557.28,2023-03-24
CUST_0038,TXN_00001941,479.5,2023-06-22
CUST_0028,TXN_00001942,952.9,2023-11-15
CUST_0033,TXN_00001943,77.41,2023-10-18
CUST_0093,TXN_00001944,830.38,2023-06-19
CUST_0020,TXN_00001945,991.78,2023-11-18
CUST_0066,TXN_00001946,401.01,2023-01-29
CUST_0098,TXN_00001947,339.41,2023-11-20
CUST_0024,TXN_00001948,860.33,2023-04-13
CUST_0078,TXN_00001949,894.9,2023-05-15
CUST_0006,TXN_00001950,752.89,2023-02-23
CUST_0039,TXN_00001951,837.52,2023-03-22
CUST_0082,TXN_00001952,39.49,2023-07-31
CUST_0002,TXN_00001953,448.04,2023-05-07
CUST_0008,TXN_00001954,219.77,2023-05-07
CUST_0012,TXN_00001955,701.33,2023-01-31
CUST_0067,TXN_00001956,310.68,2023-01-19
CUST_0052,TXN_00001957,831.94,2023-08-15
CUST_0011,TXN_00001958,370.3,2023-10-15
CUST_0091,TXN_00001959,621.01,2023-03-20
CUST_0086,TXN_00001960,433.39,2023-06-24
CUST_0026,TXN_00001961,963.46,2023-04-06
CUST_0024,TXN_00001962,959.17,2023-01-19
CUST_0022,TXN_00001963,180.47,2023-04-13
CUST_0019,TXN_00001964,369.53,2023-08-03
CUST_0096,TXN_00001965,28.94,2023-08-27
CUST_0032,TXN_00001966,637.56,2023-03-18
CUST_0022,TXN_00001967,683.34,2023-03-11
CUST_0090,TXN_00001968,273.37,2023-12-07
CUST_0070,TXN_00001969,671.54,2023-08-21
CUST_0007,TXN_00001970,861.51,2023-04-14
CUST_0099,TXN_00001971,249.37,2023-07-03
CUST_0062,TXN_00001972,695.69,2023-11-14
CUST_0034,TXN_00001973,88.43,2023-02-25
CUST_0037,TXN_00001974,903.23,2023-05-13
CUST_0086,TXN_00001975,314.7,2023-03-06
CUST_0011,TXN_00001976,157.0,2023-12-15
CUST_0011,TXN_00001977,587.68,2023-01-30
CUST_0038,TXN_00001978,226.71,2023-07-30
CUST_0067,TXN_00001979,433.19,2023-01-11
CUST_0053,TXN_00001980,549.35,2023-04-28
CUST_0087,TXN_00001981,113.41,2023-05-13
CUST_0070,TXN_00001982,496.07,2023-11-04
CUST_0097,TXN_00001983,924.81,2023-12-30
CUST_0014,TXN_00001984,769.91,2023-07-14
CUST_0085,TXN_00001985,779.5,2023-12-20
CUST_0083,TXN_00001986,487.56,2023-08-16
CUST_0055,TXN_00001987,390.88,2023-01-28
CUST_0079,TXN_00001988,51.86,2023-12-19
CUST_0066,TXN_00001989,802.17,2023-10-24
CUST_0025,TXN_00001990,756.61,2023-06-27
CUST_0033,TXN_00001991,438.67,2023-08-01
CUST_0064,TXN_00001992,518.81,2023-06-02
CUST_0010,TXN_00001993,632.02,2023-05-03
CUST_0001,TXN_00001994,992.46,2023-07-11
CUST_0090,TXN_00001995,81.14,2023-01-12
CUST_0081,TXN_00001996,346.23,2023-05-25
CUST_0009,TXN_00001997,525.94,2023-10-21
CUST_0091,TXN_00001998,939.08,2023-11-27
CUST_0035,TXN_00001999,759.15,2023-04-26
CUST_0089,TXN_00002000,904.38,2023-11-18
CUST_0041,TXN_00002001,369.68,2023-06-09
CUST_0035,TXN_00002002,643.55,2023-08-07
CUST_0041,TXN_00002003,508.31,2023-06-28
CUST_0051,TXN_00002004,293.37,2023-02-07
CUST_0061,TXN_00002005,626.77,2023-08-20
CUST_0071,TXN_00002006,864.06,2023-05-20
CUST_0041,TXN_00002007,382.75,2023-08-12
CUST_0065,TXN_00002008,699.58,2023-03-05
CUST_0033,TXN_00002009,722.24,2023-07-04
CUST_0096,TXN_00002010,636.02,2023-09-19
CUST_0064,TXN_00002011,324.93,2023-10-15
CUST_0007,TXN_00002012,405.8,2023-06-12
CUST_0087,TXN_00002013,227.71,2023-07-23
CUST_0047,TXN_00002014,10.19,2023-09-29
CUST_0072,TXN_00002015,710.74,2023-12-19
CUST_0059,TXN_00002016,322.84,2023-06-06
CUST_0008,TXN_00002017,204.3,2023-03-07
CUST_0056,TXN_00002018,718.65,2023-11-05
CUST_0064,TXN_00002019,156.22,2023-12-23
CUST_0026,TXN_00002020,842.53,2023-09-09
CUST_0017,TXN_00002021,508.81,2023-07-25
CUST_0024,TXN_00002022,39.59,2023-06-21
CUST_0022,TXN_00002023,775.27,2023-04-20
CUST_0044,TXN_00002024,832.4,2023-11-13
CUST_0012,TXN_00002025,401.64,2023-05-24
CUST_0056,TXN_00002026,273.41,2023-03-24
CUST_0004,TXN_00002027,117.18,2023-09-08
CUST_0044,TXN_00002028,618.35,2023-07-30
CUST_0034,TXN_00002029,785.76,2023-06-04
CUST_0069,TXN_00002030,89.05,2023-02-22
CUST_0029,TXN_00002031,563.83,2023-07-17
CUST_0066,TXN_00002032,753.94,2023-05-11
CUST_0088,TXN_00002033,794.28,2023-08-07
CUST_0072,TXN_00002034,752.79,2023-12-25
CUST_0036,TXN_00002035,512.47,2023-08-29
CUST_0021,TXN_00002036,425.9,2023-10-18
CUST_0064,TXN_00002037,583.06,2023-02-04
CUST_0057,TXN_00002038,118.07,2023-03-11
CUST_0085,TXN_00002039,113.73,2023-09-05
CUST_0031,TXN_00002040,529.64,2023-01-14
CUST_0096,TXN_00002041,91.63,2023-01-29
CUST_0083,TXN_00002042,42.57,2023-05-25
CUST_0032,TXN_00002043,254.82,2023-11-03
CUST_0091,TXN_00002044,996.14,2023-01-22
CUST_0073,TXN_00002045,276.89,2023-04-15
CUST_0085,TXN_00002046,997.0,2023-10-23
CUST_0097,TXN_00002047,183.59,2023-03-27
CUST_0042,TXN_00002048,222.59,2023-06-24
CUST_0020,TXN_00002049,325.15,2023-05-12
CUST_0047,TXN_00002050,553.75,2023-02-28
CUST_0023,TXN_00002051,881.21,2023-05-27
CUST_0080,TXN_00002052,928.12,2023-12-20
CUST_0028,TXN_00002053,95.51,2023-06-06
CUST_0098,TXN_00002054,274.54,2023-08-05
CUST_0029,TXN_00002055,279.2,2023-05-17
CUST_0048,TXN_00002056,651.2,2023-09-16
CUST_0072,TXN_00002057,300.77,2023-11-27
CUST_0068,TXN_00002058,850.25,2023-10-30
CUST_0007,TXN_00002059,190.05,2023-07-23
CUST_0053,TXN_00002060,16.23,2023-02-09
CUST_0010,TXN_00002061,754.6,2023-03-21
CUST_0079,TXN_00002062,599.67,2023-08-03
CUST_0001,TXN_00002063,638.0,2023-11-15
CUST_0052,TXN_00002064,123.42,2023-12-04
CUST_0047,TXN_00002065,941.43,2023-10-16
CUST_0096,TXN_00002066,261.76,2023-12-03
CUST_0099,TXN_00002067,44.2,2023-08-23
CUST_0092,TXN_00002068,450.09,2023-06-20
CUST_0063,TXN_00002069,368.22,2023-08-30
CUST_0069,TXN_00002070,673.2,2023-03-05
CUST_0060,TXN_00002071,761.39,2023-09-17
CUST_0062,TXN_00002072,695.61,2023-01-27
CUST_0086,TXN_00002073,665.55,2023-07-09
CUST_0066,TXN_00002074,990.16,2023-09-05
CUST_0079,TXN_00002075,769.26,2023-12-26
CUST_0051,TXN_00002076,299.76,2023-04-13
CUST_0100,TXN_00002077,33.28,2023-04-24
CUST_0043,TXN_00002078,498.88,2023-09-04
CUST_0012,TXN_00002079,392.63,2023-09-15
CUST_0008,TXN_00002080,641.61,2023-05-08
CUST_0008,TXN_00002081,701.42,2023-05-18
CUST_0031,TXN_00002082,434.99,2023-12-29
CUST_0052,TXN_00002083,334.23,2023-01-18
CUST_0055,TXN_00002084,672.94,2023-05-28
CUST_0099,TXN_00002085,151.76,2023-05-12
CUST_0042,TXN_00002086,149.52,2023-06-18
CUST_0016,TXN_00002087,891.97,2023-12-29
CUST_0038,TXN_00002088,872.66,2023-02-12
CUST_0066,TXN_00002089,48.71,2023-10-27
CUST_0089,TXN_00002090,170.42,2023-08-23
CUST_0018,TXN_00002091,518.06,2023-07-01
CUST_0051,TXN_00002092,149.1,2023-02-04
CUST_0098,TXN_00002093,942.14,2023-02-02
CUST_0021,TXN_00002094,832.56,2023-06-13
CUST_0044,TXN_00002095,807.54,2023-12-05
CUST_0044,TXN_00002096,56.73,2023-09-08
CUST_0076,TXN_00002097,875.29,2023-04-27
CUST_0076,TXN_00002098,539.09,2023-02-07
CUST_0022,TXN_00002099,431.49,2023-05-05
CUST_0023,TXN_00002100,593.87,2023-01-17
CUST_0089,TXN_00002101,538.22,2023-01-21
CUST_0040,TXN_00002102,238.07,2023-12-18
CUST_0045,TXN_00002103,840.37,2023-09-11
CUST_0024,TXN_00002104,506.02,2023-02-11
CUST_0072,TXN_00002105,607.57,2023-06-14
CUST_0065,TXN_00002106,31.26,2023-08-02
CUST_0016,TXN_00002107,888.88,2023-02-15
CUST_0095,TXN_00002108,381.13,2023-03-14
CUST_0067,TXN_00002109,237.03,2023-12-15
CUST_0051,TXN_00002110,194.83,2023-03-24
CUST_0069,TXN_00002111,397.11,2023-05-01
CUST_0057,TXN_00002112,649.17,2023-10-31
CUST_0082,TXN_00002113,598.95,2023-01-14
CUST_0072,TXN_00002114,615.62,2023-04-18
CUST_0095,TXN_00002115,492.66,2023-11-12
CUST_0045,TXN_00002116,622.11,2023-02-25
CUST_0007,TXN_00002117,517.06,2023-04-03
CUST_0059,TXN_00002118,530.04,2023-09-29
CUST_0036,TXN_00002119,523.62,2023-01-20
CUST_0024,TXN_00002120,444.79,2023-11-20
CUST_0091,TXN_00002121,172.68,2023-09-10
CUST_0011,TXN_00002122,828.89,2023-08-31
CUST_0023,TXN_00002123,459.03,2023-03-17
CUST_0098,TXN_00002124,505.0,2023-06-21
CUST_0095,TXN_00002125,686.23,2023-08-11
CUST_0053,TXN_00002126,392.3,2023-10-03
CUST_0081,TXN_00002127,580.2,2023-03-29
CUST_0031,TXN_00002128,428.18,2023-10-09
CUST_0055,TXN_00002129,178.92,2023-05-30
CUST_0075,TXN_00002130,799.31,2023-08-26
CUST_0036,TXN_00002131,216.84,2023-02-17
CUST_0015,TXN_00002132,507.78,2023-07-16
CUST_0002,TXN_00002133,708.61,2023-03-25
CUST_0091,TXN_00002134,612.53,2023-05-30
CUST_0057,TXN_00002135,762.42,2023-07-26
CUST_0050,TXN_00002136,748.81,2023-08-19
CUST_0087,TXN_00002137,993.78,2023-11-18
CUST_0012,TXN_00002138,498.53,2023-03-27
CUST_0072,TXN_00002139,795.17,2023-02-13
CUST_0079,TXN_00002140,279.15,2023-01-17
CUST_0051,TXN_00002141,484.21,2023-09-15
CUST_0032,TXN_00002142,410.16,2023-03-29
CUST_0071,TXN_00002143,842.79,2023-07-25
CUST_0023,TXN_00002144,229.76,2023-11-13
CUST_0011,TXN_00002145,436.68,2023-08-22
CUST_0100,TXN_00002146,329.48,2023-02-28
CUST_0051,TXN_00002147,299.96,2023-05-30
CUST_0064,TXN_00002148,196.35,2023-03-05
CUST_0049,TXN_00002149,829.59,2023-10-18
CUST_0014,TXN_00002150,993.59,2023-03-07
CUST_0086,TXN_00002151,635.41,2023-07-30
CUST_0058,TXN_00002152,218.92,2023-01-06
CUST_0056,TXN_00002153,871.0,2023-06-27
CUST_0068,TXN_00002154,461.36,2023-02-07
CUST_0009,TXN_00002155,363.77,2023-12-11
CUST_0013,TXN_00002156,646.27,2023-01-12
CUST_0098,TXN_00002157,190.86,2023-06-15
CUST_0083,TXN_00002158,400.12,2023-11-13
CUST_0036,TXN_00002159,50.79,2023-06-19
CUST_0097,TXN_00002160,222.75,2023-08-15
CUST_0022,TXN_00002161,253.84,2023-01-20
CUST_0048,TXN_00002162,664.21,2023-04-17
CUST_0038,TXN_00002163,708.59,2023-11-08
CUST_0047,TXN_00002164,645.22,2023-08-16
CUST_0003,TXN_00002165,117.32,2023-04-15
CUST_0075,TXN_00002166,573.17,2023-07-30
CUST_0081,TXN_00002167,368.73,2023-12-15
CUST_0007,TXN_00002168,32.91,2023-10-09
CUST_0002,TXN_00002169,479.93,2023-01-01
CUST_0032,TXN_00002170,977.32,2023-01-17
CUST_0085,TXN_00002171,305.55,2023-03-09
CUST_0026,TXN_00002172,426.17,2023-09-01
CUST_0006,TXN_00002173,364.7,2023-11-24
CUST_0051,TXN_00002174,100.01,2023-12-24
CUST_0063,TXN_00002175,291.98,2023-11-09
CUST_0098,TXN_00002176,240.13,2023-10-19
CUST_0046,TXN_00002177,416.14,2023-03-09
CUST_0023,TXN_00002178,451.37,2023-12-15
CUST_0080,TXN_00002179,643.8,2023-05-25
CUST_0016,TXN_00002180,881.12,2023-01-12
CUST_0060,TXN_00002181,658.62,2023-01-11
CUST_0079,TXN_00002182,939.91,2023-03-05
CUST_0040,TXN_00002183,361.24,2023-06-17
CUST_0064,TXN_00002184,413.46,2023-02-07
CUST_0027,TXN_00002185,369.23,2023-02-05
CUST_0032,TXN_00002186,336.84,2023-04-09
CUST_0014,TXN_00002187,162.76,2023-09-29
CUST_0009,TXN_00002188,739.94,2023-08-24
CUST_0034,TXN_00002189,661.46,2023-05-09
CUST_0082,TXN_00002190,96.63,2023-05-28
CUST_0029,TXN_00002191,826.84,2023-04-19
CUST_0056,TXN_00002192,743.6,2023-01-17
CUST_0064,TXN_00002193,198.2,2023-11-22
CUST_0084,TXN_00002194,453.21,2023-10-28
CUST_0059,TXN_00002195,324.69,2023-11-10
CUST_0035,TXN_00002196,818.14,2023-05-03
CUST_0032,TXN_00002197,923.29,2023-07-06
CUST_0019,TXN_00002198,407.85,2023-02-21
CUST_0021,TXN_00002199,884.21,2023-01-01
CUST_0070,TXN_00002200,219.23,2023-04-17
CUST_0074,TXN_00002201,244.1,2023-03-06
CUST_0069,TXN_00002202,558.42,2023-04-01
CUST_0036,TXN_00002203,130.2,2023-09-17
CUST_0045,TXN_00002204,594.16,2023-10-09
CUST_0074,TXN_00002205,461.98,2023-07-30
CUST_0094,TXN_00002206,732.15,2023-05-21
CUST_0074,TXN_00002207,856.85,2023-10-25
CUST_0016,TXN_00002208,272.83,2023-01-08
CUST_0006,TXN_00002209,668.63,2023-03-06
CUST_0070,TXN_00002210,66.39,2023-10-27
CUST_0043,TXN_00002211,442.18,2023-07-18
CUST_0030,TXN_00002212,766.64,2023-09-02
CUST_0044,TXN_00002213,862.27,2023-01-23
CUST_0083,TXN_00002214,526.27,2023-04-04
CUST_0058,TXN_00002215,113.42,2023-02-17
CUST_0088,TXN_00002216,27.43,2023-06-09
CUST_0042,TXN_00002217,613.7,2023-09-09
CUST_0099,TXN_00002218,35.72,2023-07-06
CUST_0087,TXN_00002219,148.21,2023-11-07
CUST_0030,TXN_00002220,912.14,2023-06-24
CUST_0059,TXN_00002221,63.79,2023-11-17
CUST_0085,TXN_00002222,863.54,2023-12-17
CUST_0014,TXN_00002223,740.61,2023-09-30
CUST_0059,TXN_00002224,833.38,2023-10-27
CUST_0044,TXN_00002225,671.9,2023-03-07
CUST_0065,TXN_00002226,952.11,2023-04-28
CUST_0066,TXN_00002227,942.49,2023-11-12
CUST_0095,TXN_00002228,253.48,2023-03-03
CUST_0031,TXN_00002229,164.49,2023-01-11
CUST_0003,TXN_00002230,788.46,2023-07-22
CUST_0062,TXN_00002231,715.71,2023-03-12
CUST_0096,TXN_00002232,337.62,2023-03-31
CUST_0055,TXN_00002233,778.41,2023-06-27
CUST_0097,TXN_00002234,179.58,2023-06-09
CUST_0021,TXN_00002235,833.24,2023-09-08
CUST_0068,TXN_00002236,90.39,2023-08-28
CUST_0047,TXN_00002237,958.89,2023-12-07
CUST_0008,TXN_00002238,155.72,2023-09-24
CUST_0090,TXN_00002239,514.11,2023-08-18
CUST_0015,TXN_00002240,157.99,2023-02-09
CUST_0013,TXN_00002241,304.64,2023-02-22
CUST_0010,TXN_00002242,443.23,2023-12-04
CUST_0026,TXN_00002243,391.6,2023-05-28
CUST_0095,TXN_00002244,199.36,2023-01-01
CUST_0042,TXN_00002245,46.06,2023-04-26
CUST_0001,TXN_00002246,33.16,2023-05-25
CUST_0017,TXN_00002247,790.04,2023-06-01
CUST_0074,TXN_00002248,978.88,2023-08-04
CUST_0082,TXN_00002249,767.09,2023-10-18
CUST_0011,TXN_00002250,355.34,2023-11-28
CUST_0048,TXN_00002251,983.27,2023-03-10
CUST_0040,TXN_00002252,803.13,2023-11-22
CUST_0037,TXN_00002253,277.87,2023-05-30
CUST_0024,TXN_00002254,577.74,2023-10-23
CUST_0033,TXN_00002255,923.56,2023-01-01
CUST_0008,TXN_00002256,423.55,2023-03-14
CUST_0089,TXN_00002257,832.55,2023-03-27
CUST_0028,TXN_00002258,38.12,2023-08-29
CUST_0086,TXN_00002259,68.43,2023-04-30
CUST_0032,TXN_00002260,964.58,2023-06-29
CUST_0014,TXN_00002261,158.77,2023-08-07
CUST_0030,TXN_00002262,815.81,2023-07-29
CUST_0099,TXN_00002263,608.27,2023-06-16
CUST_0100,TXN_00002264,408.0,2023-10-31
CUST_0016,TXN_00002265,436.55,2023-06-26
CUST_0011,TXN_00002266,176.69,2023-02-26
CUST_0037,TXN_00002267,605.41,2023-11-18
CUST_0094,TXN_00002268,972.31,2023-06-15
CUST_0036,TXN_00002269,984.2,2023-03-21
CUST_0071,TXN_00002270,267.79,2023-04-12
CUST_0089,TXN_00002271,90.3,2023-08-17
CUST_0022,TXN_00002272,852.31,2023-09-16
CUST_0066,TXN_00002273,543.09,2023-12-13
CUST_0086,TXN_00002274,782.43,2023-12-27
CUST_0006,TXN_00002275,795.13,2023-09-04
CUST_0011,TXN_00002276,422.8,2023-11-29
CUST_0031,TXN_00002277,685.13,2023-07-24
CUST_0078,TXN_00002278,891.74,2023-01-25
CUST_0041,TXN_00002279,754.41,2023-11-07
CUST_0034,TXN_00002280,645.82,2023-03-19
CUST_0100,TXN_00002281,57.58,2023-02-21
CUST_0089,TXN_00002282,820.06,2023-12-18
CUST_0025,TXN_00002283,746.04,2023-12-27
CUST_0092,TXN_00002284,133.12,2023-12-22
CUST_0015,TXN_00002285,349.91,2023-05-23
CUST_0005,TXN_00002286,709.85,2023-09-03
CUST_0004,TXN_00002287,402.95,2023-02-14
CUST_0082,TXN_00002288,88.24,2023-12-08
CUST_0059,TXN_00002289,208.89,2023-04-06
CUST_0097,TXN_00002290,615.43,2023-12-12
CUST_0061,TXN_00002291,414.83,2023-05-12
CUST_0089,TXN_00002292,241.36,2023-01-10
CUST_0085,TXN_00002293,698.56,2023-12-18
CUST_0045,TXN_00002294,559.32,2023-10-11
CUST_0037,TXN_00002295,169.43,2023-09-24
CUST_0019,TXN_00002296,249.68,2023-10-20
CUST_0088,TXN_00002297,510.58,2023-08-30
CUST_0064,TXN_00002298,132.76,2023-04-10
CUST_0048,TXN_00002299,892.95,2023-06-08
CUST_0088,TXN_00002300,834.53,2023-05-27
CUST_0004,TXN_00002301,449.64,2023-11-05
CUST_0042,TXN_00002302,952.41,2023-11-17
CUST_0072,TXN_00002303,806.4,2023-09-30
CUST_0073,TXN_00002304,604.39,2023-02-25
CUST_0069,TXN_00002305,382.56,2023-01-02
CUST_0051,TXN_00002306,661.74,2023-05-18
CUST_0013,TXN_00002307,176.39,2023-10-02
CUST_0002,TXN_00002308,73.57,2023-12-20
CUST_0022,TXN_00002309,264.26,2023-06-23
CUST_0047,TXN_00002310,484.59,2023-05-30
CUST_0057,TXN_00002311,605.55,2023-05-14
CUST_0016,TXN_00002312,135.0,2023-12-17
CUST_0072,TXN_00002313,99.8,2023-10-06
CUST_0031,TXN_00002314,265.57,2023-12-05
CUST_0001,TXN_00002315,830.04,2023-06-26
CUST_0050,TXN_00002316,107.81,2023-10-26
CUST_0090,TXN_00002317,401.62,2023-11-17
CUST_0094,TXN_00002318,393.54,2023-11-08
CUST_0016,TXN_00002319,977.24,2023-06-17
CUST_0074,TXN_00002320,152.48,2023-09-23
CUST_0047,TXN_00002321,953.46,2023-12-18
CUST_0053,TXN_00002322,629.19,2023-09-19
CUST_0035,TXN_00002323,448.9,2023-03-01
CUST_0096,TXN_00002324,54.47,2023-02-22
CUST_0065,TXN_00002325,20.62,2023-09-07
CUST_0073,TXN_00002326,750.6,2023-02-08
CUST_0010,TXN_00002327,459.04,2023-03-11
CUST_0076,TXN_00002328,773.54,2023-08-26
CUST_0055,TXN_00002329,216.66,2023-01-29
CUST_0067,TXN_00002330,611.78,2023-10-21
CUST_0045,TXN_00002331,317.63,2023-08-31
CUST_0049,TXN_00002332,110.64,2023-07-08
CUST_0062,TXN_00002333,425.05,2023-11-05
CUST_0088,TXN_00002334,89.49,2023-02-15
CUST_0084,TXN_00002335,776.68,2023-01-06
CUST_0069,TXN_00002336,549.11,2023-12-17
CUST_0063,TXN_00002337,202.08,2023-01-11
CUST_0093,TXN_00002338,313.28,2023-09-10
CUST_0028,TXN_00002339,459.03,2023-11-16
CUST_0091,TXN_00002340,909.17,2023-10-05
CUST_0058,TXN_00002341,494.26,2023-08-04
CUST_0016,TXN_00002342,746.88,2023-03-16
CUST_0044,TXN_00002343,330.11,2023-08-18
CUST_0020,TXN_00002344,193.04,2023-04-05
CUST_0017,TXN_00002345,647.45,2023-08-29
CUST_0053,TXN_00002346,61.73,2023-09-06
CUST_0008,TXN_00002347,81.52,2023-03-09
CUST_0006,TXN_00002348,729.99,2023-11-13
CUST_0098,TXN_00002349,791.32,2023-04-27
CUST_0062,TXN_00002350,785.73,2023-08-08
CUST_0087,TXN_00002351,354.13,2023-09-23
CUST_0020,TXN_00002352,413.38,2023-12-07
CUST_0012,TXN_00002353,92.65,2023-12-18
CUST_0089,TXN_00002354,238.03,2023-12-09
CUST_0052,TXN_00002355,457.01,2023-05-13
CUST_0011,TXN_00002356,886.0,2023-08-09
CUST_0008,TXN_00002357,821.85,2023-04-29
CUST_0092,TXN_00002358,154.62,2023-11-07
CUST_0056,TXN_00002359,457.65,2023-04-21
CUST_0039,TXN_00002360,802.51,2023-04-03
CUST_0087,TXN_00002361,828.23,2023-08-14
CUST_0076,TXN_00002362,407.82,2023-01-27
CUST_0029,TXN_00002363,925.73,2023-11-10
CUST_0069,TXN_00002364,784.16,2023-01-08
CUST_0042,TXN_00002365,566.1,2023-08-28
CUST_0028,TXN_00002366,591.9,2023-12-10
CUST_0004,TXN_00002367,808.45,2023-10-16
CUST_0067,TXN_00002368,964.9,2023-09-13
CUST_0010,TXN_00002369,427.55,2023-12-24
CUST_0100,TXN_00002370,658.53,2023-10-06
CUST_0059,TXN_00002371,897.24,2023-01-09
CUST_0064,TXN_00002372,43.83,2023-05-07
CUST_0096,TXN_00002373,992.5,2023-03-12
CUST_0074,TXN_00002374,321.36,2023-06-04
CUST_0053,TXN_00002375,721.72,2023-10-17
CUST_0060,TXN_00002376,73.14,2023-01-26
CUST_0061,TXN_00002377,993.0,2023-10-20
CUST_0023,TXN_00002378,596.07,2023-01-09
CUST_0021,TXN_00002379,679.49,2023-03-18
CUST_0045,TXN_00002380,618.76,2023-07-15
CUST_0024,TXN_00002381,363.22,2023-12-10
CUST_0066,TXN_00002382,466.71,2023-02-16
CUST_0083,TXN_00002383,688.23,2023-05-20
CUST_0095,TXN_00002384,207.42,2023-01-11
CUST_0063,TXN_00002385,40.26,2023-04-09
CUST_0092,TXN_00002386,462.39,2023-09-10
CUST_0001,TXN_00002387,489.16,2023-10-25
CUST_0077,TXN_00002388,612.81,2023-11-20
CUST_0010,TXN_00002389,833.53,2023-11-01
CUST_0051,TXN_00002390,295.99,2023-11-05
CUST_0051,TXN_00002391,870.04,2023-04-24
CUST_0047,TXN_00002392,67.35,2023-09-24
CUST_0044,TXN_00002393,935.03,2023-07-01
CUST_0089,TXN_00002394,282.82,2023-10-03
CUST_0014,TXN_00002395,842.88,2023-12-04
CUST_0020,TXN_00002396,370.39,2023-09-20
CUST_0079,TXN_00002397,989.9,2023-02-27
CUST_0052,TXN_00002398,98.18,2023-12-02
CUST_0012,TXN_00002399,958.94,2023-06-23
CUST_0084,TXN_00002400,967.36,2023-03-30
CUST_0072,TXN_00002401,693.7,2023-05-30
CUST_0003,TXN_00002402,61.75,2023-08-16
CUST_0072,TXN_00002403,902.03,2023-06-08
CUST_0062,TXN_00002404,739.16,2023-05-23
CUST_0095,TXN_00002405,249.91,2023-06-15
CUST_0063,TXN_00002406,694.88,2023-04-05
CUST_0008,TXN_00002407,484.82,2023-08-11
CUST_0098,TXN_00002408,975.13,2023-04-21
CUST_0058,TXN_00002409,634.17,2023-08-21
CUST_0044,TXN_00002410,441.76,2023-09-17
CUST_0060,TXN_00002411,249.66,2023-10-17
CUST_0009,TXN_00002412,467.85,2023-02-11
CUST_0092,TXN_00002413,523.39,2023-02-14
CUST_0010,TXN_00002414,560.94,2023-12-31
CUST_0076,TXN_00002415,261.71,2023-02-09
CUST_0089,TXN_00002416,840.66,2023-04-22
CUST_0040,TXN_00002417,966.15,2023-09-15
CUST_0031,TXN_00002418,738.7,2023-06-30
CUST_0049,TXN_00002419,322.75,2023-07-16
CUST_0027,TXN_00002420,97.35,2023-10-27
CUST_0074,TXN_00002421,463.01,2023-10-28
CUST_0008,TXN_00002422,921.87,2023-08-05
CUST_0025,TXN_00002423,529.96,2023-09-05
CUST_0072,TXN_00002424,213.88,2023-10-14
CUST_0034,TXN_00002425,424.24,2023-12-21
CUST_0026,TXN_00002426,879.4,2023-04-12
CUST_0023,TXN_00002427,647.77,2023-03-08
CUST_0070,TXN_00002428,894.65,2023-11-03
CUST_0057,TXN_00002429,332.18,2023-08-19
CUST_0042,TXN_00002430,423.65,2023-04-28
CUST_0044,TXN_00002431,399.4,2023-06-25
CUST_0009,TXN_00002432,106.91,2023-06-03
CUST_0045,TXN_00002433,948.25,2023-09-06
CUST_0027,TXN_00002434,598.43,2023-07-30
CUST_0027,TXN_00002435,570.8,2023-07-07
CUST_0080,TXN_00002436,279.46,2023-09-22
CUST_0026,TXN_00002437,950.22,2023-06-02
CUST_0037,TXN_00002438,953.71,2023-05-31
CUST_0088,TXN_00002439,464.45,2023-11-06
CUST_0033,TXN_00002440,832.45,2023-04-29
CUST_0073,TXN_00002441,937.82,2023-08-24
CUST_0044,TXN_00002442,823.01,2023-06-27
CUST_0058,TXN_00002443,502.25,2023-12-23
CUST_0066,TXN_00002444,746.37,2023-07-16
CUST_0004,TXN_00002445,774.18,2023-04-06
CUST_0099,TXN_00002446,827.59,2023-10-14
CUST_0085,TXN_00002447,275.34,2023-11-24
CUST_0086,TXN_00002448,740.3,2023-07-26
CUST_0028,TXN_00002449,157.45,2023-10-08
CUST_0061,TXN_00002450,455.3,2023-10-25
CUST_0055,TXN_00002451,246.59,2023-05-02
CUST_0025,TXN_00002452,843.42,2023-08-31
CUST_0021,TXN_00002453,237.12,2023-05-31
CUST_0055,TXN_00002454,667.56,2023-11-10
CUST_0032,TXN_00002455,487.1,2023-11-29
CUST_0007,TXN_00002456,742.21,2023-12-20
CUST_0031,TXN_00002457,116.0,2023-05-30
CUST_0002,TXN_00002458,420.18,2023-04-16
CUST_0098,TXN_00002459,722.67,2023-05-21
CUST_0074,TXN_00002460,52.36,2023-01-10
CUST_0035,TXN_00002461,599.57,2023-02-27
CUST_0033,TXN_00002462,52.24,2023-04-21
CUST_0058,TXN_00002463,665.19,2023-05-26
CUST_0034,TXN_00002464,38.91,2023-05-25
CUST_0012,TXN_00002465,626.8,2023-04-04
CUST_0050,TXN_00002466,416.32,2023-03-02
CUST_0043,TXN_00002467,734.67,2023-04-24
CUST_0046,TXN_00002468,907.22,2023-10-03
CUST_0083,TXN_00002469,823.17,2023-12-14
CUST_0096,TXN_00002470,715.27,2023-03-10
CUST_0010,TXN_00002471,512.53,2023-10-12
CUST_0057,TXN_00002472,850.97,2023-04-30
CUST_0093,TXN_00002473,769.16,2023-05-04
CUST_0046,TXN_00002474,439.13,2023-12-14
CUST_0070,TXN_00002475,691.56,2023-11-10
CUST_0017,TXN_00002476,764.19,2023-01-27
CUST_0013,TXN_00002477,793.44,2023-12-22
CUST_0043,TXN_00002478,115.42,2023-04-26
CUST_0068,TXN_00002479,673.8,2023-11-25
CUST_0008,TXN_00002480,628.4,2023-02-03
CUST_0082,TXN_00002481,848.57,2023-02-05
CUST_0001,TXN_00002482,881.15,2023-02-05
CUST_0061,TXN_00002483,400.94,2023-03-20
CUST_0029,TXN_00002484,616.39,2023-06-02
CUST_0037,TXN_00002485,806.5,2023-09-20
CUST_0090,TXN_00002486,345.27,2023-12-18
CUST_0063,TXN_00002487,27.01,2023-02-12
CUST_0033,TXN_00002488,16.43,2023-06-09
CUST_0030,TXN_00002489,275.54,2023-08-02
CUST_0007,TXN_00002490,668.75,2023-10-28
CUST_0087,TXN_00002491,616.98,2023-01-05
CUST_0029,TXN_00002492,70.0,2023-02-13
CUST_0020,TXN_00002493,499.91,2023-11-29
CUST_0091,TXN_00002494,366.5,2023-08-18
CUST_0073,TXN_00002495,242.11,2023-11-13
CUST_0028,TXN_00002496,330.22,2023-04-26
CUST_0088,TXN_00002497,970.4,2023-03-26
CUST_0092,TXN_00002498,631.69,2023-09-23
CUST_0033,TXN_00002499,498.69,2023-10-21
CUST_0014,TXN_00002500,986.96,2023-04-08
CUST_0073,TXN_00002501,698.89,2023-07-31
CUST_0028,TXN_00002502,432.37,2023-06-03
CUST_0039,TXN_00002503,179.73,2023-06-04
CUST_0017,TXN_00002504,509.87,2023-09-12
CUST_0032,TXN_00002505,525.11,2023-02-01
CUST_0004,TXN_00002506,868.39,2023-07-04
CUST_0030,TXN_00002507,137.54,2023-08-26
CUST_0014,TXN_00002508,996.85,2023-08-31
CUST_0010,TXN_00002509,701.72,2023-02-02
CUST_0017,TXN_00002510,435.09,2023-05-10
CUST_0021,TXN_00002511,208.38,2023-05-03
CUST_0008,TXN_00002512,64.17,2023-09-06
CUST_0073,TXN_00002513,356.89,2023-02-05
CUST_0098,TXN_00002514,754.86,2023-05-29
CUST_0054,TXN_00002515,703.48,2023-08-27
CUST_0022,TXN_00002516,263.08,2023-06-25
CUST_0004,TXN_00002517,190.7,2023-09-14
CUST_0041,TXN_00002518,437.73,2023-11-19
CUST_0091,TXN_00002519,156.81,2023-04-01
CUST_0013,TXN_00002520,140.46,2023-12-15
CUST_0007,TXN_00002521,267.61,2023-06-17
CUST_0062,TXN_00002522,782.3,2023-10-25
CUST_0039,TXN_00002523,455.99,2023-08-29
CUST_0064,TXN_00002524,510.15,2023-02-05
CUST_0057,TXN_00002525,851.67,2023-01-26
CUST_0055,TXN_00002526,283.96,2023-02-05
CUST_0063,TXN_00002527,865.97,2023-01-12
CUST_0072,TXN_00002528,624.94,2023-05-26
CUST_0031,TXN_00002529,844.04,2023-01-11
CUST_0050,TXN_00002530,190.06,2023-08-31
CUST_0046,TXN_00002531,768.79,2023-06-07
CUST_0019,TXN_00002532,763.15,2023-06-09
CUST_0044,TXN_00002533,828.66,2023-06-13
CUST_0013,TXN_00002534,730.91,2023-01-12
CUST_0044,TXN_00002535,574.95,2023-08-20
CUST_0078,TXN_00002536,801.49,2023-01-25
CUST_0049,TXN_00002537,104.27,2023-06-23
CUST_0071,TXN_00002538,220.71,2023-04-13
CUST_0019,TXN_00002539,945.45,2023-04-07
CUST_0016,TXN_00002540,703.55,2023-09-17
CUST_0080,TXN_00002541,363.28,2023-07-26
CUST_0083,TXN_00002542,601.06,2023-08-25
CUST_0008,TXN_00002543,376.04,2023-06-08
CUST_0098,TXN_00002544,410.62,2023-07-15
CUST_0081,TXN_00002545,269.57,2023-06-11
CUST_0067,TXN_00002546,510.24,2023-01-14
CUST_0086,TXN_00002547,696.47,2023-03-08
CUST_0071,TXN_00002548,445.13,2023-01-09
CUST_0058,TXN_00002549,377.38,2023-07-24
CUST_0034,TXN_00002550,408.95,2023-06-21
CUST_0026,TXN_00002551,716.61,2023-10-07
CUST_0086,TXN_00002552,526.36,2023-09-04
CUST_0011,TXN_00002553,427.27,2023-08-21
CUST_0028,TXN_00002554,303.98,2023-04-08
CUST_0005,TXN_00002555,943.15,2023-02-14
CUST_0024,TXN_00002556,410.87,2023-10-29
CUST_0100,TXN_00002557,667.31,2023-07-20
CUST_0061,TXN_00002558,644.83,2023-10-08
CUST_0030,TXN_00002559,669.06,2023-08-28
CUST_0060,TXN_00002560,938.16,2023-02-05
CUST_0034,TXN_00002561,696.03,2023-04-21
CUST_0071,TXN_00002562,257.19,2023-04-05
CUST_0096,TXN_00002563,971.59,2023-12-29
CUST_0076,TXN_00002564,626.0,2023-01-04
CUST_0044,TXN_00002565,305.7,2023-08-03
CUST_0072,TXN_00002566,724.2,2023-09-22
CUST_0098,TXN_00002567,510.41,2023-07-21
CUST_0037,TXN_00002568,784.52,2023-03-21
CUST_0057,TXN_00002569,506.64,2023-07-03
CUST_0089,TXN_00002570,586.75,2023-10-22
CUST_0100,TXN_00002571,124.61,2023-02-12
CUST_0088,TXN_00002572,762.69,2023-04-29
CUST_0006,TXN_00002573,769.47,2023-06-03
CUST_0069,TXN_00002574,101.94,2023-04-03
CUST_0070,TXN_00002575,837.31,2023-10-19
CUST_0028,TXN_00002576,809.22,2023-02-12
CUST_0002,TXN_00002577,854.03,2023-04-24
CUST_0079,TXN_00002578,99.29,2023-05-12
CUST_0071,TXN_00002579,547.72,2023-01-20
CUST_0047,TXN_00002580,809.71,2023-11-18
CUST_0048,TXN_00002581,766.06,2023-04-16
CUST_0060,TXN_00002582,347.76,2023-01-19
CUST_0058,TXN_00002583,863.67,2023-01-16
CUST_0083,TXN_00002584,644.46,2023-09-28
CUST_0027,TXN_00002585,456.07,2023-05-19
CUST_0044,TXN_00002586,684.3,2023-06-28
CUST_0033,TXN_00002587,250.14,2023-02-14
CUST_0095,TXN_00002588,531.78,2023-12-13
CUST_0049,TXN_00002589,471.14,2023-06-09
CUST_0069,TXN_00002590,272.55,2023-11-10
CUST_0058,TXN_00002591,832.05,2023-07-20
CUST_0030,TXN_00002592,603.28,2023-04-19
CUST_0036,TXN_00002593,753.81,2023-11-10
CUST_0086,TXN_00002594,187.44,2023-11-04
CUST_0076,TXN_00002595,103.75,2023-06-15
CUST_0075,TXN_00002596,482.73,2023-05-30
CUST_0081,TXN_00002597,283.65,2023-07-03
CUST_0058,TXN_00002598,366.12,2023-07-27
CUST_0002,TXN_00002599,275.55,2023-09-20
CUST_0050,TXN_00002600,500.76,2023-03-11
CUST_0042,TXN_00002601,129.36,2023-04-11
CUST_0018,TXN_00002602,261.83,2023-12-07
CUST_0041,TXN_00002603,618.86,2023-02-10
CUST_0094,TXN_00002604,852.2,2023-08-17
CUST_0091,TXN_00002605,352.36,2023-06-29
CUST_0014,TXN_00002606,510.57,2023-02-02
CUST_0010,TXN_00002607,658.51,2023-06-03
CUST_0060,TXN_00002608,551.89,2023-09-15
CUST_0013,TXN_00002609,791.56,2023-02-20
CUST_0067,TXN_00002610,994.55,2023-02-04
CUST_0043,TXN_00002611,567.78,2023-04-15
CUST_0080,TXN_00002612,834.2,2023-02-24
CUST_0003,TXN_00002613,603.75,2023-08-06
CUST_0082,TXN_00002614,722.13,2023-09-23
CUST_0085,TXN_00002615,66.08,2023-04-29
CUST_0052,TXN_00002616,614.78,2023-12-03
CUST_0007,TXN_00002617,555.58,2023-01-11
CUST_0039,TXN_00002618,987.84,2023-11-08
CUST_0031,TXN_00002619,722.7,2023-10-15
CUST_0030,TXN_00002620,865.54,2023-09-18
CUST_0020,TXN_00002621,897.27,2023-08-30
CUST_0060,TXN_00002622,382.11,2023-05-27
CUST_0029,TXN_00002623,23.18,2023-05-20
CUST_0042,TXN_00002624,498.97,2023-08-21
CUST_0071,TXN_00002625,470.09,2023-02-01
CUST_0071,TXN_00002626,706.35,2023-04-09
CUST_0094,TXN_00002627,453.64,2023-04-29
CUST_0065,TXN_00002628,859.33,2023-06-22
CUST_0052,TXN_00002629,16.26,2023-04-22
CUST_0061,TXN_00002630,84.03,2023-01-04
CUST_0042,TXN_00002631,239.68,2023-11-15
CUST_0035,TXN_00002632,544.59,2023-04-21
CUST_0085,TXN_00002633,477.61,2023-08-16
CUST_0074,TXN_00002634,708.32,2023-01-15
CUST_0075,TXN_00002635,691.14,2023-07-06
CUST_0007,TXN_00002636,419.04,2023-12-04
CUST_0027,TXN_00002637,373.26,2023-04-30
CUST_0007,TXN_00002638,846.58,2023-09-19
CUST_0071,TXN_00002639,401.38,2023-03-31
CUST_0015,TXN_00002640,860.64,2023-09-25
CUST_0083,TXN_00002641,268.36,2023-06-27
CUST_0033,TXN_00002642,371.28,2023-03-25
CUST_0009,TXN_00002643,370.88,2023-08-19
CUST_0027,TXN_00002644,852.48,2023-09-24
CUST_0010,TXN_00002645,214.64,2023-10-16
CUST_0052,TXN_00002646,347.07,2023-11-23
CUST_0073,TXN_00002647,696.64,2023-11-25
CUST_0092,TXN_00002648,833.23,2023-08-25
CUST_0097,TXN_00002649,332.72,2023-12-27
CUST_0009,TXN_00002650,585.3,2023-06-24
CUST_0043,TXN_00002651,617.84,2023-11-23
CUST_0068,TXN_00002652,161.62,2023-08-22
CUST_0046,TXN_00002653,106.92,2023-12-17
CUST_0093,TXN_00002654,725.04,2023-09-03
CUST_0022,TXN_00002655,175.08,2023-05-03
CUST_0096,TXN_00002656,533.12,2023-05-12
CUST_0090,TXN_00002657,126.9,2023-09-18
CUST_0019,TXN_00002658,621.04,2023-12-21
CUST_0022,TXN_00002659,565.83,2023-03-27
CUST_0033,TXN_00002660,801.99,2023-06-16
CUST_0043,TXN_00002661,347.6,2023-07-27
CUST_0096,TXN_00002662,640.76,2023-05-01
CUST_0069,TXN_00002663,865.95,2023-02-16
CUST_0049,TXN_00002664,375.17,2023-02-25
CUST_0024,TXN_00002665,998.75,2023-05-10
CUST_0096,TXN_00002666,706.44,2023-03-28
CUST_0058,TXN_00002667,666.19,2023-06-24
CUST_0089,TXN_00002668,272.44,2023-05-18
CUST_0079,TXN_00002669,783.77,2023-02-15
CUST_0074,TXN_00002670,237.61,2023-02-15
CUST_0030,TXN_00002671,688.84,2023-05-15
CUST_0042,TXN_00002672,114.97,2023-03-18
CUST_0016,TXN_00002673,281.74,2023-09-17
CUST_0006,TXN_00002674,818.59,2023-04-17
CUST_0021,TXN_00002675,162.69,2023-05-01
CUST_0044,TXN_00002676,834.86,2023-05-20
CUST_0025,TXN_00002677,995.0,2023-05-04
CUST_0080,TXN_00002678,780.6,2023-06-01
CUST_0084,TXN_00002679,456.61,2023-04-06
CUST_0019,TXN_00002680,578.68,2023-12-28
CUST_0087,TXN_00002681,862.86,2023-02-09
CUST_0014,TXN_00002682,344.68,2023-05-04
CUST_0007,TXN_00002683,943.66,2023-03-20
CUST_0031,TXN_00002684,931.89,2023-06-21
CUST_0057,TXN_00002685,254.29,2023-07-14
CUST_0054,TXN_00002686,970.73,2023-05-13
CUST_0062,TXN_00002687,957.89,2023-09-18
CUST_0079,TXN_00002688,279.56,2023-10-26
CUST_0041,TXN_00002689,975.4,2023-12-11
CUST_0051,TXN_00002690,966.15,2023-01-10
CUST_0042,TXN_00002691,354.96,2023-10-19
CUST_0003,TXN_00002692,919.53,2023-02-05
CUST_0022,TXN_00002693,983.24,2023-04-22
CUST_0036,TXN_00002694,413.64,2023-07-13
CUST_0010,TXN_00002695,916.79,2023-02-28
CUST_0045,TXN_00002696,340.34,2023-08-26
CUST_0080,TXN_00002697,244.94,2023-10-19
CUST_0086,TXN_00002698,247.49,2023-06-24
CUST_0087,TXN_00002699,885.54,2023-02-23
CUST_0062,TXN_00002700,44.03,2023-09-26
CUST_0051,TXN_00002701,902.7,2023-07-20
CUST_0051,TXN_00002702,114.18,2023-09-22
CUST_0033,TXN_00002703,608.61,2023-01-09
CUST_0063,TXN_00002704,122.24,2023-03-02
CUST_0005,TXN_00002705,95.09,2023-07-10
CUST_0079,TXN_00002706,231.08,2023-05-21
CUST_0083,TXN_00002707,774.45,2023-04-19
CUST_0098,TXN_00002708,689.35,2023-12-04
CUST_0028,TXN_00002709,680.33,2023-04-04
CUST_0041,TXN_00002710,459.0,2023-05-03
CUST_0066,TXN_00002711,188.94,2023-03-14
CUST_0098,TXN_00002712,347.91,2023-06-30
CUST_0058,TXN_00002713,201.31,2023-11-23
CUST_0019,TXN_00002714,882.87,2023-09-05
CUST_0082,TXN_00002715,949.54,2023-09-05
CUST_0025,TXN_00002716,465.49,2023-11-21
CUST_0075,TXN_00002717,658.83,2023-02-11
CUST_0035,TXN_00002718,404.82,2023-06-28
CUST_0033,TXN_00002719,514.32,2023-06-21
CUST_0011,TXN_00002720,629.19,2023-02-16
CUST_0013,TXN_00002721,42.3,2023-05-24
CUST_0042,TXN_00002722,99.25,2023-06-05
CUST_0024,TXN_00002723,413.19,2023-03-05
CUST_0099,TXN_00002724,283.27,2023-11-06
CUST_0004,TXN_00002725,18.71,2023-02-17
CUST_0092,TXN_00002726,678.94,2023-06-26
CUST_0084,TXN_00002727,995.72,2023-01-23
CUST_0028,TXN_00002728,811.38,2023-01-09
CUST_0059,TXN_00002729,19.81,2023-06-04
CUST_0003,TXN_00002730,945.22,2023-03-15
CUST_0092,TXN_00002731,528.8,2023-04-07
CUST_0021,TXN_00002732,69.94,2023-03-10
CUST_0058,TXN_00002733,99.74,2023-06-25
CUST_0016,TXN_00002734,516.37,2023-10-18
CUST_0074,TXN_00002735,876.5,2023-03-21
CUST_0086,TXN_00002736,30.53,2023-03-24
CUST_0100,TXN_00002737,136.96,2023-05-04
CUST_0009,TXN_00002738,768.39,2023-08-12
CUST_0072,TXN_00002739,207.92,2023-11-07
CUST_0086,TXN_00002740,97.87,2023-02-09
CUST_0079,TXN_00002741,634.58,2023-04-09
CUST_0035,TXN_00002742,276.96,2023-09-09
CUST_0043,TXN_00002743,759.28,2023-07-07
CUST_0017,TXN_00002744,14.4,2023-12-23
CUST_0009,TXN_00002745,875.76,2023-10-30
CUST_0066,TXN_00002746,421.48,2023-12-26
CUST_0092,TXN_00002747,234.57,2023-11-18
CUST_0024,TXN_00002748,878.97,2023-06-25
CUST_0030,TXN_00002749,843.17,2023-09-08
CUST_0003,TXN_00002750,908.56,2023-12-13
CUST_0075,TXN_00002751,311.58,2023-05-14
CUST_0095,TXN_00002752,824.95,2023-03-19
CUST_0080,TXN_00002753,761.73,2023-01-28
CUST_0029,TXN_00002754,785.9,2023-02-05
CUST_0053,TXN_00002755,322.43,2023-05-23
CUST_0090,TXN_00002756,189.58,2023-12-04
CUST_0098,TXN_00002757,157.94,2023-12-29
CUST_0094,TXN_00002758,847.8,2023-01-11
CUST_0022,TXN_00002759,406.41,2023-06-30
CUST_0011,TXN_00002760,482.56,2023-10-22
CUST_0016,TXN_00002761,447.04,2023-12-19
CUST_0093,TXN_00002762,139.21,2023-08-28
CUST_0054,TXN_00002763,550.55,2023-01-06
CUST_0015,TXN_00002764,977.38,2023-05-18
CUST_0072,TXN_00002765,79.5,2023-09-08
CUST_0098,TXN_00002766,38.09,2023-09-01
CUST_0074,TXN_00002767,422.05,2023-12-20
CUST_0041,TXN_00002768,466.59,2023-09-05
CUST_0065,TXN_00002769,30.03,2023-03-06
CUST_0010,TXN_00002770,432.27,2023-02-03
CUST_0064,TXN_00002771,782.21,2023-07-26
CUST_0078,TXN_00002772,120.92,2023-08-29
CUST_0058,TXN_00002773,479.85,2023-04-29
CUST_0036,TXN_00002774,149.81,2023-10-10
CUST_0084,TXN_00002775,261.57,2023-05-15
CUST_0029,TXN_00002776,23.84,2023-09-20
CUST_0089,TXN_00002777,770.87,2023-04-13
CUST_0086,TXN_00002778,678.99,2023-08-30
CUST_0066,TXN_00002779,337.26,2023-05-06
CUST_0068,TXN_00002780,484.16,2023-01-12
CUST_0026,TXN_00002781,560.8,2023-12-06
CUST_0035,TXN_00002782,551.89,2023-07-08
CUST_0010,TXN_00002783,345.93,2023-07-21
CUST_0096,TXN_00002784,744.79,2023-08-31
CUST_0013,TXN_00002785,208.8,2023-01-18
CUST_0095,TXN_00002786,700.56,2023-08-11
CUST_0072,TXN_00002787,448.91,2023-04-11
CUST_0084,TXN_00002788,591.03,2023-06-29
CUST_0065,TXN_00002789,423.04,2023-03-09
CUST_0058,TXN_00002790,555.39,2023-07-10
CUST_0034,TXN_00002791,895.15,2023-12-26
CUST_0071,TXN_00002792,331.14,2023-05-26
CUST_0084,TXN_00002793,565.11,2023-10-26
CUST_0001,TXN_00002794,526.87,2023-07-15
CUST_0060,TXN_00002795,795.81,2023-11-06
CUST_0079,TXN_00002796,35.97,2023-12-23
CUST_0038,TXN_00002797,983.85,2023-08-19
CUST_0087,TXN_00002798,64.49,2023-05-22
CUST_0040,TXN_00002799,37.33,2023-10-29
CUST_0018,TXN_00002800,374.35,2023-03-03
CUST_0024,TXN_00002801,956.49,2023-04-06
CUST_0038,TXN_00002802,353.1,2023-08-21
CUST_0019,TXN_00002803,277.99,2023-09-04
CUST_0054,TXN_00002804,280.34,2023-12-07
CUST_0015,TXN_00002805,793.24,2023-05-25
CUST_0052,TXN_00002806,472.25,2023-06-21
CUST_0033,TXN_00002807,251.4,2023-09-06
CUST_0071,TXN_00002808,967.33,2023-10-08
CUST_0055,TXN_00002809,921.99,2023-06-09
CUST_0082,TXN_00002810,209.02,2023-05-02
CUST_0057,TXN_00002811,240.96,2023-10-18
CUST_0062,TXN_00002812,129.77,2023-07-15
CUST_0012,TXN_00002813,374.5,2023-04-13
CUST_0048,TXN_00002814,990.81,2023-01-08
CUST_0083,TXN_00002815,126.19,2023-04-06
CUST_0072,TXN_00002816,661.65,2023-07-16
CUST_0068,TXN_00002817,687.37,2023-11-20
CUST_0047,TXN_00002818,188.09,2023-04-23
CUST_0072,TXN_00002819,839.34,2023-09-12
CUST_0097,TXN_00002820,238.99,2023-10-03
CUST_0045,TXN_00002821,44.33,2023-10-02
CUST_0039,TXN_00002822,403.86,2023-11-23
CUST_0008,TXN_00002823,403.1,2023-07-21
CUST_0001,TXN_00002824,976.41,2023-09-23
CUST_0001,TXN_00002825,720.58,2023-10-05
CUST_0074,TXN_00002826,330.19,2023-03-24
CUST_0078,TXN_00002827,174.74,2023-03-04
CUST_0068,TXN_00002828,85.49,2023-01-31
CUST_0086,TXN_00002829,348.87,2023-01-21
CUST_0007,TXN_00002830,120.39,2023-08-08
CUST_0082,TXN_00002831,199.78,2023-08-02
CUST_0080,TXN_00002832,994.22,2023-01-13
CUST_0034,TXN_00002833,466.11,2023-05-15
CUST_0077,TXN_00002834,356.79,2023-08-31
CUST_0015,TXN_00002835,919.04,2023-04-05
CUST_0050,TXN_00002836,112.28,2023-11-03
CUST_0058,TXN_00002837,996.68,2023-04-19
CUST_0059,TXN_00002838,485.17,2023-11-27
CUST_0025,TXN_00002839,587.15,2023-12-01
CUST_0089,TXN_00002840,64.88,2023-07-30
CUST_0031,TXN_00002841,936.8,2023-09-20
CUST_0043,TXN_00002842,514.85,2023-06-15
CUST_0011,TXN_00002843,831.82,2023-07-22
CUST_0037,TXN_00002844,536.33,2023-09-08
CUST_0092,TXN_00002845,239.46,2023-10-22
CUST_0015,TXN_00002846,328.5,2023-01-23
CUST_0022,TXN_00002847,883.66,2023-01-01
CUST_0020,TXN_00002848,288.06,2023-05-23
CUST_0099,TXN_00002849,896.5,2023-09-11
CUST_0092,TXN_00002850,522.74,2023-09-17
CUST_0048,TXN_00002851,333.72,2023-12-31
CUST_0010,TXN_00002852,143.66,2023-10-10
CUST_0035,TXN_00002853,137.69,2023-10-10
CUST_0096,TXN_00002854,760.97,2023-01-10
CUST_0004,TXN_00002855,80.38,2023-11-06
CUST_0069,TXN_00002856,382.29,2023-12-17
CUST_0047,TXN_00002857,356.61,2023-06-19
CUST_0031,TXN_00002858,614.2,2023-02-24
CUST_0098,TXN_00002859,276.73,2023-02-22
CUST_0008,TXN_00002860,748.6,2023-10-26
CUST_0015,TXN_00002861,906.2,2023-07-27
CUST_0001,TXN_00002862,356.18,2023-07-30
CUST_0094,TXN_00002863,660.08,2023-12-25
CUST_0089,TXN_00002864,197.48,2023-07-06
CUST_0027,TXN_00002865,684.78,2023-04-18
CUST_0079,TXN_00002866,768.39,2023-02-15
CUST_0046,TXN_00002867,665.51,2023-08-26
CUST_0031,TXN_00002868,662.54,2023-05-16
CUST_0062,TXN_00002869,712.62,2023-04-07
CUST_0021,TXN_00002870,404.02,2023-10-17
CUST_0051,TXN_00002871,502.34,2023-02-06
CUST_0060,TXN_00002872,193.47,2023-01-22
CUST_0078,TXN_00002873,186.07,2023-05-25
CUST_0076,TXN_00002874,337.11,2023-06-27
CUST_0087,TXN_00002875,47.05,2023-04-02
CUST_0041,TXN_00002876,556.69,2023-12-14
CUST_0045,TXN_00002877,758.01,2023-03-30
CUST_0034,TXN_00002878,499.52,2023-01-06
CUST_0031,TXN_00002879,621.79,2023-04-28
CUST_0053,TXN_00002880,188.23,2023-06-23
CUST_0066,TXN_00002881,740.04,2023-12-17
CUST_0048,TXN_00002882,33.36,2023-09-03
CUST_0035,TXN_00002883,509.72,2023-11-22
CUST_0079,TXN_00002884,137.05,2023-04-16
CUST_0017,TXN_00002885,829.34,2023-11-17
CUST_0087,TXN_00002886,933.0,2023-08-10
CUST_0030,TXN_00002887,589.59,2023-07-20
CUST_0018,TXN_00002888,426.85,2023-12-25
CUST_0088,TXN_00002889,277.08,2023-12-18
CUST_0030,TXN_00002890,10.77,2023-01-11
CUST_0051,TXN_00002891,771.53,2023-08-28
CUST_0069,TXN_00002892,634.31,2023-05-08
CUST_0026,TXN_00002893,311.78,2023-01-13
CUST_0035,TXN_00002894,840.15,2023-11-17
CUST_0003,TXN_00002895,759.2,2023-02-28
CUST_0073,TXN_00002896,963.9,2023-10-01
CUST_0035,TXN_00002897,76.91,2023-01-22
CUST_0001,TXN_00002898,286.98,2023-04-29
CUST_0029,TXN_00002899,931.12,2023-01-20
CUST_0045,TXN_00002900,153.66,2023-02-23
CUST_0022,TXN_00002901,270.76,2023-10-04
CUST_0001,TXN_00002902,691.23,2023-11-16
CUST_0065,TXN_00002903,623.32,2023-02-19
CUST_0086,TXN_00002904,738.05,2023-04-04
CUST_0081,TXN_00002905,763.33,2023-12-14
CUST_0037,TXN_00002906,115.48,2023-04-14
CUST_0094,TXN_00002907,16.68,2023-03-05
CUST_0058,TXN_00002908,938.31,2023-04-15
CUST_0037,TXN_00002909,438.94,2023-06-03
CUST_0023,TXN_00002910,242.74,2023-03-19
CUST_0025,TXN_00002911,533.42,2023-03-23
CUST_0099,TXN_00002912,380.03,2023-11-10
CUST_0037,TXN_00002913,57.36,2023-07-05
CUST_0089,TXN_00002914,599.08,2023-03-31
CUST_0089,TXN_00002915,216.84,2023-08-29
CUST_0014,TXN_00002916,94.06,2023-03-17
CUST_0076,TXN_00002917,720.38,2023-06-07
CUST_0018,TXN_00002918,54.24,2023-11-15
CUST_0035,TXN_00002919,100.91,2023-07-25
CUST_0080,TXN_00002920,27.11,2023-06-09
CUST_0041,TXN_00002921,913.01,2023-12-24
CUST_0064,TXN_00002922,942.91,2023-11-10
CUST_0008,TXN_00002923,690.67,2023-07-23
CUST_0071,TXN_00002924,307.38,2023-04-07
CUST_0094,TXN_00002925,80.5,2023-10-01
CUST_0005,TXN_00002926,888.5,2023-11-02
CUST_0033,TXN_00002927,329.85,2023-04-03
CUST_0066,TXN_00002928,399.94,2023-01-16
CUST_0039,TXN_00002929,214.05,2023-10-19
CUST_0032,TXN_00002930,675.49,2023-05-06
CUST_0074,TXN_00002931,746.39,2023-02-19
CUST_0013,TXN_00002932,760.4,2023-07-13
CUST_0074,TXN_00002933,43.56,2023-03-09
CUST_0037,TXN_00002934,471.92,2023-10-31
CUST_0079,TXN_00002935,957.7,2023-06-29
CUST_0083,TXN_00002936,657.06,2023-11-10
CUST_0075,TXN_00002937,439.83,2023-01-31
CUST_0079,TXN_00002938,742.45,2023-06-17
CUST_0083,TXN_00002939,514.88,2023-09-04
CUST_0065,TXN_00002940,804.14,2023-06-09
CUST_0008,TXN_00002941,750.96,2023-10-13
CUST_0055,TXN_00002942,841.22,2023-12-20
CUST_0004,TXN_00002943,152.52,2023-09-27
CUST_0036,TXN_00002944,80.37,2023-04-02
CUST_0053,TXN_00002945,199.26,2023-03-05
CUST_0086,TXN_00002946,892.61,2023-09-16
CUST_0097,TXN_00002947,794.95,2023-09-14
CUST_0072,TXN_00002948,222.72,2023-08-28
CUST_0087,TXN_00002949,707.06,2023-02-22
CUST_0021,TXN_00002950,16.01,2023-04-29
CUST_0018,TXN_00002951,383.99,2023-02-05
CUST_0053,TXN_00002952,957.39,2023-07-16
CUST_0073,TXN_00002953,115.76,2023-11-10
CUST_0089,TXN_00002954,230.9,2023-03-22
CUST_0063,TXN_00002955,879.41,2023-06-26
CUST_0011,TXN_00002956,863.16,2023-08-15
CUST_0072,TXN_00002957,450.59,2023-12-09
CUST_0053,TXN_00002958,731.61,2023-08-02
CUST_0048,TXN_00002959,743.73,2023-06-29
CUST_0035,TXN_00002960,899.38,2023-04-14
CUST_0017,TXN_00002961,413.25,2023-04-19
CUST_0064,TXN_00002962,836.75,2023-01-30
CUST_0008,TXN_00002963,962.84,2023-06-28
CUST_0043,TXN_00002964,913.99,2023-02-10
CUST_0031,TXN_00002965,905.72,2023-01-02
CUST_0031,TXN_00002966,161.01,2023-02-21
CUST_0082,TXN_00002967,39.84,2023-08-25
CUST_0058,TXN_00002968,109.88,2023-04-27
CUST_0091,TXN_00002969,588.75,2023-06-29
CUST_0094,TXN_00002970,570.49,2023-07-25
CUST_0053,TXN_00002971,559.03,2023-11-03
CUST_0085,TXN_00002972,216.32,2023-03-03
CUST_0061,TXN_00002973,814.07,2023-01-17
CUST_0078,TXN_00002974,521.29,2023-02-22
CUST_0049,TXN_00002975,649.31,2023-06-30
CUST_0055,TXN_00002976,950.64,2023-05-18
CUST_0095,TXN_00002977,324.87,2023-01-13
CUST_0031,TXN_00002978,505.54,2023-07-19
CUST_0020,TXN_00002979,222.57,2023-05-25
CUST_0070,TXN_00002980,921.74,2023-09-01
CUST_0084,TXN_00002981,169.09,2023-03-28
CUST_0008,TXN_00002982,582.4,2023-06-15
CUST_0061,TXN_00002983,983.56,2023-03-01
CUST_0080,TXN_00002984,231.27,2023-04-25
CUST_0095,TXN_00002985,674.51,2023-05-03
CUST_0039,TXN_00002986,245.96,2023-04-09
CUST_0046,TXN_00002987,358.78,2023-03-03
CUST_0086,TXN_00002988,902.89,2023-02-14
CUST_0020,TXN_00002989,396.87,2023-10-08
CUST_0039,TXN_00002990,822.36,2023-03-14
CUST_0092,TXN_00002991,271.6,2023-10-18
CUST_0030,TXN_00002992,581.46,2023-08-06
CUST_0024,TXN_00002993,943.01,2023-12-06
CUST_0093,TXN_00002994,897.59,2023-03-01
CUST_0011,TXN_00002995,295.95,2023-11-26
CUST_0083,TXN_00002996,559.21,2023-09-17
CUST_0093,TXN_00002997,42.3,2023-12-11
CUST_0067,TXN_00002998,261.82,2023-01-30
CUST_0005,TXN_00002999,332.67,2023-09-21
CUST_0002,TXN_00003000,986.9,2023-11-15
CUST_0001,TXN_00003001,428.75,2023-07-08
CUST_0092,TXN_00003002,924.59,2023-03-25
CUST_0035,TXN_00003003,628.03,2023-03-03
CUST_0037,TXN_00003004,817.32,2023-11-19
CUST_0077,TXN_00003005,598.7,2023-12-09
CUST_0094,TXN_00003006,504.06,2023-02-27
CUST_0050,TXN_00003007,86.74,2023-05-03
CUST_0076,TXN_00003008,222.37,2023-06-30
CUST_0052,TXN_00003009,603.15,2023-02-20
CUST_0034,TXN_00003010,450.48,2023-07-15
CUST_0091,TXN_00003011,288.13,2023-03-01
CUST_0033,TXN_00003012,310.1,2023-09-15
CUST_0020,TXN_00003013,872.88,2023-04-25
CUST_0047,TXN_00003014,293.18,2023-09-25
CUST_0067,TXN_00003015,590.04,2023-08-02
CUST_0049,TXN_00003016,260.64,2023-02-11
CUST_0099,TXN_00003017,609.74,2023-12-15
CUST_0046,TXN_00003018,267.06,2023-02-13
CUST_0043,TXN_00003019,227.93,2023-08-16
CUST_0076,TXN_00003020,510.34,2023-11-08
CUST_0085,TXN_00003021,305.06,2023-03-02
CUST_0010,TXN_00003022,187.8,2023-04-22
CUST_0059,TXN_00003023,793.8,2023-12-25
CUST_0094,TXN_00003024,436.16,2023-10-27
CUST_0056,TXN_00003025,41.08,2023-11-09
CUST_0053,TXN_00003026,706.66,2023-06-15
CUST_0054,TXN_00003027,970.17,2023-06-04
CUST_0095,TXN_00003028,435.19,2023-03-07
CUST_0013,TXN_00003029,348.77,2023-03-31
CUST_0014,TXN_00003030,232.55,2023-12-17
CUST_0080,TXN_00003031,617.33,2023-04-03
CUST_0050,TXN_00003032,891.95,2023-12-15
CUST_0085,TXN_00003033,800.17,2023-06-06
CUST_0059,TXN_00003034,116.9,2023-04-29
CUST_0043,TXN_00003035,902.09,2023-11-27
CUST_0020,TXN_00003036,684.66,2023-01-05
CUST_0028,TXN_00003037,331.6,2023-04-16
CUST_0034,TXN_00003038,86.26,2023-09-04
CUST_0027,TXN_00003039,428.14,2023-09-13
CUST_0097,TXN_00003040,116.38,2023-12-29
CUST_0036,TXN_00003041,60.27,2023-07-22
CUST_0052,TXN_00003042,437.41,2023-12-14
CUST_0078,TXN_00003043,290.99,2023-06-25
CUST_0049,TXN_00003044,912.74,2023-09-28
CUST_0066,TXN_00003045,281.01,2023-02-26
CUST_0078,TXN_00003046,301.93,2023-02-09
CUST_0040,TXN_00003047,589.3,2023-05-08
CUST_0028,TXN_00003048,801.56,2023-07-10
CUST_0026,TXN_00003049,736.6,2023-03-18
CUST_0099,TXN_00003050,639.89,2023-01-10
CUST_0048,TXN_00003051,668.0,2023-07-30
CUST_0063,TXN_00003052,301.85,2023-10-29
CUST_0054,TXN_00003053,381.98,2023-08-24
CUST_0023,TXN_00003054,275.77,2023-12-12
CUST_0029,TXN_00003055,336.23,2023-12-07
CUST_0068,TXN_00003056,954.07,2023-10-03
CUST_0001,TXN_00003057,858.35,2023-06-08
CUST_0030,TXN_00003058,313.6,2023-04-01
CUST_0041,TXN_00003059,980.39,2023-08-01
CUST_0036,TXN_00003060,832.7,2023-11-07
CUST_0005,TXN_00003061,616.45,2023-04-17
CUST_0042,TXN_00003062,810.85,2023-03-16
CUST_0042,TXN_00003063,871.0,2023-06-16
CUST_0004,TXN_00003064,530.37,2023-10-08
CUST_0059,TXN_00003065,333.89,2023-03-31
CUST_0093,TXN_00003066,743.71,2023-09-24
CUST_0029,TXN_00003067,226.79,2023-03-03
CUST_0088,TXN_00003068,346.51,2023-04-28
CUST_0051,TXN_00003069,53.01,2023-12-28
CUST_0095,TXN_00003070,329.33,2023-07-18
CUST_0089,TXN_00003071,97.32,2023-08-06
CUST_0052,TXN_00003072,733.72,2023-12-04
CUST_0010,TXN_00003073,578.09,2023-07-24
CUST_0013,TXN_00003074,845.97,2023-08-18
CUST_0013,TXN_00003075,680.82,2023-07-20
CUST_0041,TXN_00003076,13.48,2023-04-27
CUST_0079,TXN_00003077,724.5,2023-11-09
CUST_0082,TXN_00003078,333.34,2023-12-26
CUST_0059,TXN_00003079,502.47,2023-03-05
CUST_0069,TXN_00003080,627.93,2023-09-17
CUST_0017,TXN_00003081,608.57,2023-08-11
CUST_0080,TXN_00003082,907.33,2023-04-26
CUST_0022,TXN_00003083,85.2,2023-04-22
CUST_0095,TXN_00003084,149.76,2023-09-04
CUST_0067,TXN_00003085,849.08,2023-08-20
CUST_0014,TXN_00003086,477.88,2023-07-19
CUST_0053,TXN_00003087,967.97,2023-11-23
CUST_0034,TXN_00003088,845.25,2023-03-02
CUST_0079,TXN_00003089,20.52,2023-05-27
CUST_0065,TXN_00003090,677.75,2023-08-27
CUST_0034,TXN_00003091,587.1,2023-07-27
CUST_0056,TXN_00003092,154.52,2023-01-27
CUST_0099,TXN_00003093,369.36,2023-05-22
CUST_0058,TXN_00003094,795.4,2023-10-23
CUST_0009,TXN_00003095,958.04,2023-11-25
CUST_0047,TXN_00003096,268.28,2023-06-17
CUST_0016,TXN_00003097,98.26,2023-12-17
CUST_0070,TXN_00003098,631.27,2023-03-19
CUST_0074,TXN_00003099,799.09,2023-01-08
CUST_0098,TXN_00003100,170.59,2023-03-16
CUST_0028,TXN_00003101,197.97,2023-05-15
CUST_0079,TXN_00003102,671.06,2023-08-16
CUST_0007,TXN_00003103,410.92,2023-12-17
CUST_0014,TXN_00003104,232.0,2023-06-23
CUST_0097,TXN_00003105,209.39,2023-03-06
CUST_0035,TXN_00003106,358.86,2023-06-19
CUST_0039,TXN_00003107,812.23,2023-08-28
CUST_0099,TXN_00003108,436.36,2023-05-31
CUST_0014,TXN_00003109,410.38,2023-09-11
CUST_0033,TXN_00003110,944.08,2023-02-09
CUST_0049,TXN_00003111,91.33,2023-11-28
CUST_0087,TXN_00003112,592.9,2023-10-22
CUST_0094,TXN_00003113,648.93,2023-11-15
CUST_0021,TXN_00003114,900.0,2023-03-15
CUST_0025,TXN_00003115,667.8,2023-01-23
CUST_0090,TXN_00003116,747.26,2023-09-23
CUST_0068,TXN_00003117,775.98,2023-09-21
CUST_0090,TXN_00003118,404.7,2023-01-26
CUST_0055,TXN_00003119,398.15,2023-04-24
CUST_0094,TXN_00003120,152.84,2023-02-25
CUST_0059,TXN_00003121,897.76,2023-05-26
CUST_0034,TXN_00003122,417.05,2023-08-25
CUST_0091,TXN_00003123,275.89,2023-09-26
CUST_0089,TXN_00003124,431.61,2023-11-17
CUST_0031,TXN_00003125,818.24,2023-10-27
CUST_0046,TXN_00003126,493.7,2023-04-08
CUST_0100,TXN_00003127,383.22,2023-09-02
CUST_0074,TXN_00003128,577.62,2023-05-07
CUST_0057,TXN_00003129,274.99,2023-11-05
CUST_0013,TXN_00003130,584.44,2023-03-30
CUST_0049,TXN_00003131,720.09,2023-12-01
CUST_0020,TXN_00003132,543.94,2023-07-16
CUST_0086,TXN_00003133,511.49,2023-07-03
CUST_0052,TXN_00003134,194.01,2023-10-28
CUST_0012,TXN_00003135,670.49,2023-11-11
CUST_0027,TXN_00003136,728.08,2023-09-05
CUST_0004,TXN_00003137,905.26,2023-02-13
CUST_0076,TXN_00003138,678.07,2023-01-05
CUST_0059,TXN_00003139,560.4,2023-03-20
CUST_0068,TXN_00003140,160.89,2023-07-12
CUST_0052,TXN_00003141,998.65,2023-11-30
CUST_0012,TXN_00003142,384.51,2023-07-15
CUST_0099,TXN_00003143,375.14,2023-10-20
CUST_0021,TXN_00003144,681.67,2023-03-14
CUST_0091,TXN_00003145,116.8,2023-10-05
CUST_0060,TXN_00003146,598.12,2023-01-14
CUST_0005,TXN_00003147,18.85,2023-01-20
CUST_0042,TXN_00003148,446.17,2023-04-15
CUST_0083,TXN_00003149,548.65,2023-07-20
CUST_0067,TXN_00003150,848.19,2023-11-22
CUST_0098,TXN_00003151,864.09,2023-07-02
CUST_0094,TXN_00003152,711.89,2023-04-08
CUST_0009,TXN_00003153,790.85,2023-03-21
CUST_0014,TXN_00003154,534.26,2023-08-28
CUST_0057,TXN_00003155,262.61,2023-12-06
CUST_0093,TXN_00003156,841.6,2023-12-21
CUST_0090,TXN_00003157,15.06,2023-10-15
CUST_0049,TXN_00003158,461.68,2023-02-25
CUST_0035,TXN_00003159,173.08,2023-11-10
CUST_0021,TXN_00003160,456.94,2023-12-28
CUST_0044,TXN_00003161,785.7,2023-03-16
CUST_0099,TXN_00003162,38.84,2023-10-24
CUST_0077,TXN_00003163,839.52,2023-07-10
CUST_0013,TXN_00003164,627.34,2023-06-03
CUST_0073,TXN_00003165,911.48,2023-04-02
CUST_0028,TXN_00003166,230.34,2023-05-14
CUST_0052,TXN_00003167,424.41,2023-10-31
CUST_0053,TXN_00003168,644.84,2023-10-07
CUST_0088,TXN_00003169,396.19,2023-12-10
CUST_0087,TXN_00003170,293.75,2023-05-16
CUST_0027,TXN_00003171,483.35,2023-02-23
CUST_0080,TXN_00003172,916.84,2023-07-15
CUST_0099,TXN_00003173,997.43,2023-07-03
CUST_0099,TXN_00003174,538.05,2023-05-27
CUST_0077,TXN_00003175,237.38,2023-08-30
CUST_0047,TXN_00003176,289.88,2023-11-24
CUST_0038,TXN_00003177,317.09,2023-06-26
CUST_0044,TXN_00003178,358.06,2023-08-16
CUST_0041,TXN_00003179,965.54,2023-05-07
CUST_0010,TXN_00003180,27.38,2023-04-16
CUST_0043,TXN_00003181,986.16,2023-02-14
CUST_0027,TXN_00003182,986.32,2023-06-24
CUST_0099,TXN_00003183,472.93,2023-07-23
CUST_0084,TXN_00003184,393.0,2023-08-20
CUST_0098,TXN_00003185,792.83,2023-01-31
CUST_0085,TXN_00003186,529.26,2023-03-16
CUST_0058,TXN_00003187,458.45,2023-06-22
CUST_0035,TXN_00003188,181.94,2023-01-25
CUST_0093,TXN_00003189,959.16,2023-04-18
CUST_0038,TXN_00003190,680.55,2023-07-07
CUST_0007,TXN_00003191,401.02,2023-09-21
CUST_0074,TXN_00003192,139.24,2023-03-14
CUST_0089,TXN_00003193,233.38,2023-09-09
CUST_0003,TXN_00003194,766.8,2023-10-04
CUST_0032,TXN_00003195,509.03,2023-07-15
CUST_0064,TXN_00003196,992.44,2023-09-19
CUST_0021,TXN_00003197,549.21,2023-08-20
CUST_0095,TXN_00003198,602.51,2023-06-03
CUST_0082,TXN_00003199,292.68,2023-09-24
CUST_0016,TXN_00003200,242.55,2023-06-25
CUST_0034,TXN_00003201,677.65,2023-03-05
CUST_0091,TXN_00003202,397.68,2023-07-20
CUST_0039,TXN_00003203,772.5,2023-06-06
CUST_0022,TXN_00003204,498.79,2023-06-06
CUST_0066,TXN_00003205,691.16,2023-01-05
CUST_0063,TXN_00003206,235.19,2023-10-11
CUST_0092,TXN_00003207,21.33,2023-12-02
CUST_0032,TXN_00003208,950.73,2023-03-08
CUST_0031,TXN_00003209,715.68,2023-12-09
CUST_0029,TXN_00003210,166.39,2023-01-23
CUST_0032,TXN_00003211,279.2,2023-06-04
CUST_0001,TXN_00003212,260.21,2023-03-14
CUST_0074,TXN_00003213,60.79,2023-04-08
CUST_0035,TXN_00003214,651.25,2023-04-30
CUST_0034,TXN_00003215,251.98,2023-05-16
CUST_0007,TXN_00003216,587.85,2023-01-07
CUST_0060,TXN_00003217,641.21,2023-09-15
CUST_0022,TXN_00003218,628.16,2023-09-18
CUST_0093,TXN_00003219,915.9,2023-08-10
CUST_0022,TXN_00003220,775.41,2023-01-11
CUST_0096,TXN_00003221,968.56,2023-01-06
CUST_0004,TXN_00003222,996.86,2023-02-26
CUST_0009,TXN_00003223,161.69,2023-04-04
CUST_0039,TXN_00003224,591.78,2023-03-06
CUST_0032,TXN_00003225,766.46,2023-09-23
CUST_0016,TXN_00003226,510.16,2023-11-01
CUST_0004,TXN_00003227,943.55,2023-11-13
CUST_0077,TXN_00003228,172.48,2023-01-22
CUST_0079,TXN_00003229,874.4,2023-12-14
CUST_0016,TXN_00003230,507.84,2023-09-19
CUST_0090,TXN_00003231,389.72,2023-06-01
CUST_0094,TXN_00003232,99.59,2023-08-11
CUST_0026,TXN_00003233,800.18,2023-04-01
CUST_0040,TXN_00003234,151.55,2023-05-03
CUST_0021,TXN_00003235,314.67,2023-05-16
CUST_0029,TXN_00003236,299.95,2023-01-07
CUST_0099,TXN_00003237,33.52,2023-05-01
CUST_0034,TXN_00003238,262.13,2023-09-26
CUST_0033,TXN_00003239,204.44,2023-01-12
CUST_0049,TXN_00003240,980.14,2023-05-31
CUST_0093,TXN_00003241,429.02,2023-02-05
CUST_0010,TXN_00003242,438.33,2023-10-05
CUST_0063,TXN_00003243,323.56,2023-03-06
CUST_0071,TXN_00003244,565.13,2023-10-21
CUST_0049,TXN_00003245,242.84,2023-10-06
CUST_0033,TXN_00003246,949.35,2023-12-19
CUST_0063,TXN_00003247,137.51,2023-08-19
CUST_0025,TXN_00003248,438.82,2023-01-28
CUST_0039,TXN_00003249,180.23,2023-11-25
CUST_0100,TXN_00003250,862.9,2023-07-27
CUST_0087,TXN_00003251,253.7,2023-04-08
CUST_0079,TXN_00003252,423.34,2023-11-24
CUST_0015,TXN_00003253,366.6,2023-02-21
CUST_0066,TXN_00003254,368.34,2023-11-12
CUST_0079,TXN_00003255,974.77,2023-11-20
CUST_0088,TXN_00003256,450.91,2023-02-22
CUST_0066,TXN_00003257,230.32,2023-05-29
CUST_0094,TXN_00003258,32.38,2023-06-22
CUST_0098,TXN_00003259,679.44,2023-03-11
CUST_0072,TXN_00003260,832.4,2023-04-04
CUST_0060,TXN_00003261,934.03,2023-11-12
CUST_0046,TXN_00003262,264.08,2023-07-18
CUST_0034,TXN_00003263,606.58,2023-02-11
CUST_0008,TXN_00003264,520.68,2023-04-01
CUST_0079,TXN_00003265,482.28,2023-07-07
CUST_0084,TXN_00003266,43.45,2023-06-28
CUST_0023,TXN_00003267,990.26,2023-06-08
CUST_0044,TXN_00003268,432.13,2023-04-25
CUST_0097,TXN_00003269,277.25,2023-06-15
CUST_0092,TXN_00003270,834.77,2023-03-29
CUST_0063,TXN_00003271,866.14,2023-06-30
CUST_0046,TXN_00003272,746.88,2023-04-26
CUST_0009,TXN_00003273,717.59,2023-02-23
CUST_0004,TXN_00003274,47.86,2023-07-30
CUST_0088,TXN_00003275,355.24,2023-01-28
CUST_0052,TXN_00003276,138.75,2023-09-02
CUST_0089,TXN_00003277,82.08,2023-01-24
CUST_0030,TXN_00003278,374.77,2023-08-11
CUST_0091,TXN_00003279,507.01,2023-07-02
CUST_0048,TXN_00003280,48.22,2023-12-29
CUST_0074,TXN_00003281,899.66,2023-01-09
CUST_0065,TXN_00003282,741.81,2023-04-27
CUST_0011,TXN_00003283,717.33,2023-06-20
CUST_0037,TXN_00003284,762.13,2023-10-19
CUST_0035,TXN_00003285,790.51,2023-07-05
CUST_0099,TXN_00003286,483.83,2023-09-20
CUST_0040,TXN_00003287,222.4,2023-10-29
CUST_0021,TXN_00003288,734.47,2023-07-09
CUST_0068,TXN_00003289,936.76,2023-01-27
CUST_0099,TXN_00003290,608.67,2023-03-09
CUST_0029,TXN_00003291,783.24,2023-09-13
CUST_0083,TXN_00003292,189.44,2023-05-26
CUST_0046,TXN_00003293,124.49,2023-12-09
CUST_0087,TXN_00003294,203.84,2023-12-22
CUST_0097,TXN_00003295,998.21,2023-11-02
CUST_0020,TXN_00003296,451.37,2023-11-17
CUST_0006,TXN_00003297,435.02,2023-08-14
CUST_0021,TXN_00003298,932.81,2023-08-22
CUST_0057,TXN_00003299,358.24,2023-11-08
CUST_0062,TXN_00003300,730.41,2023-09-12
CUST_0061,TXN_00003301,87.3,2023-12-20
CUST_0090,TXN_00003302,424.25,2023-10-28
CUST_0009,TXN_00003303,372.51,2023-01-18
CUST_0042,TXN_00003304,51.1,2023-02-08
CUST_0009,TXN_00003305,556.26,2023-01-07
CUST_0009,TXN_00003306,155.32,2023-12-30
CUST_0068,TXN_00003307,436.14,2023-02-04
CUST_0027,TXN_00003308,715.31,2023-04-23
CUST_0066,TXN_00003309,993.62,2023-05-08
CUST_0092,TXN_00003310,394.01,2023-06-30
CUST_0026,TXN_00003311,442.45,2023-06-26
CUST_0015,TXN_00003312,928.98,2023-07-12
CUST_0063,TXN_00003313,465.91,2023-02-18
CUST_0048,TXN_00003314,734.28,2023-03-19
CUST_0017,TXN_00003315,843.13,2023-09-27
CUST_0002,TXN_00003316,509.43,2023-05-11
CUST_0019,TXN_00003317,985.53,2023-07-27
CUST_0086,TXN_00003318,572.37,2023-12-17
CUST_0003,TXN_00003319,107.57,2023-03-01
CUST_0023,TXN_00003320,753.13,2023-11-24
CUST_0036,TXN_00003321,898.84,2023-04-10
CUST_0026,TXN_00003322,155.97,2023-05-03
CUST_0054,TXN_00003323,307.32,2023-03-29
CUST_0015,TXN_00003324,270.93,2023-05-08
CUST_0094,TXN_00003325,442.61,2023-12-01
CUST_0050,TXN_00003326,872.4,2023-09-30
CUST_0013,TXN_00003327,768.92,2023-03-13
CUST_0077,TXN_00003328,595.6,2023-07-24
CUST_0072,TXN_00003329,534.45,2023-03-12
CUST_0010,TXN_00003330,269.14,2023-02-17
CUST_0068,TXN_00003331,839.25,2023-08-30
CUST_0032,TXN_00003332,835.18,2023-10-04
CUST_0030,TXN_00003333,999.49,2023-05-21
CUST_0068,TXN_00003334,988.63,2023-03-01
CUST_0040,TXN_00003335,360.66,2023-01-29
CUST_0096,TXN_00003336,633.62,2023-10-22
CUST_0018,TXN_00003337,369.02,2023-12-04
CUST_0061,TXN_00003338,345.84,2023-11-22
CUST_0060,TXN_00003339,900.49,2023-12-17
CUST_0013,TXN_00003340,820.09,2023-03-23
CUST_0041,TXN_00003341,663.54,2023-12-08
CUST_0030,TXN_00003342,487.29,2023-07-06
CUST_0029,TXN_00003343,304.08,2023-11-28
CUST_0014,TXN_00003344,208.4,2023-08-31
CUST_0032,TXN_00003345,254.01,2023-11-20
CUST_0035,TXN_00003346,849.68,2023-09-24
CUST_0035,TXN_00003347,731.0,2023-02-18
CUST_0021,TXN_00003348,713.08,2023-09-05
CUST_0095,TXN_00003349,462.31,2023-09-08
CUST_0035,TXN_00003350,103.03,2023-11-26
CUST_0021,TXN_00003351,26.39,2023-12-13
CUST_0085,TXN_00003352,251.78,2023-10-16
CUST_0013,TXN_00003353,574.44,2023-10-17
CUST_0100,TXN_00003354,94.52,2023-09-25
CUST_0015,TXN_00003355,314.93,2023-01-25
CUST_0023,TXN_00003356,839.31,2023-03-03
CUST_0082,TXN_00003357,935.57,2023-10-06
CUST_0095,TXN_00003358,326.5,2023-02-26
CUST_0006,TXN_00003359,811.68,2023-06-02
CUST_0080,TXN_00003360,933.61,2023-02-09
CUST_0040,TXN_00003361,954.42,2023-03-07
CUST_0039,TXN_00003362,463.81,2023-08-26
CUST_0066,TXN_00003363,930.36,2023-05-02
CUST_0091,TXN_00003364,129.28,2023-10-15
CUST_0077,TXN_00003365,335.0,2023-06-12
CUST_0004,TXN_00003366,580.84,2023-11-24
CUST_0066,TXN_00003367,614.58,2023-12-24
CUST_0072,TXN_00003368,604.96,2023-05-29
CUST_0008,TXN_00003369,607.58,2023-07-20
CUST_0064,TXN_00003370,138.75,2023-09-20
CUST_0053,TXN_00003371,920.62,2023-05-22
CUST_0086,TXN_00003372,332.64,2023-03-08
CUST_0031,TXN_00003373,625.9,2023-04-06
CUST_0055,TXN_00003374,664.28,2023-12-14
CUST_0071,TXN_00003375,939.57,2023-10-27
CUST_0004,TXN_00003376,756.65,2023-08-22
CUST_0072,TXN_00003377,263.35,2023-01-10
CUST_0100,TXN_00003378,231.76,2023-11-02
CUST_0039,TXN_00003379,213.67,2023-07-14
CUST_0011,TXN_00003380,911.54,2023-04-24
CUST_0093,TXN_00003381,877.68,2023-05-30
CUST_0056,TXN_00003382,395.73,2023-05-06
CUST_0058,TXN_00003383,977.24,2023-03-24
CUST_0012,TXN_00003384,256.23,2023-02-18
CUST_0053,TXN_00003385,575.02,2023-06-12
CUST_0006,TXN_00003386,79.46,2023-04-08
CUST_0077,TXN_00003387,657.84,2023-08-24
CUST_0054,TXN_00003388,407.52,2023-12-14
CUST_0052,TXN_00003389,626.4,2023-01-31
CUST_0078,TXN_00003390,681.32,2023-02-28
CUST_0007,TXN_00003391,354.14,2023-03-15
CUST_0062,TXN_00003392,361.0,2023-09-01
CUST_0075,TXN_00003393,920.73,2023-01-19
CUST_0080,TXN_00003394,219.77,2023-11-03
CUST_0055,TXN_00003395,178.5,2023-07-25
CUST_0087,TXN_00003396,808.89,2023-08-03
CUST_0056,TXN_00003397,989.25,2023-01-10
CUST_0095,TXN_00003398,132.81,2023-10-17
CUST_0099,TXN_00003399,210.4,2023-07-29
CUST_0059,TXN_00003400,19.73,2023-06-28
CUST_0034,TXN_00003401,396.41,2023-02-27
CUST_0040,TXN_00003402,209.23,2023-09-19
CUST_0023,TXN_00003403,397.64,2023-08-25
CUST_0046,TXN_00003404,801.57,2023-09-20
CUST_0094,TXN_00003405,686.96,2023-01-19
CUST_0086,TXN_00003406,398.33,2023-12-06
CUST_0080,TXN_00003407,836.5,2023-10-21
CUST_0032,TXN_00003408,966.88,2023-09-23
CUST_0038,TXN_00003409,442.89,2023-08-29
CUST_0088,TXN_00003410,66.23,2023-04-09
CUST_0088,TXN_00003411,484.52,2023-11-27
CUST_0061,TXN_00003412,704.07,2023-06-01
CUST_0011,TXN_00003413,821.46,2023-01-06
CUST_0033,TXN_00003414,569.37,2023-07-25
CUST_0073,TXN_00003415,950.75,2023-02-20
CUST_0032,TXN_00003416,770.5,2023-05-06
CUST_0064,TXN_00003417,173.6,2023-09-21
CUST_0062,TXN_00003418,738.01,2023-09-15
CUST_0015,TXN_00003419,498.32,2023-09-19
CUST_0086,TXN_00003420,273.72,2023-01-22
CUST_0059,TXN_00003421,373.11,2023-08-28
CUST_0077,TXN_00003422,560.51,2023-07-19
CUST_0010,TXN_00003423,723.93,2023-01-22
CUST_0078,TXN_00003424,400.69,2023-08-01
CUST_0019,TXN_00003425,935.34,2023-05-11
CUST_0071,TXN_00003426,32.25,2023-02-19
CUST_0089,TXN_00003427,38.58,2023-04-02
CUST_0075,TXN_00003428,553.51,2023-06-06
CUST_0033,TXN_00003429,443.13,2023-04-05
CUST_0030,TXN_00003430,562.22,2023-01-30
CUST_0096,TXN_00003431,434.44,2023-11-22
CUST_0095,TXN_00003432,229.12,2023-08-23
CUST_0002,TXN_00003433,608.24,2023-09-04
CUST_0037,TXN_00003434,301.31,2023-01-04
CUST_0009,TXN_00003435,64.14,2023-08-21
CUST_0085,TXN_00003436,411.9,2023-10-22
CUST_0098,TXN_00003437,837.32,2023-09-21
CUST_0042,TXN_00003438,848.69,2023-05-20
CUST_0005,TXN_00003439,860.08,2023-01-07
CUST_0098,TXN_00003440,181.39,2023-11-11
CUST_0058,TXN_00003441,674.05,2023-03-15
CUST_0002,TXN_00003442,171.27,2023-05-21
CUST_0058,TXN_00003443,774.53,2023-12-25
CUST_0002,TXN_00003444,228.58,2023-04-09
CUST_0044,TXN_00003445,689.21,2023-05-16
CUST_0027,TXN_00003446,372.03,2023-03-30
CUST_0033,TXN_00003447,409.25,2023-03-02
CUST_0061,TXN_00003448,915.89,2023-10-23
CUST_0049,TXN_00003449,395.12,2023-09-13
CUST_0037,TXN_00003450,708.55,2023-11-07
CUST_0040,TXN_00003451,121.13,2023-06-18
CUST_0001,TXN_00003452,25.08,2023-01-04
CUST_0005,TXN_00003453,82.47,2023-12-14
CUST_0054,TXN_00003454,391.79,2023-05-25
CUST_0027,TXN_00003455,32.12,2023-03-03
CUST_0069,TXN_00003456,990.32,2023-11-10
CUST_0042,TXN_00003457,409.91,2023-07-28
CUST_0073,TXN_00003458,928.7,2023-12-01
CUST_0089,TXN_00003459,140.42,2023-02-11
CUST_0080,TXN_00003460,411.05,2023-08-09
CUST_0085,TXN_00003461,50.5,2023-11-08
CUST_0044,TXN_00003462,746.07,2023-04-12
CUST_0083,TXN_00003463,37.37,2023-07-09
CUST_0100,TXN_00003464,131.47,2023-11-19
CUST_0077,TXN_00003465,940.98,2023-06-17
CUST_0093,TXN_00003466,784.63,2023-02-07
CUST_0055,TXN_00003467,485.97,2023-11-18
CUST_0077,TXN_00003468,110.91,2023-04-14
CUST_0045,TXN_00003469,317.22,2023-09-15
CUST_0033,TXN_00003470,439.89,2023-06-29
CUST_0049,TXN_00003471,893.72,2023-07-28
CUST_0083,TXN_00003472,825.58,2023-06-24
CUST_0046,TXN_00003473,871.24,2023-10-31
CUST_0023,TXN_00003474,48.96,2023-05-09
CUST_0006,TXN_00003475,951.42,2023-04-11
CUST_0017,TXN_00003476,961.88,2023-07-29
CUST_0100,TXN_00003477,816.01,2023-11-22
CUST_0009,TXN_00003478,622.25,2023-08-22
CUST_0009,TXN_00003479,381.72,2023-07-16
CUST_0055,TXN_00003480,424.65,2023-05-10
CUST_0028,TXN_00003481,212.7,2023-10-17
CUST_0096,TXN_00003482,587.23,2023-04-02
CUST_0061,TXN_00003483,120.88,2023-01-16
CUST_0075,TXN_00003484,68.78,2023-01-29
CUST_0073,TXN_00003485,70.43,2023-12-03
CUST_0041,TXN_00003486,112.81,2023-10-05
CUST_0054,TXN_00003487,664.54,2023-11-19
CUST_0083,TXN_00003488,535.83,2023-03-19
CUST_0084,TXN_00003489,917.62,2023-03-27
CUST_0020,TXN_00003490,235.43,2023-02-05
CUST_0080,TXN_00003491,905.42,2023-09-08
CUST_0057,TXN_00003492,219.09,2023-04-11
CUST_0065,TXN_00003493,342.52,2023-03-24
CUST_0058,TXN_00003494,351.11,2023-10-21
CUST_0075,TXN_00003495,168.77,2023-01-26
CUST_0026,TXN_00003496,925.24,2023-07-27
CUST_0061,TXN_00003497,378.53,2023-04-26
CUST_0050,TXN_00003498,242.05,2023-11-09
CUST_0055,TXN_00003499,784.59,2023-08-18
CUST_0075,TXN_00003500,959.01,2023-01-06
CUST_0010,TXN_00003501,387.95,2023-09-15
CUST_0056,TXN_00003502,542.09,2023-07-04
CUST_0025,TXN_00003503,941.5,2023-11-19
CUST_0092,TXN_00003504,780.74,2023-01-24
CUST_0039,TXN_00003505,221.26,2023-10-14
CUST_0039,TXN_00003506,275.86,2023-05-11
CUST_0088,TXN_00003507,846.31,2023-10-11
CUST_0068,TXN_00003508,963.11,2023-04-13
CUST_0048,TXN_00003509,374.44,2023-05-19
CUST_0048,TXN_00003510,366.6,2023-11-28
CUST_0002,TXN_00003511,987.46,2023-09-15
CUST_0088,TXN_00003512,416.66,2023-09-13
CUST_0087,TXN_00003513,321.66,2023-11-01
CUST_0045,TXN_00003514,175.28,2023-01-22
CUST_0073,TXN_00003515,345.75,2023-06-22
CUST_0058,TXN_00003516,293.84,2023-02-04
CUST_0100,TXN_00003517,591.5,2023-03-04
CUST_0026,TXN_00003518,750.46,2023-04-10
CUST_0034,TXN_00003519,333.95,2023-07-07
CUST_0081,TXN_00003520,263.25,2023-02-13
CUST_0058,TXN_00003521,917.43,2023-02-28
CUST_0020,TXN_00003522,956.91,2023-01-27
CUST_0018,TXN_00003523,121.99,2023-06-15
CUST_0053,TXN_00003524,572.15,2023-10-08
CUST_0077,TXN_00003525,221.12,2023-07-02
CUST_0085,TXN_00003526,179.75,2023-11-28
CUST_0049,TXN_00003527,773.57,2023-11-16
CUST_0047,TXN_00003528,108.99,2023-09-22
CUST_0093,TXN_00003529,305.55,2023-04-22
CUST_0093,TXN_00003530,653.71,2023-05-16
CUST_0081,TXN_00003531,865.87,2023-01-22
CUST_0055,TXN_00003532,715.92,2023-11-14
CUST_0001,TXN_00003533,452.61,2023-05-21
CUST_0044,TXN_00003534,583.19,2023-11-30
CUST_0021,TXN_00003535,250.33,2023-05-01
CUST_0013,TXN_00003536,200.2,2023-09-16
CUST_0069,TXN_00003537,926.52,2023-06-13
CUST_0009,TXN_00003538,964.7,2023-05-30
CUST_0060,TXN_00003539,209.53,2023-08-09
CUST_0002,TXN_00003540,831.22,2023-11-28
CUST_0050,TXN_00003541,262.91,2023-05-10
CUST_0022,TXN_00003542,282.14,2023-11-01
CUST_0047,TXN_00003543,473.76,2023-03-05
CUST_0004,TXN_00003544,430.68,2023-04-30
CUST_0059,TXN_00003545,85.29,2023-08-29
CUST_0078,TXN_00003546,255.59,2023-04-22
CUST_0064,TXN_00003547,666.97,2023-05-31
CUST_0097,TXN_00003548,572.35,2023-05-27
CUST_0083,TXN_00003549,217.66,2023-07-31
CUST_0069,TXN_00003550,522.49,2023-12-29
CUST_0039,TXN_00003551,227.36,2023-02-07
CUST_0044,TXN_00003552,569.23,2023-05-04
CUST_0028,TXN_00003553,594.12,2023-09-12
CUST_0066,TXN_00003554,863.6,2023-07-08
CUST_0084,TXN_00003555,738.13,2023-08-17
CUST_0039,TXN_00003556,861.12,2023-12-05
CUST_0067,TXN_00003557,779.5,2023-11-17
CUST_0097,TXN_00003558,777.98,2023-09-06
CUST_0057,TXN_00003559,390.22,2023-05-05
CUST_0024,TXN_00003560,878.63,2023-08-28
CUST_0038,TXN_00003561,455.02,2023-08-04
CUST_0061,TXN_00003562,669.18,2023-07-26
CUST_0093,TXN_00003563,376.49,2023-02-26
CUST_0099,TXN_00003564,213.12,2023-07-20
CUST_0026,TXN_00003565,155.59,2023-01-20
CUST_0009,TXN_00003566,100.98,2023-09-18
CUST_0009,TXN_00003567,744.28,2023-10-02
CUST_0068,TXN_00003568,591.01,2023-12-02
CUST_0025,TXN_00003569,741.14,2023-09-22
CUST_0089,TXN_00003570,429.45,2023-11-08
CUST_0013,TXN_00003571,863.61,2023-03-01
CUST_0030,TXN_00003572,527.48,2023-07-29
CUST_0043,TXN_00003573,773.74,2023-09-17
CUST_0094,TXN_00003574,30.57,2023-04-20
CUST_0079,TXN_00003575,807.88,2023-11-12
CUST_0096,TXN_00003576,392.54,2023-06-20
CUST_0008,TXN_00003577,870.14,2023-12-06
CUST_0092,TXN_00003578,45.24,2023-11-06
CUST_0020,TXN_00003579,860.48,2023-02-03
CUST_0001,TXN_00003580,955.19,2023-02-20
CUST_0052,TXN_00003581,180.11,2023-01-15
CUST_0020,TXN_00003582,973.18,2023-06-22
CUST_0064,TXN_00003583,737.57,2023-04-19
CUST_0079,TXN_00003584,841.4,2023-11-27
CUST_0071,TXN_00003585,695.39,2023-03-27
CUST_0066,TXN_00003586,656.9,2023-02-09
CUST_0087,TXN_00003587,715.23,2023-04-29
CUST_0040,TXN_00003588,272.38,2023-07-06
CUST_0016,TXN_00003589,481.15,2023-02-04
CUST_0003,TXN_00003590,223.37,2023-11-16
CUST_0099,TXN_00003591,113.36,2023-09-03
CUST_0040,TXN_00003592,355.19,2023-11-23
CUST_0002,TXN_00003593,171.65,2023-02-05
CUST_0092,TXN_00003594,745.14,2023-12-08
CUST_0077,TXN_00003595,408.54,2023-12-28
CUST_0067,TXN_00003596,300.19,2023-11-02
CUST_0055,TXN_00003597,945.16,2023-10-19
CUST_0054,TXN_00003598,814.45,2023-12-29
CUST_0075,TXN_00003599,213.36,2023-05-16
CUST_0033,TXN_00003600,162.55,2023-05-17
CUST_0019,TXN_00003601,568.69,2023-02-12
CUST_0077,TXN_00003602,884.23,2023-04-17
CUST_0092,TXN_00003603,613.28,2023-03-23
CUST_0090,TXN_00003604,244.57,2023-03-09
CUST_0089,TXN_00003605,374.61,2023-02-03
CUST_0028,TXN_00003606,502.11,2023-06-20
CUST_0100,TXN_00003607,729.93,2023-02-04
CUST_0032,TXN_00003608,280.38,2023-01-01
CUST_0015,TXN_00003609,899.58,2023-07-20
CUST_0068,TXN_00003610,869.62,2023-06-16
CUST_0041,TXN_00003611,872.33,2023-01-27
CUST_0080,TXN_00003612,997.65,2023-04-11
CUST_0010,TXN_00003613,975.1,2023-02-08
CUST_0058,TXN_00003614,861.32,2023-11-11
CUST_0070,TXN_00003615,898.42,2023-09-18
CUST_0049,TXN_00003616,742.08,2023-05-28
CUST_0054,TXN_00003617,782.33,2023-06-13
CUST_0090,TXN_00003618,810.53,2023-08-01
CUST_0089,TXN_00003619,975.43,2023-12-02
CUST_0004,TXN_00003620,624.53,2023-02-18
CUST_0004,TXN_00003621,403.13,2023-09-11
CUST_0075,TXN_00003622,888.1,2023-03-14
CUST_0056,TXN_00003623,467.75,2023-09-27
CUST_0074,TXN_00003624,790.8,2023-05-12
CUST_0062,TXN_00003625,889.17,2023-10-16
CUST_0038,TXN_00003626,715.98,2023-02-10
CUST_0080,TXN_00003627,701.34,2023-06-29
CUST_0049,TXN_00003628,760.64,2023-08-31
CUST_0024,TXN_00003629,117.66,2023-04-14
CUST_0088,TXN_00003630,267.31,2023-12-31
CUST_0081,TXN_00003631,666.56,2023-05-25
CUST_0043,TXN_00003632,534.58,2023-05-31
CUST_0091,TXN_00003633,500.79,2023-12-02
CUST_0035,TXN_00003634,501.1,2023-12-23
CUST_0043,TXN_00003635,896.95,2023-01-07
CUST_0031,TXN_00003636,653.34,2023-09-27
CUST_0088,TXN_00003637,88.01,2023-11-12
CUST_0073,TXN_00003638,210.01,2023-09-17
CUST_0025,TXN_00003639,533.05,2023-07-19
CUST_0017,TXN_00003640,239.47,2023-12-28
CUST_0067,TXN_00003641,368.88,2023-09-14
CUST_0003,TXN_00003642,344.79,2023-01-02
CUST_0100,TXN_00003643,861.17,2023-01-18
CUST_0082,TXN_00003644,236.23,2023-06-30
CUST_0011,TXN_00003645,322.31,2023-07-10
CUST_0070,TXN_00003646,576.49,2023-10-11
CUST_0035,TXN_00003647,660.64,2023-07-19
CUST_0048,TXN_00003648,309.38,2023-05-11
CUST_0045,TXN_00003649,212.3,2023-12-25
CUST_0050,TXN_00003650,16.91,2023-12-07
CUST_0010,TXN_00003651,295.47,2023-07-24
CUST_0001,TXN_00003652,79.1,2023-05-02
CUST_0036,TXN_00003653,297.99,2023-10-22
CUST_0035,TXN_00003654,347.8,2023-09-15
CUST_0017,TXN_00003655,212.49,2023-10-29
CUST_0047,TXN_00003656,811.13,2023-10-17
CUST_0046,TXN_00003657,898.19,2023-03-15
CUST_0048,TXN_00003658,363.26,2023-04-28
CUST_0030,TXN_00003659,599.37,2023-07-23
CUST_0089,TXN_00003660,692.02,2023-04-02
CUST_0100,TXN_00003661,429.78,2023-03-13
CUST_0080,TXN_00003662,987.12,2023-06-28
CUST_0025,TXN_00003663,842.79,2023-05-04
CUST_0058,TXN_00003664,795.7,2023-10-24
CUST_0073,TXN_00003665,503.69,2023-10-30
CUST_0019,TXN_00003666,936.58,2023-07-31
CUST_0002,TXN_00003667,889.22,2023-12-25
CUST_0043,TXN_00003668,277.55,2023-01-18
CUST_0013,TXN_00003669,347.2,2023-02-21
CUST_0082,TXN_00003670,651.24,2023-11-19
CUST_0026,TXN_00003671,344.98,2023-05-14
CUST_0038,TXN_00003672,856.09,2023-02-01
CUST_0061,TXN_00003673,207.68,2023-11-28
CUST_0061,TXN_00003674,342.1,2023-04-29
CUST_0045,TXN_00003675,630.72,2023-03-19
CUST_0100,TXN_00003676,473.38,2023-02-15
CUST_0071,TXN_00003677,377.05,2023-06-09
CUST_0007,TXN_00003678,147.55,2023-08-22
CUST_0074,TXN_00003679,710.13,2023-05-07
CUST_0097,TXN_00003680,60.9,2023-04-28
CUST_0051,TXN_00003681,836.14,2023-12-25
CUST_0033,TXN_00003682,786.83,2023-02-19
CUST_0046,TXN_00003683,450.79,2023-07-06
CUST_0091,TXN_00003684,311.7,2023-02-09
CUST_0050,TXN_00003685,771.19,2023-08-01
CUST_0071,TXN_00003686,681.65,2023-02-02
CUST_0097,TXN_00003687,291.05,2023-04-18
CUST_0019,TXN_00003688,119.69,2023-11-18
CUST_0044,TXN_00003689,537.48,2023-12-25
CUST_0073,TXN_00003690,575.68,2023-03-14
CUST_0095,TXN_00003691,797.29,2023-02-14
CUST_0080,TXN_00003692,603.5,2023-02-17
CUST_0002,TXN_00003693,126.37,2023-06-20
CUST_0079,TXN_00003694,26.44,2023-08-26
CUST_0097,TXN_00003695,359.38,2023-04-01
CUST_0045,TXN_00003696,836.22,2023-05-20
CUST_0047,TXN_00003697,665.15,2023-06-12
CUST_0094,TXN_00003698,508.64,2023-09-24
CUST_0069,TXN_00003699,237.08,2023-06-04
CUST_0012,TXN_00003700,543.88,2023-12-21
CUST_0054,TXN_00003701,259.44,2023-05-22
CUST_0058,TXN_00003702,90.64,2023-02-28
CUST_0057,TXN_00003703,104.17,2023-07-16
CUST_0090,TXN_00003704,823.25,2023-04-14
CUST_0047,TXN_00003705,932.64,2023-08-23
CUST_0007,TXN_00003706,684.84,2023-02-04
CUST_0079,TXN_00003707,707.92,2023-04-08
CUST_0012,TXN_00003708,418.27,2023-03-09
CUST_0034,TXN_00003709,989.18,2023-02-11
CUST_0059,TXN_00003710,579.45,2023-07-13
CUST_0087,TXN_00003711,669.99,2023-04-13
CUST_0025,TXN_00003712,488.71,2023-06-08
CUST_0034,TXN_00003713,909.21,2023-09-25
CUST_0090,TXN_00003714,320.43,2023-11-13
CUST_0008,TXN_00003715,661.37,2023-10-28
CUST_0013,TXN_00003716,113.67,2023-08-03
CUST_0032,TXN_00003717,839.22,2023-01-31
CUST_0004,TXN_00003718,995.02,2023-11-10
CUST_0056,TXN_00003719,455.15,2023-07-23
CUST_0083,TXN_00003720,481.21,2023-04-27
CUST_0059,TXN_00003721,892.11,2023-04-28
CUST_0043,TXN_00003722,16.13,2023-03-10
CUST_0015,TXN_00003723,116.61,2023-09-23
CUST_0033,TXN_00003724,379.75,2023-12-23
CUST_0096,TXN_00003725,503.85,2023-02-10
CUST_0033,TXN_00003726,18.1,2023-09-20
CUST_0100,TXN_00003727,778.62,2023-06-05
CUST_0003,TXN_00003728,216.53,2023-02-11
CUST_0008,TXN_00003729,126.76,2023-01-06
CUST_0052,TXN_00003730,367.77,2023-09-22
CUST_0096,TXN_00003731,111.79,2023-07-17
CUST_0016,TXN_00003732,54.58,2023-08-28
CUST_0037,TXN_00003733,541.05,2023-05-04
CUST_0073,TXN_00003734,739.42,2023-06-09
CUST_0097,TXN_00003735,547.95,2023-08-14
CUST_0031,TXN_00003736,639.79,2023-04-16
CUST_0076,TXN_00003737,946.16,2023-01-05
CUST_0067,TXN_00003738,453.14,2023-09-03
CUST_0054,TXN_00003739,258.63,2023-01-12
CUST_0063,TXN_00003740,739.6,2023-09-11
CUST_0007,TXN_00003741,693.5,2023-09-12
CUST_0012,TXN_00003742,505.05,2023-09-06
CUST_0100,TXN_00003743,489.58,2023-07-08
CUST_0015,TXN_00003744,417.44,2023-07-17
CUST_0040,TXN_00003745,401.59,2023-05-13
CUST_0100,TXN_00003746,737.81,2023-09-12
CUST_0036,TXN_00003747,296.46,2023-07-26
CUST_0088,TXN_00003748,904.26,2023-04-28
CUST_0090,TXN_00003749,944.02,2023-05-16
CUST_0035,TXN_00003750,56.09,2023-03-10
CUST_0049,TXN_00003751,819.2,2023-10-03
CUST_0071,TXN_00003752,956.55,2023-10-22
CUST_0092,TXN_00003753,656.26,2023-10-14
CUST_0066,TXN_00003754,399.74,2023-05-29
CUST_0050,TXN_00003755,419.44,2023-06-13
CUST_0001,TXN_00003756,738.78,2023-11-10
CUST_0092,TXN_00003757,674.66,2023-09-01
CUST_0040,TXN_00003758,277.7,2023-05-03
CUST_0005,TXN_00003759,873.51,2023-11-16
CUST_0018,TXN_00003760,753.09,2023-02-18
CUST_0076,TXN_00003761,949.18,2023-08-24
CUST_0047,TXN_00003762,21.94,2023-12-09
CUST_0011,TXN_00003763,673.03,2023-10-26
CUST_0094,TXN_00003764,898.81,2023-04-17
CUST_0039,TXN_00003765,978.11,2023-08-29
CUST_0075,TXN_00003766,558.89,2023-07-13
CUST_0057,TXN_00003767,298.94,2023-04-11
CUST_0099,TXN_00003768,993.01,2023-03-26
CUST_0027,TXN_00003769,702.29,2023-10-18
CUST_0044,TXN_00003770,912.43,2023-11-22
CUST_0006,TXN_00003771,479.68,2023-07-03
CUST_0045,TXN_00003772,56.31,2023-09-17
CUST_0047,TXN_00003773,243.92,2023-05-21
CUST_0002,TXN_00003774,738.06,2023-09-13
CUST_0097,TXN_00003775,988.74,2023-05-05
CUST_0067,TXN_00003776,279.27,2023-10-01
CUST_0070,TXN_00003777,934.44,2023-03-18
CUST_0085,TXN_00003778,108.02,2023-03-24
CUST_0061,TXN_00003779,548.81,2023-11-24
CUST_0043,TXN_00003780,777.21,2023-01-02
CUST_0017,TXN_00003781,764.91,2023-03-01
CUST_0096,TXN_00003782,727.4,2023-04-21
CUST_0041,TXN_00003783,732.9,2023-11-29
CUST_0090,TXN_00003784,844.43,2023-09-07
CUST_0002,TXN_00003785,561.94,2023-06-11
CUST_0097,TXN_00003786,291.25,2023-02-15
CUST_0095,TXN_00003787,924.84,2023-01-26
CUST_0086,TXN_00003788,146.64,2023-08-18
CUST_0040,TXN_00003789,583.04,2023-04-26
CUST_0042,TXN_00003790,439.48,2023-11-16
CUST_0084,TXN_00003791,631.89,2023-04-21
CUST_0034,TXN_00003792,561.89,2023-07-03
CUST_0089,TXN_00003793,295.62,2023-02-25
CUST_0054,TXN_00003794,113.4,2023-10-11
CUST_0052,TXN_00003795,510.64,2023-03-19
CUST_0007,TXN_00003796,419.36,2023-01-12
CUST_0053,TXN_00003797,821.63,2023-05-11
CUST_0044,TXN_00003798,238.01,2023-04-20
CUST_0013,TXN_00003799,27.1,2023-05-14
CUST_0014,TXN_00003800,198.8,2023-01-20
CUST_0032,TXN_00003801,274.93,2023-07-20
CUST_0004,TXN_00003802,636.44,2023-04-26
CUST_0029,TXN_00003803,280.38,2023-10-28
CUST_0009,TXN_00003804,546.47,2023-02-25
CUST_0062,TXN_00003805,709.5,2023-01-17
CUST_0044,TXN_00003806,552.75,2023-02-16
CUST_0067,TXN_00003807,284.76,2023-04-13
CUST_0007,TXN_00003808,196.66,2023-12-05
CUST_0026,TXN_00003809,479.43,2023-03-02
CUST_0063,TXN_00003810,85.86,2023-01-19
CUST_0096,TXN_00003811,826.59,2023-02-23
CUST_0001,TXN_00003812,764.58,2023-05-30
CUST_0046,TXN_00003813,248.3,2023-08-20
CUST_0027,TXN_00003814,657.47,2023-09-03
CUST_0019,TXN_00003815,527.87,2023-07-20
CUST_0093,TXN_00003816,844.2,2023-08-09
CUST_0050,TXN_00003817,274.67,2023-05-11
CUST_0100,TXN_00003818,365.35,2023-04-23
CUST_0064,TXN_00003819,581.52,2023-04-20
CUST_0094,TXN_00003820,428.63,2023-09-28
CUST_0015,TXN_00003821,611.73,2023-12-09
CUST_0033,TXN_00003822,713.5,2023-04-26
CUST_0028,TXN_00003823,607.56,2023-06-24
CUST_0097,TXN_00003824,998.12,2023-04-10
CUST_0093,TXN_00003825,368.92,2023-08-30
CUST_0059,TXN_00003826,661.71,2023-09-14
CUST_0013,TXN_00003827,318.04,2023-09-22
CUST_0008,TXN_00003828,909.51,2023-05-14
CUST_0012,TXN_00003829,214.7,2023-07-15
CUST_0017,TXN_00003830,952.34,2023-09-18
CUST_0019,TXN_00003831,571.89,2023-07-02
CUST_0045,TXN_00003832,966.24,2023-08-03
CUST_0035,TXN_00003833,464.13,2023-10-03
CUST_0044,TXN_00003834,113.88,2023-04-19
CUST_0075,TXN_00003835,523.15,2023-08-27
CUST_0034,TXN_00003836,979.19,2023-12-27
CUST_0030,TXN_00003837,264.21,2023-01-03
CUST_0083,TXN_00003838,612.86,2023-07-19
CUST_0050,TXN_00003839,129.43,2023-10-22
CUST_0069,TXN_00003840,235.3,2023-04-23
CUST_0055,TXN_00003841,301.93,2023-01-03
CUST_0040,TXN_00003842,625.05,2023-07-04
CUST_0060,TXN_00003843,549.64,2023-10-23
CUST_0056,TXN_00003844,272.34,2023-02-10
CUST_0075,TXN_00003845,227.91,2023-11-02
CUST_0094,TXN_00003846,467.33,2023-06-21
CUST_0055,TXN_00003847,473.96,2023-05-24
CUST_0003,TXN_00003848,393.32,2023-10-09
CUST_0092,TXN_00003849,965.4,2023-06-10
CUST_0051,TXN_00003850,14.44,2023-09-23
CUST_0068,TXN_00003851,921.19,2023-01-06
CUST_0077,TXN_00003852,155.31,2023-04-05
CUST_0038,TXN_00003853,823.98,2023-01-31
CUST_0006,TXN_00003854,40.74,2023-03-05
CUST_0038,TXN_00003855,958.05,2023-10-15
CUST_0081,TXN_00003856,241.66,2023-10-06
CUST_0011,TXN_00003857,643.05,2023-06-27
CUST_0100,TXN_00003858,129.95,2023-01-08
CUST_0051,TXN_00003859,852.58,2023-10-01
CUST_0054,TXN_00003860,693.16,2023-03-18
CUST_0015,TXN_00003861,285.41,2023-08-05
CUST_0047,TXN_00003862,740.8,2023-08-20
CUST_0061,TXN_00003863,619.13,2023-07-01
CUST_0031,TXN_00003864,964.76,2023-01-11
CUST_0035,TXN_00003865,378.58,2023-05-19
CUST_0097,TXN_00003866,326.73,2023-02-26
CUST_0051,TXN_00003867,182.73,2023-03-01
CUST_0075,TXN_00003868,419.6,2023-06-23
CUST_0064,TXN_00003869,194.33,2023-11-05
CUST_0080,TXN_00003870,697.87,2023-12-09
CUST_0051,TXN_00003871,238.91,2023-11-05
CUST_0040,TXN_00003872,669.25,2023-01-01
CUST_0052,TXN_00003873,159.06,2023-06-15
CUST_0056,TXN_00003874,852.1,2023-06-11
CUST_0082,TXN_00003875,578.9,2023-07-01
CUST_0095,TXN_00003876,570.45,2023-04-22
CUST_0070,TXN_00003877,961.59,2023-02-01
CUST_0049,TXN_00003878,17.97,2023-01-31
CUST_0063,TXN_00003879,563.6,2023-05-20
CUST_0011,TXN_00003880,810.94,2023-10-11
CUST_0068,TXN_00003881,333.28,2023-07-27
CUST_0089,TXN_00003882,550.53,2023-02-24
CUST_0030,TXN_00003883,780.26,2023-10-14
CUST_0051,TXN_00003884,974.28,2023-07-23
CUST_0020,TXN_00003885,842.96,2023-04-28
CUST_0065,TXN_00003886,240.17,2023-03-23
CUST_0059,TXN_00003887,425.02,2023-09-25
CUST_0085,TXN_00003888,626.57,2023-09-26
CUST_0063,TXN_00003889,481.03,2023-12-20
CUST_0056,TXN_00003890,59.18,2023-03-18
CUST_0067,TXN_00003891,474.79,2023-12-10
CUST_0003,TXN_00003892,697.79,2023-09-17
CUST_0023,TXN_00003893,921.12,2023-03-16
CUST_0008,TXN_00003894,163.86,2023-11-26
CUST_0094,TXN_00003895,570.06,2023-09-29
CUST_0066,TXN_00003896,672.43,2023-01-28
CUST_0043,TXN_00003897,90.46,2023-07-11
CUST_0079,TXN_00003898,925.29,2023-01-18
CUST_0024,TXN_00003899,579.43,2023-03-16
CUST_0007,TXN_00003900,762.43,2023-10-02
CUST_0082,TXN_00003901,694.87,2023-04-25
CUST_0089,TXN_00003902,513.82,2023-09-10
CUST_0030,TXN_00003903,65.99,2023-04-12
CUST_0004,TXN_00003904,161.43,2023-02-23
CUST_0032,TXN_00003905,857.77,2023-01-28
CUST_0070,TXN_00003906,390.2,2023-11-11
CUST_0077,TXN_00003907,371.29,2023-02-27
CUST_0061,TXN_00003908,997.66,2023-01-08
CUST_0019,TXN_00003909,744.1,2023-05-02
CUST_0009,TXN_00003910,491.9,2023-08-28
CUST_0070,TXN_00003911,462.69,2023-06-27
CUST_0062,TXN_00003912,116.73,2023-07-03
CUST_0034,TXN_00003913,443.58,2023-01-02
CUST_0026,TXN_00003914,286.27,2023-12-01
CUST_0061,TXN_00003915,789.16,2023-05-29
CUST_0035,TXN_00003916,54.98,2023-07-04
CUST_0079,TXN_00003917,490.17,2023-09-07
CUST_0031,TXN_00003918,13.69,2023-06-25
CUST_0062,TXN_00003919,212.2,2023-12-22
CUST_0058,TXN_00003920,830.24,2023-04-19
CUST_0037,TXN_00003921,190.1,2023-12-20
CUST_0058,TXN_00003922,360.86,2023-06-07
CUST_0055,TXN_00003923,296.26,2023-09-21
CUST_0049,TXN_00003924,537.76,2023-03-02
CUST_0027,TXN_00003925,857.6,2023-03-21
CUST_0100,TXN_00003926,757.83,2023-04-29
CUST_0032,TXN_00003927,593.39,2023-08-12
CUST_0035,TXN_00003928,780.41,2023-09-01
CUST_0058,TXN_00003929,159.12,2023-06-16
CUST_0074,TXN_00003930,495.45,2023-01-06
CUST_0100,TXN_00003931,929.57,2023-06-14
CUST_0061,TXN_00003932,490.7,2023-11-01
CUST_0036,TXN_00003933,426.37,2023-09-06
CUST_0091,TXN_00003934,194.67,2023-12-05
CUST_0074,TXN_00003935,882.17,2023-09-20
CUST_0001,TXN_00003936,256.36,2023-05-01
CUST_0085,TXN_00003937,72.65,2023-08-05
CUST_0079,TXN_00003938,178.56,2023-11-12
CUST_0061,TXN_00003939,196.22,2023-10-05
CUST_0060,TXN_00003940,99.72,2023-09-01
CUST_0016,TXN_00003941,89.7,2023-08-04
CUST_0026,TXN_00003942,107.75,2023-04-18
CUST_0017,TXN_00003943,765.16,2023-11-12
CUST_0062,TXN_00003944,315.5,2023-11-04
CUST_0057,TXN_00003945,757.65,2023-03-17
CUST_0022,TXN_00003946,764.58,2023-04-14
CUST_0072,TXN_00003947,721.93,2023-09-02
CUST_0098,TXN_00003948,220.2,2023-10-20
CUST_0048,TXN_00003949,99.74,2023-06-13
CUST_0078,TXN_00003950,416.87,2023-08-16
CUST_0054,TXN_00003951,29.63,2023-10-12
CUST_0099,TXN_00003952,323.78,2023-09-28
CUST_0007,TXN_00003953,637.5,2023-06-07
CUST_0070,TXN_00003954,253.25,2023-07-12
CUST_0039,TXN_00003955,197.5,2023-12-30
CUST_0014,TXN_00003956,766.34,2023-08-05
CUST_0073,TXN_00003957,370.14,2023-07-01
CUST_0100,TXN_00003958,968.32,2023-12-03
CUST_0050,TXN_00003959,902.08,2023-05-11
CUST_0007,TXN_00003960,97.38,2023-09-04
CUST_0083,TXN_00003961,747.51,2023-10-25
CUST_0002,TXN_00003962,974.58,2023-10-07
CUST_0050,TXN_00003963,470.01,2023-09-09
CUST_0058,TXN_00003964,171.29,2023-01-29
CUST_0069,TXN_00003965,147.72,2023-11-10
CUST_0075,TXN_00003966,684.01,2023-05-06
CUST_0029,TXN_00003967,585.42,2023-08-27
CUST_0051,TXN_00003968,83.97,2023-05-02
CUST_0100,TXN_00003969,61.52,2023-03-22
CUST_0015,TXN_00003970,559.41,2023-09-19
CUST_0039,TXN_00003971,815.98,2023-06-11
CUST_0030,TXN_00003972,514.29,2023-11-14
CUST_0043,TXN_00003973,329.43,2023-07-18
CUST_0048,TXN_00003974,280.39,2023-10-11
CUST_0006,TXN_00003975,182.51,2023-02-15
CUST_0086,TXN_00003976,876.09,2023-11-14
CUST_0066,TXN_00003977,593.84,2023-10-03
CUST_0053,TXN_00003978,732.12,2023-05-24
CUST_0066,TXN_00003979,275.54,2023-10-15
CUST_0063,TXN_00003980,473.06,2023-06-30
CUST_0093,TXN_00003981,330.19,2023-12-08
CUST_0047,TXN_00003982,648.64,2023-01-14
CUST_0005,TXN_00003983,825.6,2023-12-13
CUST_0004,TXN_00003984,106.53,2023-09-20
CUST_0044,TXN_00003985,800.05,2023-10-21
CUST_0089,TXN_00003986,839.85,2023-07-26
CUST_0036,TXN_00003987,820.41,2023-07-28
CUST_0017,TXN_00003988,18.04,2023-09-03
CUST_0023,TXN_00003989,151.39,2023-10-19
CUST_0043,TXN_00003990,813.47,2023-10-10
CUST_0098,TXN_00003991,662.6,2023-06-30
CUST_0049,TXN_00003992,280.37,2023-10-03
CUST_0030,TXN_00003993,582.48,2023-04-19
CUST_0058,TXN_00003994,676.8,2023-09-05
CUST_0074,TXN_00003995,381.94,2023-11-05
CUST_0098,TXN_00003996,345.09,2023-04-25
CUST_0057,TXN_00003997,769.8,2023-12-21
CUST_0047,TXN_00003998,522.43,2023-08-28
CUST_0085,TXN_00003999,849.44,2023-10-01
CUST_0013,TXN_00004000,996.19,2023-02-15
CUST_0075,TXN_00004001,449.83,2023-05-11
CUST_0094,TXN_00004002,796.71,2023-09-20
CUST_0080,TXN_00004003,84.02,2023-05-27
CUST_0008,TXN_00004004,102.27,2023-03-10
CUST_0064,TXN_00004005,185.6,2023-08-21
CUST_0005,TXN_00004006,50.49,2023-05-27
CUST_0085,TXN_00004007,879.32,2023-07-29
CUST_0075,TXN_00004008,897.25,2023-04-24
CUST_0011,TXN_00004009,660.97,2023-09-03
CUST_0021,TXN_00004010,78.14,2023-03-23
CUST_0087,TXN_00004011,899.67,2023-09-08
CUST_0010,TXN_00004012,212.37,2023-07-24
CUST_0084,TXN_00004013,201.48,2023-07-27
CUST_0022,TXN_00004014,256.71,2023-04-20
CUST_0004,TXN_00004015,811.18,2023-08-10
CUST_0006,TXN_00004016,249.28,2023-12-31
CUST_0022,TXN_00004017,885.48,2023-09-13
CUST_0072,TXN_00004018,919.9,2023-01-14
CUST_0028,TXN_00004019,904.83,2023-11-02
CUST_0030,TXN_00004020,159.0,2023-08-08
CUST_0054,TXN_00004021,561.41,2023-11-29
CUST_0082,TXN_00004022,716.66,2023-09-04
CUST_0032,TXN_00004023,262.23,2023-10-07
CUST_0071,TXN_00004024,489.7,2023-10-22
CUST_0089,TXN_00004025,929.08,2023-05-18
CUST_0093,TXN_00004026,380.9,2023-05-15
CUST_0028,TXN_00004027,165.4,2023-05-31
CUST_0038,TXN_00004028,736.04,2023-06-06
CUST_0080,TXN_00004029,709.75,2023-01-26
CUST_0071,TXN_00004030,841.59,2023-11-20
CUST_0088,TXN_00004031,390.08,2023-05-22
CUST_0004,TXN_00004032,217.15,2023-02-02
CUST_0017,TXN_00004033,443.38,2023-02-22
CUST_0054,TXN_00004034,642.29,2023-07-03
CUST_0043,TXN_00004035,24.45,2023-10-15
CUST_0005,TXN_00004036,436.14,2023-03-15
CUST_0071,TXN_00004037,107.2,2023-03-30
CUST_0069,TXN_00004038,694.77,2023-02-19
CUST_0067,TXN_00004039,473.97,2023-11-16
CUST_0019,TXN_00004040,707.2,2023-01-23
CUST_0082,TXN_00004041,78.83,2023-03-10
CUST_0044,TXN_00004042,811.71,2023-05-23
CUST_0066,TXN_00004043,235.35,2023-11-07
CUST_0019,TXN_00004044,504.33,2023-06-24
CUST_0057,TXN_00004045,896.29,2023-08-05
CUST_0031,TXN_00004046,617.77,2023-12-31
CUST_0083,TXN_00004047,441.82,2023-08-02
CUST_0053,TXN_00004048,612.12,2023-11-09
CUST_0083,TXN_00004049,491.01,2023-10-08
CUST_0082,TXN_00004050,554.37,2023-04-20
CUST_0084,TXN_00004051,561.47,2023-07-12
CUST_0064,TXN_00004052,19.99,2023-05-01
CUST_0051,TXN_00004053,725.08,2023-02-07
CUST_0010,TXN_00004054,682.6,2023-12-06
CUST_0013,TXN_00004055,874.29,2023-04-08
CUST_0026,TXN_00004056,768.94,2023-03-10
CUST_0063,TXN_00004057,410.12,2023-07-24
CUST_0055,TXN_00004058,200.38,2023-03-05
CUST_0016,TXN_00004059,835.78,2023-12-22
CUST_0098,TXN_00004060,394.89,2023-06-07
CUST_0086,TXN_00004061,478.92,2023-06-23
CUST_0031,TXN_00004062,129.74,2023-04-18
CUST_0100,TXN_00004063,63.51,2023-02-15
CUST_0069,TXN_00004064,769.24,2023-09-29
CUST_0004,TXN_00004065,196.07,2023-09-08
CUST_0054,TXN_00004066,591.48,2023-04-01
CUST_0037,TXN_00004067,328.45,2023-01-17
CUST_0043,TXN_00004068,892.19,2023-01-25
CUST_0031,TXN_00004069,432.29,2023-03-27
CUST_0033,TXN_00004070,983.82,2023-01-14
CUST_0024,TXN_00004071,651.3,2023-01-07
CUST_0099,TXN_00004072,324.61,2023-04-13
CUST_0013,TXN_00004073,913.96,2023-12-03
CUST_0004,TXN_00004074,634.54,2023-12-04
CUST_0085,TXN_00004075,419.63,2023-01-22
CUST_0056,TXN_00004076,614.86,2023-10-25
CUST_0069,TXN_00004077,979.85,2023-11-11
CUST_0067,TXN_00004078,207.07,2023-03-18
CUST_0042,TXN_00004079,963.31,2023-02-07
CUST_0029,TXN_00004080,742.93,2023-07-01
CUST_0002,TXN_00004081,589.91,2023-12-29
CUST_0058,TXN_00004082,29.67,2023-07-20
CUST_0014,TXN_00004083,443.9,2023-07-30
CUST_0009,TXN_00004084,887.87,2023-04-27
CUST_0027,TXN_00004085,547.7,2023-08-16
CUST_0082,TXN_00004086,129.15,2023-05-16
CUST_0018,TXN_00004087,619.43,2023-04-04
CUST_0013,TXN_00004088,382.27,2023-03-17
CUST_0019,TXN_00004089,984.8,2023-09-26
CUST_0051,TXN_00004090,809.19,2023-01-21
CUST_0056,TXN_00004091,759.24,2023-05-26
CUST_0044,TXN_00004092,90.38,2023-05-06
CUST_0016,TXN_00004093,685.84,2023-08-12
CUST_0067,TXN_00004094,137.77,2023-12-30
CUST_0082,TXN_00004095,800.47,2023-04-23
CUST_0034,TXN_00004096,383.17,2023-02-11
CUST_0083,TXN_00004097,115.36,2023-03-07
CUST_0029,TXN_00004098,30.73,2023-04-02
CUST_0074,TXN_00004099,211.56,2023-12-11
CUST_0089,TXN_00004100,519.78,2023-02-11
CUST_0027,TXN_00004101,766.59,2023-02-06
CUST_0016,TXN_00004102,11.43,2023-03-27
CUST_0076,TXN_00004103,960.52,2023-05-22
CUST_0050,TXN_00004104,249.46,2023-07-04
CUST_0065,TXN_00004105,143.43,2023-04-16
CUST_0071,TXN_00004106,74.25,2023-01-02
CUST_0073,TXN_00004107,974.15,2023-01-20
CUST_0080,TXN_00004108,654.91,2023-11-22
CUST_0082,TXN_00004109,400.95,2023-01-18
CUST_0023,TXN_00004110,718.98,2023-11-06
CUST_0091,TXN_00004111,699.45,2023-11-07
CUST_0069,TXN_00004112,630.96,2023-09-08
CUST_0075,TXN_00004113,954.03,2023-03-20
CUST_0033,TXN_00004114,163.44,2023-09-05
CUST_0064,TXN_00004115,749.69,2023-05-23
CUST_0068,TXN_00004116,868.88,2023-12-03
CUST_0091,TXN_00004117,866.86,2023-02-13
CUST_0010,TXN_00004118,411.91,2023-07-21
CUST_0009,TXN_00004119,164.21,2023-10-31
CUST_0061,TXN_00004120,200.27,2023-05-23
CUST_0056,TXN_00004121,888.72,2023-09-22
CUST_0041,TXN_00004122,247.54,2023-02-20
CUST_0095,TXN_00004123,516.81,2023-08-16
CUST_0053,TXN_00004124,351.87,2023-08-22
CUST_0067,TXN_00004125,369.15,2023-07-09
CUST_0054,TXN_00004126,56.36,2023-07-10
CUST_0091,TXN_00004127,673.05,2023-02-27
CUST_0065,TXN_00004128,955.43,2023-02-13
CUST_0050,TXN_00004129,423.93,2023-09-08
CUST_0075,TXN_00004130,306.84,2023-01-15
CUST_0052,TXN_00004131,23.32,2023-06-15
CUST_0017,TXN_00004132,254.85,2023-07-21
CUST_0041,TXN_00004133,822.65,2023-04-16
CUST_0093,TXN_00004134,505.16,2023-10-03
CUST_0040,TXN_00004135,854.7,2023-06-05
CUST_0065,TXN_00004136,981.05,2023-06-20
CUST_0029,TXN_00004137,127.44,2023-07-20
CUST_0037,TXN_00004138,681.06,2023-06-08
CUST_0049,TXN_00004139,453.65,2023-02-04
CUST_0090,TXN_00004140,715.04,2023-08-02
CUST_0099,TXN_00004141,957.06,2023-03-08
CUST_0080,TXN_00004142,231.64,2023-05-15
CUST_0049,TXN_00004143,52.35,2023-12-15
CUST_0007,TXN_00004144,724.25,2023-06-12
CUST_0058,TXN_00004145,895.36,2023-10-31
CUST_0021,TXN_00004146,311.3,2023-07-27
CUST_0014,TXN_00004147,904.39,2023-12-03
CUST_0096,TXN_00004148,867.39,2023-01-28
CUST_0072,TXN_00004149,114.24,2023-03-28
CUST_0033,TXN_00004150,113.67,2023-05-25
CUST_0016,TXN_00004151,906.73,2023-08-09
CUST_0046,TXN_00004152,721.96,2023-08-20
CUST_0082,TXN_00004153,368.73,2023-10-12
CUST_0062,TXN_00004154,219.96,2023-08-13
CUST_0031,TXN_00004155,758.72,2023-08-28
CUST_0006,TXN_00004156,405.22,2023-03-15
CUST_0031,TXN_00004157,743.44,2023-09-07
CUST_0015,TXN_00004158,140.0,2023-09-26
CUST_0028,TXN_00004159,585.36,2023-05-23
CUST_0069,TXN_00004160,959.5,2023-11-01
CUST_0035,TXN_00004161,224.11,2023-10-06
CUST_0050,TXN_00004162,573.31,2023-06-16
CUST_0015,TXN_00004163,477.14,2023-08-26
CUST_0055,TXN_00004164,869.47,2023-11-28
CUST_0075,TXN_00004165,900.97,2023-04-11
CUST_0075,TXN_00004166,351.05,2023-01-14
CUST_0078,TXN_00004167,495.34,2023-04-02
CUST_0049,TXN_00004168,894.43,2023-01-09
CUST_0073,TXN_00004169,847.79,2023-06-12
CUST_0090,TXN_00004170,776.33,2023-10-03
CUST_0097,TXN_00004171,729.16,2023-07-18
CUST_0093,TXN_00004172,275.3,2023-07-14
CUST_0092,TXN_00004173,301.18,2023-06-23
CUST_0039,TXN_00004174,673.95,2023-02-15
CUST_0025,TXN_00004175,681.95,2023-04-10
CUST_0073,TXN_00004176,778.72,2023-10-16
CUST_0025,TXN_00004177,204.96,2023-03-07
CUST_0056,TXN_00004178,833.09,2023-06-21
CUST_0006,TXN_00004179,209.95,2023-07-07
CUST_0026,TXN_00004180,925.54,2023-05-29
CUST_0053,TXN_00004181,784.86,2023-01-10
CUST_0055,TXN_00004182,216.6,2023-03-09
CUST_0100,TXN_00004183,651.1,2023-01-12
CUST_0015,TXN_00004184,248.94,2023-06-16
CUST_0092,TXN_00004185,942.19,2023-12-31
CUST_0056,TXN_00004186,752.51,2023-04-02
CUST_0079,TXN_00004187,122.28,2023-06-16
CUST_0062,TXN_00004188,725.69,2023-07-29
CUST_0024,TXN_00004189,59.07,2023-03-12
CUST_0064,TXN_00004190,885.79,2023-11-30
CUST_0011,TXN_00004191,734.73,2023-01-21
CUST_0096,TXN_00004192,24.85,2023-03-30
CUST_0047,TXN_00004193,17.2,2023-03-29
CUST_0003,TXN_00004194,571.92,2023-01-16
CUST_0008,TXN_00004195,767.97,2023-01-30
CUST_0067,TXN_00004196,976.78,2023-03-02
CUST_0079,TXN_00004197,233.55,2023-09-08
CUST_0011,TXN_00004198,501.89,2023-07-26
CUST_0070,TXN_00004199,648.92,2023-04-05
CUST_0100,TXN_00004200,117.2,2023-04-02
CUST_0043,TXN_00004201,943.53,2023-09-03
CUST_0075,TXN_00004202,129.38,2023-09-23
CUST_0029,TXN_00004203,283.86,2023-07-14
CUST_0076,TXN_00004204,408.98,2023-01-20
CUST_0047,TXN_00004205,120.7,2023-06-11
CUST_0079,TXN_00004206,992.92,2023-03-29
CUST_0003,TXN_00004207,48.0,2023-04-27
CUST_0056,TXN_00004208,591.79,2023-02-14
CUST_0038,TXN_00004209,990.96,2023-12-22
CUST_0032,TXN_00004210,478.71,2023-12-13
CUST_0066,TXN_00004211,934.55,2023-02-11
CUST_0040,TXN_00004212,374.3,2023-06-05
CUST_0051,TXN_00004213,548.23,2023-10-16
CUST_0027,TXN_00004214,241.1,2023-08-20
CUST_0001,TXN_00004215,823.89,2023-12-03
CUST_0036,TXN_00004216,338.48,2023-10-25
CUST_0064,TXN_00004217,873.2,2023-12-06
CUST_0068,TXN_00004218,555.59,2023-12-31
CUST_0091,TXN_00004219,244.69,2023-05-30
CUST_0003,TXN_00004220,246.17,2023-05-18
CUST_0049,TXN_00004221,75.83,2023-10-14
CUST_0055,TXN_00004222,616.91,2023-11-04
CUST_0083,TXN_00004223,77.3,2023-07-16
CUST_0016,TXN_00004224,548.75,2023-05-10
CUST_0053,TXN_00004225,139.07,2023-01-02
CUST_0062,TXN_00004226,195.61,2023-04-25
CUST_0023,TXN_00004227,623.39,2023-07-18
CUST_0065,TXN_00004228,342.67,2023-03-06
CUST_0002,TXN_00004229,296.35,2023-11-06
CUST_0055,TXN_00004230,346.38,2023-05-18
CUST_0004,TXN_00004231,12.76,2023-01-17
CUST_0009,TXN_00004232,86.02,2023-05-08
CUST_0039,TXN_00004233,929.93,2023-05-19
CUST_0094,TXN_00004234,956.47,2023-05-09
CUST_0080,TXN_00004235,253.85,2023-07-08
CUST_0035,TXN_00004236,384.52,2023-05-21
CUST_0048,TXN_00004237,903.3,2023-11-21
CUST_0026,TXN_00004238,306.47,2023-08-07
CUST_0100,TXN_00004239,907.66,2023-01-09
CUST_0074,TXN_00004240,16.54,2023-07-07
CUST_0059,TXN_00004241,431.63,2023-05-17
CUST_0058,TXN_00004242,422.72,2023-07-15
CUST_0098,TXN_00004243,167.9,2023-02-21
CUST_0084,TXN_00004244,234.52,2023-08-22
CUST_0009,TXN_00004245,886.06,2023-11-26
CUST_0020,TXN_00004246,883.18,2023-06-01
CUST_0025,TXN_00004247,430.89,2023-11-18
CUST_0057,TXN_00004248,725.2,2023-05-26
CUST_0041,TXN_00004249,385.99,2023-12-27
CUST_0054,TXN_00004250,332.14,2023-12-14
CUST_0083,TXN_00004251,292.77,2023-10-03
CUST_0022,TXN_00004252,419.76,2023-08-19
CUST_0035,TXN_00004253,57.05,2023-07-30
CUST_0020,TXN_00004254,886.62,2023-12-16
CUST_0063,TXN_00004255,556.34,2023-02-14
CUST_0003,TXN_00004256,24.41,2023-07-06
CUST_0029,TXN_00004257,123.56,2023-10-11
CUST_0022,TXN_00004258,736.27,2023-06-28
CUST_0010,TXN_00004259,438.07,2023-01-15
CUST_0036,TXN_00004260,481.82,2023-03-10
CUST_0050,TXN_00004261,59.84,2023-06-04
CUST_0095,TXN_00004262,539.45,2023-09-23
CUST_0082,TXN_00004263,218.35,2023-01-02
CUST_0049,TXN_00004264,885.31,2023-12-26
CUST_0054,TXN_00004265,896.05,2023-02-25
CUST_0004,TXN_00004266,154.24,2023-08-02
CUST_0014,TXN_00004267,490.88,2023-11-07
CUST_0063,TXN_00004268,635.43,2023-03-16
CUST_0014,TXN_00004269,368.83,2023-05-18
CUST_0030,TXN_00004270,365.83,2023-11-28
CUST_0085,TXN_00004271,184.93,2023-07-05
CUST_0016,TXN_00004272,544.64,2023-02-27
CUST_0061,TXN_00004273,348.59,2023-11-17
CUST_0045,TXN_00004274,753.11,2023-02-24
CUST_0004,TXN_00004275,951.69,2023-11-28
CUST_0054,TXN_00004276,662.49,2023-12-16
CUST_0054,TXN_00004277,336.15,2023-03-31
CUST_0045,TXN_00004278,518.08,2023-12-17
CUST_0055,TXN_00004279,379.28,2023-07-26
CUST_0072,TXN_00004280,125.94,2023-11-24
CUST_0068,TXN_00004281,452.96,2023-08-27
CUST_0021,TXN_00004282,452.36,2023-04-07
CUST_0070,TXN_00004283,22.27,2023-01-10
CUST_0043,TXN_00004284,56.01,2023-06-09
CUST_0099,TXN_00004285,322.78,2023-10-18
CUST_0068,TXN_00004286,771.52,2023-04-11
CUST_0030,TXN_00004287,223.77,2023-02-09
CUST_0043,TXN_00004288,542.12,2023-08-09
CUST_0011,TXN_00004289,574.1,2023-06-30
CUST_0056,TXN_00004290,908.77,2023-04-22
CUST_0021,TXN_00004291,851.72,2023-05-26
CUST_0086,TXN_00004292,275.4,2023-11-06
CUST_0090,TXN_00004293,272.29,2023-04-05
CUST_0095,TXN_00004294,406.42,2023-01-13
CUST_0068,TXN_00004295,709.17,2023-06-02
CUST_0005,TXN_00004296,813.55,2023-09-21
CUST_0001,TXN_00004297,318.73,2023-11-20
CUST_0043,TXN_00004298,421.85,2023-02-13
CUST_0069,TXN_00004299,451.67,2023-01-06
CUST_0044,TXN_00004300,472.88,2023-05-03
CUST_0060,TXN_00004301,308.47,2023-08-06
CUST_0055,TXN_00004302,795.27,2023-10-09
CUST_0067,TXN_00004303,646.25,2023-12-13
CUST_0080,TXN_00004304,960.45,2023-04-05
CUST_0040,TXN_00004305,27.07,2023-10-08
CUST_0064,TXN_00004306,975.73,2023-08-10
CUST_0080,TXN_00004307,473.72,2023-04-14
CUST_0087,TXN_00004308,585.32,2023-08-20
CUST_0044,TXN_00004309,477.62,2023-09-17
CUST_0094,TXN_00004310,921.73,2023-07-29
CUST_0056,TXN_00004311,417.18,2023-06-17
CUST_0097,TXN_00004312,880.84,2023-02-22
CUST_0010,TXN_00004313,980.95,2023-01-04
CUST_0032,TXN_00004314,42.14,2023-10-18
CUST_0084,TXN_00004315,947.46,2023-11-20
CUST_0042,TXN_00004316,724.17,2023-09-21
CUST_0088,TXN_00004317,236.97,2023-10-11
CUST_0094,TXN_00004318,715.62,2023-07-10
CUST_0085,TXN_00004319,269.42,2023-03-02
CUST_0068,TXN_00004320,71.09,2023-09-01
CUST_0099,TXN_00004321,105.28,2023-04-02
CUST_0002,TXN_00004322,586.61,2023-09-09
CUST_0033,TXN_00004323,108.03,2023-10-28
CUST_0043,TXN_00004324,466.39,2023-06-19
CUST_0043,TXN_00004325,117.9,2023-09-10
CUST_0028,TXN_00004326,800.53,2023-07-26
CUST_0097,TXN_00004327,461.39,2023-08-14
CUST_0098,TXN_00004328,255.77,2023-09-17
CUST_0001,TXN_00004329,602.88,2023-12-08
CUST_0086,TXN_00004330,541.52,2023-05-05
CUST_0010,TXN_00004331,426.45,2023-03-24
CUST_0016,TXN_00004332,562.0,2023-01-25
CUST_0017,TXN_00004333,847.94,2023-06-27
CUST_0100,TXN_00004334,615.45,2023-04-02
CUST_0064,TXN_00004335,521.88,2023-06-16
CUST_0049,TXN_00004336,331.66,2023-02-16
CUST_0052,TXN_00004337,10.29,2023-03-04
CUST_0081,TXN_00004338,729.54,2023-02-10
CUST_0050,TXN_00004339,627.42,2023-02-22
CUST_0002,TXN_00004340,139.88,2023-03-05
CUST_0075,TXN_00004341,924.05,2023-01-02
CUST_0046,TXN_00004342,675.66,2023-08-24
CUST_0020,TXN_00004343,514.58,2023-11-18
CUST_0087,TXN_00004344,682.75,2023-04-19
CUST_0049,TXN_00004345,916.13,2023-01-14
CUST_0072,TXN_00004346,920.55,2023-11-30
CUST_0075,TXN_00004347,933.64,2023-05-26
CUST_0018,TXN_00004348,168.95,2023-04-05
CUST_0091,TXN_00004349,81.78,2023-07-06
CUST_0043,TXN_00004350,914.48,2023-01-29
CUST_0060,TXN_00004351,893.65,2023-06-02
CUST_0018,TXN_00004352,576.66,2023-05-29
CUST_0042,TXN_00004353,335.13,2023-05-12
CUST_0022,TXN_00004354,728.89,2023-10-01
CUST_0062,TXN_00004355,727.42,2023-11-20
CUST_0023,TXN_00004356,252.6,2023-01-05
CUST_0002,TXN_00004357,158.17,2023-07-03
CUST_0020,TXN_00004358,710.42,2023-02-20
CUST_0005,TXN_00004359,177.96,2023-02-28
CUST_0087,TXN_00004360,947.26,2023-08-22
CUST_0094,TXN_00004361,77.27,2023-03-24
CUST_0060,TXN_00004362,968.0,2023-09-14
CUST_0056,TXN_00004363,414.03,2023-10-22
CUST_0100,TXN_00004364,753.2,2023-09-18
CUST_0036,TXN_00004365,561.73,2023-09-03
CUST_0039,TXN_00004366,271.64,2023-05-07
CUST_0095,TXN_00004367,773.07,2023-02-14
CUST_0011,TXN_00004368,470.65,2023-04-09
CUST_0084,TXN_00004369,742.67,2023-09-24
CUST_0020,TXN_00004370,358.3,2023-08-24
CUST_0061,TXN_00004371,55.29,2023-04-29
CUST_0025,TXN_00004372,562.03,2023-12-04
CUST_0023,TXN_00004373,646.64,2023-09-22
CUST_0075,TXN_00004374,571.44,2023-12-09
CUST_0052,TXN_00004375,649.9,2023-12-29
CUST_0098,TXN_00004376,79.41,2023-09-01
CUST_0046,TXN_00004377,812.65,2023-07-25
CUST_0080,TXN_00004378,500.74,2023-10-16
CUST_0001,TXN_00004379,972.22,2023-07-21
CUST_0045,TXN_00004380,345.72,2023-07-26
CUST_0033,TXN_00004381,557.75,2023-03-17
CUST_0012,TXN_00004382,470.52,2023-03-09
CUST_0024,TXN_00004383,604.4,2023-01-04
CUST_0089,TXN_00004384,878.31,2023-03-25
CUST_0025,TXN_00004385,942.74,2023-02-25
CUST_0094,TXN_00004386,760.99,2023-11-04
CUST_0043,TXN_00004387,346.71,2023-08-07
CUST_0092,TXN_00004388,553.97,2023-04-19
CUST_0038,TXN_00004389,142.51,2023-06-09
CUST_0064,TXN_00004390,392.31,2023-01-19
CUST_0058,TXN_00004391,438.11,2023-08-29
CUST_0093,TXN_00004392,794.16,2023-09-06
CUST_0076,TXN_00004393,669.94,2023-04-10
CUST_0037,TXN_00004394,631.05,2023-09-02
CUST_0012,TXN_00004395,158.16,2023-01-16
CUST_0011,TXN_00004396,369.74,2023-12-08
CUST_0001,TXN_00004397,458.44,2023-01-12
CUST_0062,TXN_00004398,468.57,2023-01-02
CUST_0051,TXN_00004399,595.9,2023-08-13
CUST_0095,TXN_00004400,506.54,2023-02-11
CUST_0017,TXN_00004401,59.54,2023-07-29
CUST_0035,TXN_00004402,145.18,2023-02-23
CUST_0062,TXN_00004403,69.03,2023-05-25
CUST_0025,TXN_00004404,485.83,2023-12-23
CUST_0074,TXN_00004405,434.31,2023-03-11
CUST_0058,TXN_00004406,620.97,2023-01-06
CUST_0001,TXN_00004407,689.21,2023-06-13
CUST_0043,TXN_00004408,340.18,2023-04-16
CUST_0053,TXN_00004409,399.84,2023-09-07
CUST_0066,TXN_00004410,876.46,2023-11-12
CUST_0075,TXN_00004411,987.01,2023-01-22
CUST_0036,TXN_00004412,745.66,2023-08-05
CUST_0094,TXN_00004413,28.56,2023-02-04
CUST_0049,TXN_00004414,72.28,2023-04-12
CUST_0004,TXN_00004415,566.76,2023-10-04
CUST_0055,TXN_00004416,259.17,2023-08-31
CUST_0019,TXN_00004417,651.41,2023-02-25
CUST_0090,TXN_00004418,877.99,2023-05-07
CUST_0015,TXN_00004419,514.24,2023-10-09
CUST_0012,TXN_00004420,339.32,2023-04-16
CUST_0095,TXN_00004421,245.78,2023-03-16
CUST_0041,TXN_00004422,813.12,2023-08-10
CUST_0094,TXN_00004423,268.37,2023-04-18
CUST_0037,TXN_00004424,724.07,2023-11-15
CUST_0034,TXN_00004425,909.3,2023-06-22
CUST_0017,TXN_00004426,860.72,2023-10-26
CUST_0031,TXN_00004427,626.74,2023-09-09
CUST_0013,TXN_00004428,297.89,2023-10-03
CUST_0098,TXN_00004429,330.15,2023-06-21
CUST_0055,TXN_00004430,635.34,2023-01-28
CUST_0089,TXN_00004431,530.22,2023-11-21
CUST_0054,TXN_00004432,690.92,2023-03-27
CUST_0071,TXN_00004433,269.42,2023-08-31
CUST_0093,TXN_00004434,41.39,2023-01-17
CUST_0022,TXN_00004435,382.42,2023-09-27
CUST_0013,TXN_00004436,165.17,2023-09-16
CUST_0056,TXN_00004437,675.53,2023-06-22
CUST_0048,TXN_00004438,436.32,2023-05-09
CUST_0054,TXN_00004439,66.85,2023-04-05
CUST_0087,TXN_00004440,42.01,2023-05-28
CUST_0038,TXN_00004441,123.79,2023-01-28
CUST_0040,TXN_00004442,975.64,2023-08-15
CUST_0072,TXN_00004443,160.97,2023-05-10
CUST_0019,TXN_00004444,758.73,2023-08-15
CUST_0023,TXN_00004445,283.97,2023-11-19
CUST_0072,TXN_00004446,532.22,2023-06-21
CUST_0079,TXN_00004447,514.62,2023-07-09
CUST_0048,TXN_00004448,880.01,2023-05-23
CUST_0088,TXN_00004449,184.69,2023-01-30
CUST_0012,TXN_00004450,989.47,2023-11-06
CUST_0072,TXN_00004451,333.61,2023-04-05
CUST_0081,TXN_00004452,515.84,2023-02-17
CUST_0056,TXN_00004453,489.86,2023-07-08
CUST_0018,TXN_00004454,728.76,2023-07-22
CUST_0009,TXN_00004455,977.89,2023-01-02
CUST_0025,TXN_00004456,503.63,2023-07-19
CUST_0078,TXN_00004457,992.68,2023-07-09
CUST_0060,TXN_00004458,199.81,2023-04-19
CUST_0031,TXN_00004459,640.28,2023-12-20
CUST_0064,TXN_00004460,57.66,2023-03-07
CUST_0093,TXN_00004461,106.68,2023-12-11
CUST_0032,TXN_00004462,978.82,2023-02-11
CUST_0034,TXN_00004463,981.9,2023-03-31
CUST_0096,TXN_00004464,773.64,2023-04-06
CUST_0061,TXN_00004465,331.91,2023-03-30
CUST_0035,TXN_00004466,387.07,2023-07-05
CUST_0026,TXN_00004467,843.87,2023-09-29
CUST_0080,TXN_00004468,748.44,2023-07-26
CUST_0029,TXN_00004469,686.19,2023-11-09
CUST_0057,TXN_00004470,876.59,2023-07-21
CUST_0015,TXN_00004471,89.2,2023-01-07
CUST_0023,TXN_00004472,566.13,2023-07-13
CUST_0090,TXN_00004473,921.02,2023-07-25
CUST_0011,TXN_00004474,551.31,2023-08-14
CUST_0013,TXN_00004475,367.23,2023-02-22
CUST_0027,TXN_00004476,407.83,2023-05-13
CUST_0043,TXN_00004477,49.92,2023-10-10
CUST_0093,TXN_00004478,969.79,2023-09-14
CUST_0032,TXN_00004479,505.37,2023-04-18
CUST_0039,TXN_00004480,117.62,2023-06-14
CUST_0057,TXN_00004481,813.33,2023-02-25
CUST_0057,TXN_00004482,667.8,2023-05-18
CUST_0092,TXN_00004483,583.65,2023-04-11
CUST_0052,TXN_00004484,43.77,2023-02-09
CUST_0083,TXN_00004485,649.52,2023-11-24
CUST_0039,TXN_00004486,385.94,2023-08-31
CUST_0086,TXN_00004487,127.51,2023-11-14
CUST_0019,TXN_00004488,41.14,2023-02-11
CUST_0042,TXN_00004489,572.64,2023-03-15
CUST_0035,TXN_00004490,915.44,2023-02-14
CUST_0065,TXN_00004491,214.11,2023-10-03
CUST_0099,TXN_00004492,975.89,2023-09-23
CUST_0076,TXN_00004493,168.96,2023-07-23
CUST_0030,TXN_00004494,584.84,2023-07-01
CUST_0095,TXN_00004495,96.42,2023-10-12
CUST_0012,TXN_00004496,943.37,2023-10-09
CUST_0045,TXN_00004497,608.96,2023-10-10
CUST_0071,TXN_00004498,203.82,2023-03-18
CUST_0063,TXN_00004499,109.1,2023-07-10
CUST_0099,TXN_00004500,377.9,2023-05-12
CUST_0058,TXN_00004501,668.8,2023-11-09
CUST_0036,TXN_00004502,211.16,2023-09-07
CUST_0047,TXN_00004503,500.73,2023-07-19
CUST_0014,TXN_00004504,169.53,2023-06-19
CUST_0065,TXN_00004505,396.39,2023-10-16
CUST_0068,TXN_00004506,154.31,2023-12-08
CUST_0021,TXN_00004507,676.15,2023-09-10
CUST_0009,TXN_00004508,675.85,2023-07-31
CUST_0041,TXN_00004509,837.62,2023-09-06
CUST_0047,TXN_00004510,16.61,2023-03-22
CUST_0069,TXN_00004511,813.39,2023-01-23
CUST_0068,TXN_00004512,260.41,2023-02-14
CUST_0086,TXN_00004513,846.14,2023-01-03
CUST_0089,TXN_00004514,621.01,2023-02-08
CUST_0028,TXN_00004515,658.73,2023-01-09
CUST_0094,TXN_00004516,583.63,2023-11-03
CUST_0030,TXN_00004517,396.53,2023-01-06
CUST_0088,TXN_00004518,62.81,2023-10-26
CUST_0021,TXN_00004519,596.34,2023-12-10
CUST_0005,TXN_00004520,237.04,2023-09-23
CUST_0088,TXN_00004521,460.08,2023-10-15
CUST_0077,TXN_00004522,487.15,2023-12-13
CUST_0054,TXN_00004523,779.06,2023-11-10
CUST_0030,TXN_00004524,131.62,2023-01-12
CUST_0048,TXN_00004525,175.28,2023-10-04
CUST_0061,TXN_00004526,587.88,2023-06-15
CUST_0044,TXN_00004527,810.38,2023-08-02
CUST_0015,TXN_00004528,507.79,2023-12-13
CUST_0078,TXN_00004529,459.44,2023-11-14
CUST_0067,TXN_00004530,884.99,2023-11-29
CUST_0006,TXN_00004531,220.77,2023-03-15
CUST_0077,TXN_00004532,489.62,2023-02-28
CUST_0049,TXN_00004533,400.43,2023-11-18
CUST_0078,TXN_00004534,83.03,2023-11-05
CUST_0045,TXN_00004535,435.82,2023-09-09
CUST_0025,TXN_00004536,53.49,2023-04-30
CUST_0013,TXN_00004537,460.06,2023-10-21
CUST_0039,TXN_00004538,155.22,2023-04-09
CUST_0039,TXN_00004539,875.13,2023-07-15
CUST_0011,TXN_00004540,550.34,2023-10-23
CUST_0012,TXN_00004541,170.84,2023-01-23
CUST_0017,TXN_00004542,160.34,2023-06-09
CUST_0087,TXN_00004543,696.05,2023-01-26
CUST_0028,TXN_00004544,496.48,2023-11-29
CUST_0067,TXN_00004545,265.82,2023-04-03
CUST_0041,TXN_00004546,430.85,2023-02-15
CUST_0066,TXN_00004547,89.28,2023-11-14
CUST_0040,TXN_00004548,932.22,2023-01-11
CUST_0090,TXN_00004549,182.25,2023-04-12
CUST_0034,TXN_00004550,749.23,2023-07-28
CUST_0026,TXN_00004551,823.87,2023-07-24
CUST_0076,TXN_00004552,680.09,2023-01-20
CUST_0076,TXN_00004553,971.72,2023-03-01
CUST_0074,TXN_00004554,112.64,2023-11-02
CUST_0061,TXN_00004555,185.86,2023-10-05
CUST_0019,TXN_00004556,507.03,2023-04-07
CUST_0040,TXN_00004557,991.68,2023-03-15
CUST_0042,TXN_00004558,344.35,2023-07-01
CUST_0005,TXN_00004559,868.47,2023-01-15
CUST_0093,TXN_00004560,118.25,2023-08-22
CUST_0004,TXN_00004561,922.92,2023-07-27
CUST_0026,TXN_00004562,618.75,2023-03-13
CUST_0043,TXN_00004563,883.64,2023-07-17
CUST_0100,TXN_00004564,879.05,2023-03-16
CUST_0027,TXN_00004565,370.17,2023-05-19
CUST_0084,TXN_00004566,936.99,2023-04-05
CUST_0094,TXN_00004567,540.56,2023-11-19
CUST_0097,TXN_00004568,780.36,2023-05-17
CUST_0076,TXN_00004569,913.02,2023-01-22
CUST_0048,TXN_00004570,709.27,2023-11-22
CUST_0022,TXN_00004571,433.47,2023-01-25
CUST_0009,TXN_00004572,578.32,2023-09-19
CUST_0069,TXN_00004573,627.39,2023-10-12
CUST_0096,TXN_00004574,586.63,2023-10-21
CUST_0027,TXN_00004575,184.31,2023-09-29
CUST_0002,TXN_00004576,163.56,2023-08-05
CUST_0095,TXN_00004577,983.36,2023-06-24
CUST_0060,TXN_00004578,770.16,2023-10-02
CUST_0002,TXN_00004579,450.64,2023-11-29
CUST_0051,TXN_00004580,171.05,2023-12-18
CUST_0085,TXN_00004581,544.89,2023-03-04
CUST_0060,TXN_00004582,986.76,2023-03-27
CUST_0052,TXN_00004583,45.41,2023-07-06
CUST_0083,TXN_00004584,354.21,2023-10-19
CUST_0005,TXN_00004585,488.75,2023-10-10
CUST_0073,TXN_00004586,491.63,2023-06-05
CUST_0038,TXN_00004587,169.96,2023-01-29
CUST_0095,TXN_00004588,955.33,2023-01-12
CUST_0028,TXN_00004589,180.99,2023-05-23
CUST_0100,TXN_00004590,415.73,2023-12-17
CUST_0020,TXN_00004591,594.39,2023-08-24
CUST_0064,TXN_00004592,922.09,2023-06-16
CUST_0056,TXN_00004593,580.9,2023-10-04
CUST_0059,TXN_00004594,344.26,2023-07-26
CUST_0097,TXN_00004595,744.27,2023-03-28
CUST_0034,TXN_00004596,835.78,2023-11-21
CUST_0021,TXN_00004597,436.27,2023-09-22
CUST_0069,TXN_00004598,59.63,2023-09-04
CUST_0044,TXN_00004599,423.7,2023-01-02
CUST_0085,TXN_00004600,701.1,2023-09-13
CUST_0070,TXN_00004601,996.99,2023-03-08
CUST_0050,TXN_00004602,41.31,2023-08-20
CUST_0004,TXN_00004603,629.65,2023-01-09
CUST_0020,TXN_00004604,492.35,2023-02-01
CUST_0064,TXN_00004605,655.08,2023-02-14
CUST_0079,TXN_00004606,479.44,2023-03-05
CUST_0025,TXN_00004607,127.82,2023-05-28
CUST_0095,TXN_00004608,80.87,2023-06-05
CUST_0013,TXN_00004609,594.48,2023-04-28
CUST_0009,TXN_00004610,541.01,2023-07-26
CUST_0044,TXN_00004611,75.38,2023-08-30
CUST_0077,TXN_00004612,627.98,2023-11-25
CUST_0036,TXN_00004613,323.79,2023-04-17
CUST_0070,TXN_00004614,498.25,2023-11-24
CUST_0093,TXN_00004615,978.85,2023-05-21
CUST_0046,TXN_00004616,348.6,2023-11-30
CUST_0060,TXN_00004617,34.81,2023-01-21
CUST_0060,TXN_00004618,954.46,2023-12-19
CUST_0081,TXN_00004619,225.28,2023-10-05
CUST_0020,TXN_00004620,391.51,2023-10-11
CUST_0033,TXN_00004621,550.28,2023-01-03
CUST_0081,TXN_00004622,795.09,2023-06-02
CUST_0057,TXN_00004623,967.67,2023-11-28
CUST_0048,TXN_00004624,430.06,2023-02-20
CUST_0009,TXN_00004625,259.19,2023-04-15
CUST_0083,TXN_00004626,328.63,2023-09-16
CUST_0025,TXN_00004627,377.38,2023-08-30
CUST_0063,TXN_00004628,937.87,2023-03-01
CUST_0036,TXN_00004629,209.93,2023-04-10
CUST_0003,TXN_00004630,976.03,2023-10-04
CUST_0064,TXN_00004631,522.51,2023-10-31
CUST_0004,TXN_00004632,949.67,2023-11-13
CUST_0040,TXN_00004633,70.56,2023-08-11
CUST_0025,TXN_00004634,862.89,2023-07-15
CUST_0090,TXN_00004635,249.38,2023-12-25
CUST_0054,TXN_00004636,182.21,2023-07-06
CUST_0035,TXN_00004637,263.72,2023-03-25
CUST_0024,TXN_00004638,376.72,2023-03-09
CUST_0006,TXN_00004639,238.62,2023-02-20
CUST_0019,TXN_00004640,602.0,2023-01-07
CUST_0023,TXN_00004641,787.27,2023-12-22
CUST_0072,TXN_00004642,605.08,2023-01-03
CUST_0059,TXN_00004643,297.0,2023-11-20
CUST_0013,TXN_00004644,218.79,2023-02-28
CUST_0067,TXN_00004645,253.58,2023-05-22
CUST_0006,TXN_00004646,540.86,2023-01-01
CUST_0087,TXN_00004647,756.71,2023-07-25
CUST_0050,TXN_00004648,749.66,2023-09-11
CUST_0092,TXN_00004649,117.58,2023-08-10
CUST_0083,TXN_00004650,364.51,2023-04-12
CUST_0076,TXN_00004651,641.67,2023-02-10
CUST_0082,TXN_00004652,850.48,2023-04-12
CUST_0083,TXN_00004653,158.36,2023-10-20
CUST_0067,TXN_00004654,445.59,2023-11-09
CUST_0052,TXN_00004655,679.75,2023-02-03
CUST_0070,TXN_00004656,213.36,2023-01-23
CUST_0049,TXN_00004657,938.79,2023-01-10
CUST_0060,TXN_00004658,133.2,2023-11-07
CUST_0064,TXN_00004659,243.81,2023-01-12
CUST_0005,TXN_00004660,640.99,2023-10-25
CUST_0037,TXN_00004661,788.14,2023-12-30
CUST_0080,TXN_00004662,311.04,2023-01-29
CUST_0038,TXN_00004663,468.3,2023-07-07
CUST_0053,TXN_00004664,981.53,2023-07-30
CUST_0030,TXN_00004665,201.89,2023-01-01
CUST_0090,TXN_00004666,139.06,2023-05-01
CUST_0034,TXN_00004667,245.6,2023-06-06
CUST_0055,TXN_00004668,773.14,2023-10-01
CUST_0032,TXN_00004669,631.25,2023-12-29
CUST_0099,TXN_00004670,296.1,2023-11-09
CUST_0050,TXN_00004671,352.72,2023-02-26
CUST_0001,TXN_00004672,993.93,2023-03-10
CUST_0014,TXN_00004673,275.7,2023-12-23
CUST_0095,TXN_00004674,658.57,2023-12-02
CUST_0078,TXN_00004675,596.24,2023-10-31
CUST_0036,TXN_00004676,953.8,2023-03-18
CUST_0088,TXN_00004677,574.36,2023-07-25
CUST_0025,TXN_00004678,432.13,2023-11-03
CUST_0033,TXN_00004679,755.11,2023-04-11
CUST_0069,TXN_00004680,877.39,2023-04-12
CUST_0018,TXN_00004681,807.25,2023-08-17
CUST_0044,TXN_00004682,426.08,2023-12-26
CUST_0023,TXN_00004683,266.88,2023-08-09
CUST_0046,TXN_00004684,530.76,2023-11-29
CUST_0052,TXN_00004685,556.61,2023-03-16
CUST_0033,TXN_00004686,636.48,2023-09-28
CUST_0037,TXN_00004687,253.7,2023-07-17
CUST_0088,TXN_00004688,625.97,2023-01-08
CUST_0061,TXN_00004689,168.99,2023-04-30
CUST_0098,TXN_00004690,793.07,2023-07-24
CUST_0042,TXN_00004691,847.12,2023-11-07
CUST_0025,TXN_00004692,510.82,2023-02-13
CUST_0027,TXN_00004693,947.34,2023-11-22
CUST_0044,TXN_00004694,631.11,2023-05-28
CUST_0030,TXN_00004695,806.06,2023-09-29
CUST_0007,TXN_00004696,75.11,2023-01-30
CUST_0054,TXN_00004697,339.85,2023-05-12
CUST_0060,TXN_00004698,744.8,2023-01-01
CUST_0016,TXN_00004699,956.82,2023-02-16
CUST_0087,TXN_00004700,119.26,2023-01-23
CUST_0008,TXN_00004701,738.99,2023-10-04
CUST_0088,TXN_00004702,313.91,2023-04-15
CUST_0086,TXN_00004703,879.36,2023-12-08
CUST_0056,TXN_00004704,357.16,2023-04-06
CUST_0003,TXN_00004705,965.9,2023-03-20
CUST_0088,TXN_00004706,585.71,2023-04-10
CUST_0063,TXN_00004707,669.4,2023-03-22
CUST_0076,TXN_00004708,987.09,2023-03-06
CUST_0053,TXN_00004709,520.4,2023-05-02
CUST_0087,TXN_00004710,477.39,2023-12-27
CUST_0071,TXN_00004711,686.29,2023-11-21
CUST_0079,TXN_00004712,249.16,2023-10-07
CUST_0023,TXN_00004713,576.36,2023-02-07
CUST_0044,TXN_00004714,628.9,2023-06-11
CUST_0084,TXN_00004715,545.55,2023-12-28
CUST_0074,TXN_00004716,63.06,2023-01-23
CUST_0099,TXN_00004717,324.41,2023-12-23
CUST_0075,TXN_00004718,925.0,2023-02-10
CUST_0021,TXN_00004719,970.08,2023-06-04
CUST_0051,TXN_00004720,96.02,2023-11-14
CUST_0050,TXN_00004721,699.57,2023-09-12
CUST_0043,TXN_00004722,750.59,2023-08-22
CUST_0045,TXN_00004723,168.82,2023-10-26
CUST_0081,TXN_00004724,172.21,2023-04-24
CUST_0016,TXN_00004725,472.69,2023-12-16
CUST_0093,TXN_00004726,694.11,2023-12-19
CUST_0030,TXN_00004727,232.79,2023-07-01
CUST_0031,TXN_00004728,161.02,2023-10-22
CUST_0100,TXN_00004729,444.71,2023-03-27
CUST_0072,TXN_00004730,429.26,2023-11-20
CUST_0073,TXN_00004731,760.18,2023-11-28
CUST_0071,TXN_00004732,552.04,2023-10-21
CUST_0075,TXN_00004733,460.32,2023-04-03
CUST_0063,TXN_00004734,636.4,2023-02-24
CUST_0055,TXN_00004735,770.7,2023-12-04
CUST_0029,TXN_00004736,796.85,2023-04-16
CUST_0014,TXN_00004737,151.88,2023-04-25
CUST_0037,TXN_00004738,807.59,2023-07-26
CUST_0047,TXN_00004739,624.01,2023-03-31
CUST_0023,TXN_00004740,950.93,2023-10-25
CUST_0031,TXN_00004741,932.25,2023-08-16
CUST_0093,TXN_00004742,919.62,2023-10-15
CUST_0031,TXN_00004743,706.99,2023-03-28
CUST_0035,TXN_00004744,468.77,2023-05-02
CUST_0022,TXN_00004745,564.53,2023-05-14
CUST_0009,TXN_00004746,364.37,2023-04-05
CUST_0065,TXN_00004747,36.4,2023-08-12
CUST_0036,TXN_00004748,98.43,2023-08-18
CUST_0071,TXN_00004749,685.77,2023-09-03
CUST_0063,TXN_00004750,364.21,2023-03-10
CUST_0029,TXN_00004751,485.69,2023-06-22
CUST_0083,TXN_00004752,202.21,2023-09-28
CUST_0062,TXN_00004753,350.33,2023-01-17
CUST_0007,TXN_00004754,936.93,2023-08-14
CUST_0061,TXN_00004755,520.77,2023-06-06
CUST_0035,TXN_00004756,113.42,2023-01-15
CUST_0009,TXN_00004757,662.6,2023-09-25
CUST_0046,TXN_00004758,757.53,2023-02-22
CUST_0004,TXN_00004759,817.93,2023-06-07
CUST_0024,TXN_00004760,902.42,2023-07-19
CUST_0046,TXN_00004761,131.53,2023-04-17
CUST_0090,TXN_00004762,39.85,2023-02-21
CUST_0014,TXN_00004763,866.5,2023-01-12
CUST_0021,TXN_00004764,478.71,2023-04-25
CUST_0065,TXN_00004765,271.42,2023-12-11
CUST_0023,TXN_00004766,990.83,2023-10-29
CUST_0036,TXN_00004767,46.2,2023-12-31
CUST_0045,TXN_00004768,499.68,2023-02-17
CUST_0096,TXN_00004769,811.62,2023-06-12
CUST_0061,TXN_00004770,335.43,2023-02-03
CUST_0006,TXN_00004771,575.17,2023-10-10
CUST_0023,TXN_00004772,183.49,2023-05-19
CUST_0007,TXN_00004773,930.23,2023-07-10
CUST_0053,TXN_00004774,485.52,2023-01-16
CUST_0029,TXN_00004775,151.74,2023-09-14
CUST_0054,TXN_00004776,907.88,2023-11-22
CUST_0003,TXN_00004777,738.81,2023-07-03
CUST_0032,TXN_00004778,510.47,2023-11-22
CUST_0083,TXN_00004779,815.4,2023-02-15
CUST_0075,TXN_00004780,58.3,2023-07-07
CUST_0097,TXN_00004781,441.28,2023-03-31
CUST_0037,TXN_00004782,217.86,2023-08-30
CUST_0030,TXN_00004783,451.06,2023-12-23
CUST_0056,TXN_00004784,272.52,2023-07-21
CUST_0079,TXN_00004785,743.84,2023-11-07
CUST_0082,TXN_00004786,530.93,2023-12-01
CUST_0095,TXN_00004787,649.03,2023-05-16
CUST_0031,TXN_00004788,633.75,2023-12-21
CUST_0070,TXN_00004789,859.58,2023-03-05
CUST_0078,TXN_00004790,449.33,2023-06-03
CUST_0033,TXN_00004791,424.26,2023-04-02
CUST_0006,TXN_00004792,10.5,2023-11-09
CUST_0028,TXN_00004793,324.88,2023-08-26
CUST_0033,TXN_00004794,852.27,2023-08-07
CUST_0011,TXN_00004795,975.28,2023-02-24
CUST_0025,TXN_00004796,449.35,2023-06-01
CUST_0012,TXN_00004797,879.25,2023-05-28
CUST_0019,TXN_00004798,580.64,2023-01-25
CUST_0024,TXN_00004799,64.94,2023-04-12
CUST_0051,TXN_00004800,571.78,2023-08-04
CUST_0062,TXN_00004801,881.85,2023-11-24
CUST_0029,TXN_00004802,159.69,2023-12-10
CUST_0099,TXN_00004803,52.25,2023-05-31
CUST_0034,TXN_00004804,241.73,2023-08-17
CUST_0083,TXN_00004805,502.69,2023-02-16
CUST_0005,TXN_00004806,392.13,2023-12-11
CUST_0053,TXN_00004807,807.51,2023-01-13
CUST_0011,TXN_00004808,485.46,2023-11-09
CUST_0094,TXN_00004809,438.1,2023-10-05
CUST_0099,TXN_00004810,561.97,2023-03-14
CUST_0098,TXN_00004811,809.19,2023-02-10
CUST_0063,TXN_00004812,450.25,2023-09-25
CUST_0008,TXN_00004813,20.09,2023-01-03
CUST_0057,TXN_00004814,700.75,2023-06-05
CUST_0025,TXN_00004815,297.46,2023-06-03
CUST_0055,TXN_00004816,950.84,2023-08-25
CUST_0024,TXN_00004817,902.01,2023-08-03
CUST_0024,TXN_00004818,120.69,2023-05-21
CUST_0083,TXN_00004819,687.55,2023-04-03
CUST_0089,TXN_00004820,447.98,2023-12-15
CUST_0032,TXN_00004821,62.13,2023-03-31
CUST_0061,TXN_00004822,753.26,2023-07-30
CUST_0026,TXN_00004823,428.14,2023-12-17
CUST_0068,TXN_00004824,600.05,2023-07-24
CUST_0020,TXN_00004825,936.98,2023-11-15
CUST_0054,TXN_00004826,251.44,2023-10-02
CUST_0091,TXN_00004827,639.6,2023-09-22
CUST_0091,TXN_00004828,15.92,2023-09-22
CUST_0083,TXN_00004829,726.71,2023-03-03
CUST_0088,TXN_00004830,164.08,2023-12-15
CUST_0068,TXN_00004831,921.66,2023-01-30
CUST_0026,TXN_00004832,407.36,2023-03-09
CUST_0097,TXN_00004833,677.99,2023-01-08
CUST_0032,TXN_00004834,446.66,2023-06-03
CUST_0066,TXN_00004835,325.87,2023-11-10
CUST_0092,TXN_00004836,876.68,2023-06-24
CUST_0087,TXN_00004837,866.62,2023-10-30
CUST_0006,TXN_00004838,611.0,2023-06-16
CUST_0089,TXN_00004839,210.91,2023-03-23
CUST_0010,TXN_00004840,748.34,2023-09-12
CUST_0044,TXN_00004841,386.65,2023-02-02
CUST_0045,TXN_00004842,434.96,2023-06-26
CUST_0004,TXN_00004843,646.5,2023-07-15
CUST_0082,TXN_00004844,347.0,2023-05-27
CUST_0054,TXN_00004845,558.9,2023-05-07
CUST_0005,TXN_00004846,354.08,2023-12-10
CUST_0039,TXN_00004847,649.56,2023-07-25
CUST_0086,TXN_00004848,79.44,2023-12-18
CUST_0081,TXN_00004849,103.88,2023-12-20
CUST_0030,TXN_00004850,134.36,2023-03-16
CUST_0084,TXN_00004851,857.23,2023-04-07
CUST_0056,TXN_00004852,985.76,2023-05-26
CUST_0031,TXN_00004853,17.11,2023-07-17
CUST_0064,TXN_00004854,512.94,2023-01-14
CUST_0040,TXN_00004855,793.1,2023-11-08
CUST_0078,TXN_00004856,830.83,2023-11-04
CUST_0013,TXN_00004857,460.36,2023-08-26
CUST_0040,TXN_00004858,781.91,2023-11-10
CUST_0035,TXN_00004859,408.33,2023-11-19
CUST_0016,TXN_00004860,168.03,2023-04-30
CUST_0071,TXN_00004861,132.66,2023-10-04
CUST_0010,TXN_00004862,811.35,2023-10-22
CUST_0054,TXN_00004863,279.31,2023-04-17
CUST_0027,TXN_00004864,366.53,2023-09-23
CUST_0058,TXN_00004865,224.16,2023-03-09
CUST_0039,TXN_00004866,91.96,2023-03-24
CUST_0024,TXN_00004867,442.97,2023-03-03
CUST_0085,TXN_00004868,711.72,2023-01-09
CUST_0062,TXN_00004869,37.24,2023-12-05
CUST_0004,TXN_00004870,702.06,2023-11-23
CUST_0018,TXN_00004871,937.02,2023-06-26
CUST_0006,TXN_00004872,56.06,2023-02-24
CUST_0095,TXN_00004873,464.01,2023-01-21
CUST_0077,TXN_00004874,997.99,2023-12-05
CUST_0061,TXN_00004875,215.0,2023-06-11
CUST_0086,TXN_00004876,452.95,2023-11-09
CUST_0096,TXN_00004877,752.77,2023-02-15
CUST_0044,TXN_00004878,611.15,2023-01-03
CUST_0019,TXN_00004879,929.43,2023-07-19
CUST_0074,TXN_00004880,230.5,2023-01-16
CUST_0012,TXN_00004881,218.08,2023-06-22
CUST_0006,TXN_00004882,267.28,2023-01-29
CUST_0020,TXN_00004883,573.11,2023-11-17
CUST_0063,TXN_00004884,937.46,2023-04-20
CUST_0006,TXN_00004885,482.5,2023-07-04
CUST_0050,TXN_00004886,732.89,2023-10-15
CUST_0094,TXN_00004887,542.53,2023-10-30
CUST_0088,TXN_00004888,60.91,2023-02-24
CUST_0073,TXN_00004889,118.49,2023-05-17
CUST_0032,TXN_00004890,73.11,2023-05-30
CUST_0076,TXN_00004891,755.82,2023-10-12
CUST_0025,TXN_00004892,766.07,2023-05-15
CUST_0093,TXN_00004893,396.57,2023-01-19
CUST_0073,TXN_00004894,633.47,2023-11-27
CUST_0054,TXN_00004895,378.66,2023-04-26
CUST_0017,TXN_00004896,909.57,2023-07-22
CUST_0094,TXN_00004897,332.75,2023-06-26
CUST_0013,TXN_00004898,26.14,2023-07-05
CUST_0050,TXN_00004899,201.13,2023-05-10
CUST_0069,TXN_00004900,940.96,2023-08-12
CUST_0004,TXN_00004901,731.77,2023-02-08
CUST_0032,TXN_00004902,510.62,2023-06-09
CUST_0041,TXN_00004903,904.67,2023-06-01
CUST_0037,TXN_00004904,748.96,2023-04-26
CUST_0026,TXN_00004905,965.87,2023-06-11
CUST_0100,TXN_00004906,169.1,2023-09-11
CUST_0070,TXN_00004907,152.36,2023-07-24
CUST_0021,TXN_00004908,660.29,2023-09-05
CUST_0031,TXN_00004909,273.62,2023-04-17
CUST_0055,TXN_00004910,321.48,2023-07-29
CUST_0047,TXN_00004911,416.14,2023-06-25
CUST_0083,TXN_00004912,730.08,2023-05-07
CUST_0039,TXN_00004913,500.27,2023-06-12
CUST_0026,TXN_00004914,419.64,2023-11-09
CUST_0023,TXN_00004915,692.5,2023-11-19
CUST_0071,TXN_00004916,194.25,2023-06-24
CUST_0062,TXN_00004917,979.3,2023-01-19
CUST_0017,TXN_00004918,793.19,2023-04-16
CUST_0037,TXN_00004919,541.27,2023-03-11
CUST_0072,TXN_00004920,771.47,2023-04-08
CUST_0087,TXN_00004921,997.23,2023-08-06
CUST_0060,TXN_00004922,914.01,2023-07-21
CUST_0057,TXN_00004923,431.27,2023-02-03
CUST_0041,TXN_00004924,312.0,2023-09-05
CUST_0083,TXN_00004925,15.49,2023-10-03
CUST_0016,TXN_00004926,445.82,2023-07-12
CUST_0090,TXN_00004927,999.81,2023-08-19
CUST_0016,TXN_00004928,134.75,2023-06-16
CUST_0025,TXN_00004929,124.2,2023-05-29
CUST_0021,TXN_00004930,95.13,2023-01-13
CUST_0027,TXN_00004931,433.71,2023-04-28
CUST_0065,TXN_00004932,228.78,2023-12-11
CUST_0028,TXN_00004933,817.59,2023-11-02
CUST_0024,TXN_00004934,558.16,2023-06-23
CUST_0008,TXN_00004935,70.52,2023-04-04
CUST_0067,TXN_00004936,969.4,2023-05-15
CUST_0071,TXN_00004937,695.99,2023-07-19
CUST_0079,TXN_00004938,253.23,2023-12-20
CUST_0098,TXN_00004939,253.88,2023-04-01
CUST_0077,TXN_00004940,661.99,2023-09-14
CUST_0089,TXN_00004941,788.39,2023-06-09
CUST_0100,TXN_00004942,92.34,2023-10-16
CUST_0063,TXN_00004943,662.04,2023-01-29
CUST_0094,TXN_00004944,921.47,2023-07-19
CUST_0035,TXN_00004945,317.93,2023-10-12
CUST_0080,TXN_00004946,474.94,2023-11-27
CUST_0036,TXN_00004947,146.8,2023-12-13
CUST_0075,TXN_00004948,591.8,2023-10-29
CUST_0082,TXN_00004949,376.86,2023-04-16
CUST_0023,TXN_00004950,22.73,2023-05-21
CUST_0006,TXN_00004951,707.4,2023-12-14
CUST_0076,TXN_00004952,175.96,2023-04-12
CUST_0088,TXN_00004953,461.84,2023-09-09
CUST_0045,TXN_00004954,376.88,2023-03-18
CUST_0072,TXN_00004955,184.31,2023-12-02
CUST_0094,TXN_00004956,558.39,2023-08-13
CUST_0098,TXN_00004957,695.45,2023-09-15
CUST_0074,TXN_00004958,944.35,2023-05-12
CUST_0022,TXN_00004959,888.6,2023-11-15
CUST_0084,TXN_00004960,898.54,2023-12-16
CUST_0080,TXN_00004961,335.32,2023-08-08
CUST_0011,TXN_00004962,79.31,2023-12-30
CUST_0061,TXN_00004963,447.61,2023-08-21
CUST_0067,TXN_00004964,403.31,2023-11-26
CUST_0067,TXN_00004965,883.9,2023-07-12
CUST_0079,TXN_00004966,856.67,2023-07-11
CUST_0024,TXN_00004967,257.64,2023-05-12
CUST_0088,TXN_00004968,98.07,2023-05-10
CUST_0084,TXN_00004969,210.14,2023-10-26
CUST_0005,TXN_00004970,311.78,2023-03-28
CUST_0087,TXN_00004971,32.32,2023-04-19
CUST_0057,TXN_00004972,819.1,2023-09-21
CUST_0052,TXN_00004973,288.09,2023-05-26
CUST_0012,TXN_00004974,775.79,2023-05-08
CUST_0065,TXN_00004975,390.59,2023-04-14
CUST_0090,TXN_00004976,414.45,2023-06-30
CUST_0006,TXN_00004977,756.94,2023-10-19
CUST_0084,TXN_00004978,477.69,2023-05-17
CUST_0041,TXN_00004979,458.84,2023-07-30
CUST_0031,TXN_00004980,295.89,2023-03-07
CUST_0048,TXN_00004981,372.08,2023-01-17
CUST_0034,TXN_00004982,156.95,2023-06-22
CUST_0013,TXN_00004983,16.22,2023-02-24
CUST_0046,TXN_00004984,739.24,2023-03-03
CUST_0076,TXN_00004985,435.48,2023-02-26
CUST_0053,TXN_00004986,278.12,2023-04-09
CUST_0030,TXN_00004987,455.8,2023-11-23
CUST_0090,TXN_00004988,372.91,2023-05-12
CUST_0065,TXN_00004989,252.07,2023-10-31
CUST_0039,TXN_00004990,124.41,2023-05-08
CUST_0082,TXN_00004991,944.74,2023-04-18
CUST_0090,TXN_00004992,115.24,2023-01-01
CUST_0026,TXN_00004993,787.08,2023-05-01
CUST_0049,TXN_00004994,832.65,2023-05-12
CUST_0085,TXN_00004995,132.01,2023-08-01
CUST_0060,TXN_00004996,776.14,2023-11-18
CUST_0076,TXN_00004997,308.78,2023-10-26
CUST_0004,TXN_00004998,366.86,2023-03-16
CUST_0047,TXN_00004999,196.93,2023-01-05
CUST_0091,TXN_00005000,938.14,2023-04-24
CUST_0083,TXN_00005001,907.15,2023-05-18
CUST_0026,TXN_00005002,744.41,2023-12-27
CUST_0031,TXN_00005003,317.67,2023-03-19
CUST_0063,TXN_00005004,947.11,2023-09-01
CUST_0048,TXN_00005005,193.05,2023-04-03
CUST_0099,TXN_00005006,485.77,2023-05-16
CUST_0085,TXN_00005007,111.15,2023-10-02
CUST_0094,TXN_00005008,824.52,2023-01-23
CUST_0068,TXN_00005009,904.5,2023-02-17
CUST_0024,TXN_00005010,434.1,2023-07-07
CUST_0095,TXN_00005011,670.7,2023-02-15
CUST_0044,TXN_00005012,628.75,2023-01-18
CUST_0079,TXN_00005013,948.02,2023-11-12
CUST_0009,TXN_00005014,774.2,2023-09-27
CUST_0005,TXN_00005015,296.77,2023-03-03
CUST_0080,TXN_00005016,58.58,2023-03-12
CUST_0072,TXN_00005017,967.67,2023-12-08
CUST_0023,TXN_00005018,624.46,2023-02-20
CUST_0006,TXN_00005019,233.48,2023-12-27
CUST_0043,TXN_00005020,161.2,2023-04-04
CUST_0061,TXN_00005021,781.69,2023-05-23
CUST_0049,TXN_00005022,953.28,2023-11-16
CUST_0011,TXN_00005023,717.89,2023-01-04
CUST_0042,TXN_00005024,457.33,2023-11-28
CUST_0007,TXN_00005025,213.1,2023-10-03
CUST_0097,TXN_00005026,793.58,2023-05-17
CUST_0042,TXN_00005027,672.43,2023-11-24
CUST_0035,TXN_00005028,917.16,2023-08-21
CUST_0064,TXN_00005029,281.19,2023-09-12
CUST_0088,TXN_00005030,290.61,2023-04-01
CUST_0073,TXN_00005031,326.39,2023-01-31
CUST_0026,TXN_00005032,264.93,2023-03-29
CUST_0024,TXN_00005033,457.46,2023-10-22
CUST_0059,TXN_00005034,322.37,2023-07-01
CUST_0094,TXN_00005035,365.83,2023-06-12
CUST_0076,TXN_00005036,324.86,2023-06-27
CUST_0017,TXN_00005037,498.15,2023-03-06
CUST_0019,TXN_00005038,218.96,2023-11-08
CUST_0085,TXN_00005039,246.87,2023-03-01
CUST_0083,TXN_00005040,312.41,2023-12-31
CUST_0078,TXN_00005041,541.07,2023-10-30
CUST_0040,TXN_00005042,291.98,2023-02-01
CUST_0063,TXN_00005043,232.88,2023-07-26
CUST_0056,TXN_00005044,727.76,2023-01-10
CUST_0047,TXN_00005045,982.38,2023-11-08
CUST_0073,TXN_00005046,555.67,2023-04-17
CUST_0019,TXN_00005047,356.2,2023-04-27
CUST_0067,TXN_00005048,710.38,2023-02-09
CUST_0046,TXN_00005049,481.6,2023-04-27
CUST_0083,TXN_00005050,645.94,2023-11-29
CUST_0026,TXN_00005051,196.14,2023-03-09
CUST_0056,TXN_00005052,208.26,2023-12-14
CUST_0008,TXN_00005053,345.2,2023-05-09
CUST_0053,TXN_00005054,775.84,2023-09-05
CUST_0036,TXN_00005055,371.35,2023-03-10
CUST_0078,TXN_00005056,64.66,2023-02-23
CUST_0011,TXN_00005057,361.03,2023-02-11
CUST_0041,TXN_00005058,676.48,2023-06-22
CUST_0053,TXN_00005059,987.52,2023-05-02
CUST_0065,TXN_00005060,354.56,2023-05-10
CUST_0047,TXN_00005061,209.88,2023-08-31
CUST_0093,TXN_00005062,579.31,2023-07-22
CUST_0032,TXN_00005063,941.33,2023-01-11
CUST_0078,TXN_00005064,801.45,2023-09-21
CUST_0052,TXN_00005065,575.05,2023-02-24
CUST_0045,TXN_00005066,223.31,2023-05-10
CUST_0100,TXN_00005067,514.74,2023-01-02
CUST_0091,TXN_00005068,368.73,2023-04-26
CUST_0009,TXN_00005069,433.71,2023-01-26
CUST_0010,TXN_00005070,803.41,2023-06-20
CUST_0066,TXN_00005071,880.15,2023-12-29
CUST_0010,TXN_00005072,260.05,2023-09-27
CUST_0033,TXN_00005073,191.39,2023-05-19
CUST_0078,TXN_00005074,369.5,2023-05-31
CUST_0040,TXN_00005075,672.9,2023-06-18
CUST_0096,TXN_00005076,615.57,2023-10-22
CUST_0012,TXN_00005077,731.49,2023-10-19
CUST_0015,TXN_00005078,346.22,2023-07-01
CUST_0070,TXN_00005079,858.46,2023-08-10
CUST_0003,TXN_00005080,681.58,2023-01-20
CUST_0087,TXN_00005081,345.96,2023-10-17
CUST_0037,TXN_00005082,857.56,2023-12-26
CUST_0020,TXN_00005083,379.01,2023-12-30
CUST_0031,TXN_00005084,219.11,2023-09-07
CUST_0076,TXN_00005085,303.23,2023-08-25
CUST_0007,TXN_00005086,299.87,2023-08-02
CUST_0079,TXN_00005087,745.73,2023-02-22
CUST_0092,TXN_00005088,232.06,2023-08-13
CUST_0087,TXN_00005089,996.54,2023-02-17
CUST_0099,TXN_00005090,588.24,2023-12-27
CUST_0008,TXN_00005091,553.12,2023-09-14
CUST_0074,TXN_00005092,42.64,2023-09-18
CUST_0023,TXN_00005093,758.48,2023-12-09
CUST_0051,TXN_00005094,836.88,2023-10-28
CUST_0055,TXN_00005095,303.3,2023-08-28
CUST_0008,TXN_00005096,874.04,2023-01-23
CUST_0028,TXN_00005097,889.19,2023-03-14
CUST_0069,TXN_00005098,823.9,2023-08-28
CUST_0012,TXN_00005099,845.15,2023-02-03
CUST_0096,TXN_00005100,978.87,2023-04-25
CUST_0056,TXN_00005101,970.13,2023-07-12
CUST_0076,TXN_00005102,455.03,2023-12-21
CUST_0071,TXN_00005103,701.4,2023-04-16
CUST_0064,TXN_00005104,647.83,2023-09-02
CUST_0023,TXN_00005105,110.23,2023-11-27
CUST_0053,TXN_00005106,694.81,2023-08-10
CUST_0059,TXN_00005107,209.91,2023-05-15
CUST_0014,TXN_00005108,419.47,2023-05-09
CUST_0024,TXN_00005109,616.9,2023-08-17
CUST_0049,TXN_00005110,224.78,2023-01-11
CUST_0083,TXN_00005111,185.16,2023-02-24
CUST_0088,TXN_00005112,80.11,2023-01-05
CUST_0013,TXN_00005113,265.04,2023-12-23
CUST_0030,TXN_00005114,107.5,2023-11-08
CUST_0087,TXN_00005115,826.46,2023-10-21
CUST_0051,TXN_00005116,684.24,2023-03-27
CUST_0002,TXN_00005117,960.96,2023-09-05
CUST_0015,TXN_00005118,634.29,2023-10-04
CUST_0041,TXN_00005119,275.16,2023-04-10
CUST_0059,TXN_00005120,241.09,2023-11-22
CUST_0006,TXN_00005121,922.48,2023-11-21
CUST_0020,TXN_00005122,939.67,2023-10-17
CUST_0078,TXN_00005123,848.9,2023-09-04
CUST_0033,TXN_00005124,896.15,2023-05-13
CUST_0007,TXN_00005125,238.82,2023-11-17
CUST_0096,TXN_00005126,160.69,2023-07-22
CUST_0035,TXN_00005127,239.0,2023-03-23
CUST_0003,TXN_00005128,994.7,2023-07-30
CUST_0047,TXN_00005129,227.98,2023-10-07
CUST_0032,TXN_00005130,321.03,2023-04-01
CUST_0090,TXN_00005131,804.08,2023-03-22
CUST_0022,TXN_00005132,129.4,2023-03-15
CUST_0042,TXN_00005133,412.34,2023-07-27
CUST_0059,TXN_00005134,613.54,2023-05-10
CUST_0051,TXN_00005135,466.16,2023-02-10
CUST_0067,TXN_00005136,437.92,2023-03-05
CUST_0075,TXN_00005137,654.29,2023-10-04
CUST_0084,TXN_00005138,105.14,2023-01-17
CUST_0097,TXN_00005139,566.07,2023-07-27
CUST_0075,TXN_00005140,955.16,2023-12-08
CUST_0088,TXN_00005141,166.93,2023-02-07
CUST_0077,TXN_00005142,826.49,2023-03-17
CUST_0087,TXN_00005143,342.62,2023-05-05
CUST_0040,TXN_00005144,223.21,2023-04-25
CUST_0070,TXN_00005145,342.06,2023-09-23
CUST_0089,TXN_00005146,119.83,2023-06-20
CUST_0095,TXN_00005147,537.82,2023-12-23
CUST_0076,TXN_00005148,652.08,2023-08-26
CUST_0031,TXN_00005149,477.63,2023-05-28
CUST_0058,TXN_00005150,658.22,2023-03-28
CUST_0072,TXN_00005151,782.85,2023-09-13
CUST_0081,TXN_00005152,973.82,2023-03-16
CUST_0025,TXN_00005153,227.13,2023-07-11
CUST_0023,TXN_00005154,789.08,2023-11-14
CUST_0080,TXN_00005155,888.59,2023-11-07
CUST_0084,TXN_00005156,686.74,2023-05-25
CUST_0041,TXN_00005157,991.15,2023-06-01
CUST_0041,TXN_00005158,863.52,2023-10-11
CUST_0014,TXN_00005159,703.14,2023-03-18
CUST_0087,TXN_00005160,397.89,2023-10-19
CUST_0062,TXN_00005161,227.04,2023-05-12
CUST_0067,TXN_00005162,305.83,2023-10-19
CUST_0071,TXN_00005163,527.45,2023-07-26
CUST_0047,TXN_00005164,24.26,2023-11-23
CUST_0012,TXN_00005165,950.61,2023-01-18
CUST_0064,TXN_00005166,970.27,2023-09-10
CUST_0011,TXN_00005167,298.51,2023-12-18
CUST_0020,TXN_00005168,357.87,2023-02-26
CUST_0088,TXN_00005169,116.41,2023-01-01
CUST_0051,TXN_00005170,556.01,2023-04-12
CUST_0053,TXN_00005171,930.61,2023-09-02
CUST_0015,TXN_00005172,52.81,2023-07-19
CUST_0027,TXN_00005173,174.86,2023-12-28
CUST_0049,TXN_00005174,471.86,2023-02-05
CUST_0017,TXN_00005175,287.04,2023-06-02
CUST_0030,TXN_00005176,134.52,2023-12-08
CUST_0065,TXN_00005177,585.01,2023-09-23
CUST_0042,TXN_00005178,998.69,2023-09-12
CUST_0020,TXN_00005179,855.79,2023-06-20
CUST_0042,TXN_00005180,321.44,2023-12-10
CUST_0020,TXN_00005181,759.81,2023-02-20
CUST_0029,TXN_00005182,977.19,2023-06-12
CUST_0029,TXN_00005183,978.08,2023-06-21
CUST_0025,TXN_00005184,555.05,2023-07-14
CUST_0090,TXN_00005185,748.74,2023-01-14
CUST_0018,TXN_00005186,748.33,2023-11-18
CUST_0033,TXN_00005187,716.12,2023-07-15
CUST_0089,TXN_00005188,238.52,2023-06-09
CUST_0095,TXN_00005189,110.47,2023-02-18
CUST_0007,TXN_00005190,387.2,2023-06-04
CUST_0023,TXN_00005191,193.42,2023-10-01
CUST_0094,TXN_00005192,758.55,2023-12-04
CUST_0089,TXN_00005193,733.26,2023-05-29
CUST_0059,TXN_00005194,82.84,2023-04-27
CUST_0025,TXN_00005195,250.2,2023-10-28
CUST_0056,TXN_00005196,195.82,2023-03-28
CUST_0005,TXN_00005197,977.03,2023-03-22
CUST_0091,TXN_00005198,329.88,2023-08-04
CUST_0074,TXN_00005199,162.84,2023-02-12
CUST_0016,TXN_00005200,429.85,2023-02-13
CUST_0048,TXN_00005201,205.06,2023-11-06
CUST_0020,TXN_00005202,64.25,2023-05-04
CUST_0021,TXN_00005203,499.25,2023-07-27
CUST_0008,TXN_00005204,539.54,2023-02-28
CUST_0015,TXN_00005205,428.9,2023-02-01
CUST_0029,TXN_00005206,495.91,2023-04-20
CUST_0024,TXN_00005207,922.77,2023-12-17
CUST_0042,TXN_00005208,397.33,2023-03-30
CUST_0060,TXN_00005209,901.33,2023-05-16
CUST_0084,TXN_00005210,113.16,2023-07-30
CUST_0060,TXN_00005211,247.62,2023-12-24
CUST_0012,TXN_00005212,332.99,2023-03-14
CUST_0066,TXN_00005213,172.56,2023-05-20
CUST_0013,TXN_00005214,48.51,2023-05-07
CUST_0016,TXN_00005215,109.38,2023-09-29
CUST_0096,TXN_00005216,842.36,2023-08-11
CUST_0038,TXN_00005217,845.96,2023-12-05
CUST_0064,TXN_00005218,371.82,2023-08-23
CUST_0080,TXN_00005219,512.24,2023-01-29
CUST_0084,TXN_00005220,397.12,2023-01-29
CUST_0029,TXN_00005221,72.27,2023-01-11
CUST_0045,TXN_00005222,434.95,2023-01-14
CUST_0055,TXN_00005223,66.36,2023-10-23
CUST_0008,TXN_00005224,386.77,2023-11-03
CUST_0002,TXN_00005225,50.64,2023-04-14
CUST_0033,TXN_00005226,388.66,2023-11-01
CUST_0057,TXN_00005227,975.98,2023-02-27
CUST_0017,TXN_00005228,902.9,2023-04-25
CUST_0022,TXN_00005229,212.26,2023-11-23
CUST_0059,TXN_00005230,157.22,2023-11-25
CUST_0044,TXN_00005231,323.94,2023-10-14
CUST_0076,TXN_00005232,758.86,2023-04-12
CUST_0067,TXN_00005233,480.34,2023-04-23
CUST_0093,TXN_00005234,412.95,2023-03-02
CUST_0076,TXN_00005235,578.05,2023-03-29
CUST_0090,TXN_00005236,314.44,2023-08-22
CUST_0060,TXN_00005237,70.27,2023-03-19
CUST_0030,TXN_00005238,915.22,2023-01-23
CUST_0090,TXN_00005239,869.86,2023-09-30
CUST_0049,TXN_00005240,426.49,2023-02-09
CUST_0082,TXN_00005241,44.83,2023-12-20
CUST_0026,TXN_00005242,481.67,2023-12-10
CUST_0035,TXN_00005243,87.87,2023-08-15
CUST_0004,TXN_00005244,338.71,2023-01-16
CUST_0027,TXN_00005245,894.53,2023-12-12
CUST_0028,TXN_00005246,97.97,2023-05-30
CUST_0019,TXN_00005247,128.11,2023-12-18
CUST_0083,TXN_00005248,301.03,2023-01-23
CUST_0079,TXN_00005249,565.41,2023-03-12
CUST_0096,TXN_00005250,871.69,2023-12-20
CUST_0033,TXN_00005251,889.29,2023-11-12
CUST_0084,TXN_00005252,503.64,2023-07-14
CUST_0037,TXN_00005253,612.25,2023-07-16
CUST_0055,TXN_00005254,893.84,2023-05-10
CUST_0097,TXN_00005255,503.03,2023-05-30
CUST_0025,TXN_00005256,626.16,2023-05-14
CUST_0020,TXN_00005257,159.34,2023-07-26
CUST_0077,TXN_00005258,310.84,2023-05-07
CUST_0011,TXN_00005259,389.9,2023-07-05
CUST_0010,TXN_00005260,868.87,2023-10-01
CUST_0100,TXN_00005261,50.44,2023-06-01
CUST_0065,TXN_00005262,711.94,2023-11-28
CUST_0085,TXN_00005263,854.08,2023-08-21
CUST_0062,TXN_00005264,277.19,2023-06-12
CUST_0042,TXN_00005265,885.71,2023-07-07
CUST_0013,TXN_00005266,607.58,2023-04-12
CUST_0018,TXN_00005267,440.74,2023-11-24
CUST_0011,TXN_00005268,931.96,2023-08-21
CUST_0022,TXN_00005269,397.98,2023-04-28
CUST_0075,TXN_00005270,483.3,2023-02-08
CUST_0078,TXN_00005271,496.72,2023-03-16
CUST_0060,TXN_00005272,678.3,2023-07-26
CUST_0090,TXN_00005273,815.76,2023-07-19
CUST_0062,TXN_00005274,263.61,2023-06-03
CUST_0060,TXN_00005275,177.07,2023-12-18
CUST_0076,TXN_00005276,512.08,2023-09-19
CUST_0027,TXN_00005277,88.67,2023-03-02
CUST_0009,TXN_00005278,423.37,2023-08-14
CUST_0099,TXN_00005279,247.68,2023-12-03
CUST_0019,TXN_00005280,207.73,2023-08-24
CUST_0086,TXN_00005281,226.02,2023-03-05
CUST_0094,TXN_00005282,882.34,2023-05-26
CUST_0055,TXN_00005283,564.78,2023-01-30
CUST_0082,TXN_00005284,921.36,2023-11-27
CUST_0099,TXN_00005285,761.79,2023-06-03
CUST_0067,TXN_00005286,130.38,2023-04-17
CUST_0029,TXN_00005287,60.3,2023-05-12
CUST_0040,TXN_00005288,748.05,2023-07-17
CUST_0060,TXN_00005289,217.81,2023-08-02
CUST_0034,TXN_00005290,311.49,2023-02-12
CUST_0038,TXN_00005291,255.17,2023-02-12
CUST_0050,TXN_00005292,601.95,2023-02-11
CUST_0021,TXN_00005293,361.18,2023-03-18
CUST_0067,TXN_00005294,555.23,2023-02-12
CUST_0069,TXN_00005295,954.01,2023-02-15
CUST_0024,TXN_00005296,721.71,2023-04-18
CUST_0043,TXN_00005297,611.62,2023-04-17
CUST_0060,TXN_00005298,816.81,2023-08-04
CUST_0012,TXN_00005299,773.64,2023-02-26
CUST_0007,TXN_00005300,739.92,2023-11-20
CUST_0045,TXN_00005301,174.9,2023-11-09
CUST_0008,TXN_00005302,676.17,2023-12-30
CUST_0033,TXN_00005303,639.02,2023-07-28
CUST_0051,TXN_00005304,878.34,2023-12-19
CUST_0066,TXN_00005305,619.09,2023-11-13
CUST_0053,TXN_00005306,998.71,2023-01-27
CUST_0007,TXN_00005307,727.2,2023-09-19
CUST_0090,TXN_00005308,763.39,2023-11-23
CUST_0023,TXN_00005309,165.22,2023-01-16
CUST_0044,TXN_00005310,260.33,2023-08-07
CUST_0005,TXN_00005311,876.08,2023-10-24
CUST_0065,TXN_00005312,104.17,2023-11-21
CUST_0028,TXN_00005313,756.5,2023-10-29
CUST_0085,TXN_00005314,86.53,2023-10-27
CUST_0015,TXN_00005315,327.22,2023-03-14
CUST_0003,TXN_00005316,262.7,2023-03-30
CUST_0063,TXN_00005317,323.62,2023-08-21
CUST_0028,TXN_00005318,961.51,2023-10-06
CUST_0062,TXN_00005319,805.86,2023-04-20
CUST_0002,TXN_00005320,197.43,2023-12-21
CUST_0063,TXN_00005321,558.82,2023-10-19
CUST_0014,TXN_00005322,702.28,2023-08-25
CUST_0084,TXN_00005323,304.28,2023-07-08
CUST_0100,TXN_00005324,735.82,2023-11-11
CUST_0036,TXN_00005325,744.51,2023-09-17
CUST_0051,TXN_00005326,484.45,2023-12-04
CUST_0084,TXN_00005327,747.97,2023-06-28
CUST_0091,TXN_00005328,759.83,2023-11-14
CUST_0083,TXN_00005329,606.91,2023-09-09
CUST_0015,TXN_00005330,104.53,2023-06-08
CUST_0078,TXN_00005331,655.46,2023-04-26
CUST_0021,TXN_00005332,104.97,2023-12-06
CUST_0011,TXN_00005333,875.68,2023-02-14
CUST_0003,TXN_00005334,243.01,2023-10-03
CUST_0003,TXN_00005335,579.36,2023-02-24
CUST_0067,TXN_00005336,231.75,2023-05-07
CUST_0033,TXN_00005337,164.64,2023-09-13
CUST_0029,TXN_00005338,346.98,2023-11-19
CUST_0013,TXN_00005339,272.51,2023-05-10
CUST_0027,TXN_00005340,206.07,2023-03-18
CUST_0094,TXN_00005341,660.43,2023-10-18
CUST_0029,TXN_00005342,392.89,2023-09-01
CUST_0010,TXN_00005343,809.48,2023-07-03
CUST_0061,TXN_00005344,444.95,2023-03-03
CUST_0060,TXN_00005345,812.74,2023-02-13
CUST_0013,TXN_00005346,827.48,2023-08-06
CUST_0060,TXN_00005347,978.77,2023-03-26
CUST_0075,TXN_00005348,982.49,2023-04-28
CUST_0090,TXN_00005349,283.96,2023-05-20
CUST_0029,TXN_00005350,130.65,2023-01-22
CUST_0049,TXN_00005351,676.22,2023-03-29
CUST_0054,TXN_00005352,731.55,2023-01-26
CUST_0093,TXN_00005353,553.77,2023-06-19
CUST_0081,TXN_00005354,797.92,2023-10-29
CUST_0033,TXN_00005355,56.24,2023-01-20
CUST_0034,TXN_00005356,29.17,2023-10-19
CUST_0010,TXN_00005357,84.29,2023-06-16
CUST_0006,TXN_00005358,201.44,2023-12-25
CUST_0093,TXN_00005359,160.49,2023-04-07
CUST_0032,TXN_00005360,284.16,2023-11-24
CUST_0078,TXN_00005361,412.02,2023-01-16
CUST_0095,TXN_00005362,891.85,2023-01-22
CUST_0039,TXN_00005363,111.18,2023-10-09
CUST_0097,TXN_00005364,110.07,2023-09-11
CUST_0054,TXN_00005365,73.43,2023-10-10
CUST_0064,TXN_00005366,242.49,2023-05-29
CUST_0010,TXN_00005367,604.3,2023-02-10
CUST_0062,TXN_00005368,406.27,2023-06-21
CUST_0038,TXN_00005369,386.48,2023-03-12
CUST_0094,TXN_00005370,892.19,2023-01-13
CUST_0073,TXN_00005371,255.46,2023-07-21
CUST_0065,TXN_00005372,364.61,2023-11-11
CUST_0049,TXN_00005373,501.9,2023-07-29
CUST_0042,TXN_00005374,818.38,2023-02-02
CUST_0092,TXN_00005375,164.17,2023-10-17
CUST_0020,TXN_00005376,311.33,2023-03-16
CUST_0022,TXN_00005377,665.47,2023-01-05
CUST_0072,TXN_00005378,713.4,2023-05-24
CUST_0070,TXN_00005379,220.03,2023-04-28
CUST_0042,TXN_00005380,538.97,2023-02-24
CUST_0073,TXN_00005381,395.47,2023-01-22
CUST_0017,TXN_00005382,989.39,2023-02-07
CUST_0078,TXN_00005383,77.62,2023-09-05
CUST_0040,TXN_00005384,161.36,2023-10-19
CUST_0053,TXN_00005385,551.31,2023-10-30
CUST_0070,TXN_00005386,532.3,2023-03-09
CUST_0030,TXN_00005387,965.86,2023-03-01
CUST_0084,TXN_00005388,63.81,2023-01-31
CUST_0079,TXN_00005389,963.17,2023-08-24
CUST_0014,TXN_00005390,68.77,2023-05-21
CUST_0027,TXN_00005391,913.11,2023-02-26
CUST_0012,TXN_00005392,495.46,2023-10-06
CUST_0014,TXN_00005393,738.4,2023-12-10
CUST_0028,TXN_00005394,496.3,2023-03-04
CUST_0072,TXN_00005395,796.25,2023-02-08
CUST_0085,TXN_00005396,371.91,2023-01-18
CUST_0087,TXN_00005397,925.55,2023-09-11
CUST_0004,TXN_00005398,596.84,2023-08-03
CUST_0002,TXN_00005399,407.91,2023-11-28
CUST_0085,TXN_00005400,990.57,2023-08-21
CUST_0059,TXN_00005401,199.86,2023-02-07
CUST_0026,TXN_00005402,966.68,2023-04-13
CUST_0018,TXN_00005403,200.42,2023-01-30
CUST_0007,TXN_00005404,643.19,2023-03-26
CUST_0031,TXN_00005405,772.5,2023-01-04
CUST_0052,TXN_00005406,965.29,2023-07-26
CUST_0049,TXN_00005407,388.17,2023-04-21
CUST_0021,TXN_00005408,659.64,2023-01-05
CUST_0052,TXN_00005409,112.76,2023-02-22
CUST_0002,TXN_00005410,267.42,2023-08-03
CUST_0079,TXN_00005411,37.49,2023-09-02
CUST_0034,TXN_00005412,855.53,2023-05-28
CUST_0060,TXN_00005413,119.89,2023-01-24
CUST_0025,TXN_00005414,659.7,2023-07-26
CUST_0072,TXN_00005415,822.18,2023-11-06
CUST_0005,TXN_00005416,240.72,2023-11-20
CUST_0085,TXN_00005417,319.69,2023-08-11
CUST_0085,TXN_00005418,691.03,2023-11-21
CUST_0094,TXN_00005419,175.18,2023-05-08
CUST_0049,TXN_00005420,157.4,2023-08-09
CUST_0004,TXN_00005421,219.34,2023-06-13
CUST_0054,TXN_00005422,741.09,2023-12-03
CUST_0012,TXN_00005423,715.49,2023-11-23
CUST_0027,TXN_00005424,582.01,2023-06-20
CUST_0075,TXN_00005425,127.51,2023-05-08
CUST_0050,TXN_00005426,811.3,2023-12-27
CUST_0031,TXN_00005427,815.74,2023-02-28
CUST_0088,TXN_00005428,263.78,2023-02-06
CUST_0022,TXN_00005429,268.97,2023-02-23
CUST_0092,TXN_00005430,851.44,2023-12-14
CUST_0092,TXN_00005431,728.58,2023-11-26
CUST_0030,TXN_00005432,675.53,2023-10-11
CUST_0081,TXN_00005433,25.02,2023-01-21
CUST_0017,TXN_00005434,241.64,2023-03-20
CUST_0021,TXN_00005435,989.38,2023-06-13
CUST_0030,TXN_00005436,829.77,2023-09-05
CUST_0032,TXN_00005437,447.44,2023-07-13
CUST_0090,TXN_00005438,606.45,2023-09-04
CUST_0058,TXN_00005439,569.43,2023-12-10
CUST_0005,TXN_00005440,727.54,2023-02-20
CUST_0019,TXN_00005441,173.24,2023-11-24
CUST_0040,TXN_00005442,462.87,2023-08-31
CUST_0086,TXN_00005443,767.61,2023-12-31
CUST_0057,TXN_00005444,435.64,2023-02-17
CUST_0073,TXN_00005445,948.06,2023-08-04
CUST_0065,TXN_00005446,260.75,2023-08-01
CUST_0058,TXN_00005447,666.53,2023-12-25
CUST_0042,TXN_00005448,583.46,2023-03-17
CUST_0077,TXN_00005449,118.9,2023-07-06
CUST_0078,TXN_00005450,979.81,2023-03-04
CUST_0069,TXN_00005451,88.56,2023-11-29
CUST_0082,TXN_00005452,101.09,2023-02-24
CUST_0027,TXN_00005453,772.49,2023-04-10
CUST_0100,TXN_00005454,114.42,2023-02-23
CUST_0042,TXN_00005455,679.02,2023-04-10
CUST_0008,TXN_00005456,417.41,2023-06-29
CUST_0055,TXN_00005457,931.3,2023-04-04
CUST_0028,TXN_00005458,703.83,2023-02-28
CUST_0026,TXN_00005459,239.1,2023-01-04
CUST_0089,TXN_00005460,761.35,2023-02-02
CUST_0042,TXN_00005461,483.85,2023-02-01
CUST_0029,TXN_00005462,956.76,2023-07-12
CUST_0093,TXN_00005463,575.07,2023-08-16
CUST_0050,TXN_00005464,499.53,2023-03-01
CUST_0006,TXN_00005465,902.87,2023-06-22
CUST_0085,TXN_00005466,427.79,2023-01-21
CUST_0008,TXN_00005467,891.88,2023-03-04
CUST_0002,TXN_00005468,591.92,2023-08-28
CUST_0039,TXN_00005469,588.87,2023-07-10
CUST_0059,TXN_00005470,608.35,2023-04-05
CUST_0099,TXN_00005471,189.11,2023-02-11
CUST_0012,TXN_00005472,504.72,2023-04-05
CUST_0096,TXN_00005473,487.9,2023-05-16
CUST_0034,TXN_00005474,515.98,2023-09-02
CUST_0015,TXN_00005475,841.48,2023-01-05
CUST_0047,TXN_00005476,142.44,2023-10-19
CUST_0051,TXN_00005477,77.39,2023-04-13
CUST_0001,TXN_00005478,315.37,2023-05-02
CUST_0036,TXN_00005479,594.23,2023-05-03
CUST_0074,TXN_00005480,334.42,2023-06-02
CUST_0043,TXN_00005481,590.54,2023-07-04
CUST_0066,TXN_00005482,812.15,2023-02-11
CUST_0093,TXN_00005483,176.23,2023-12-29
CUST_0031,TXN_00005484,528.59,2023-05-17
CUST_0038,TXN_00005485,844.17,2023-06-18
CUST_0075,TXN_00005486,726.1,2023-11-01
CUST_0087,TXN_00005487,199.36,2023-08-23
CUST_0092,TXN_00005488,502.78,2023-05-13
CUST_0095,TXN_00005489,166.02,2023-08-29
CUST_0040,TXN_00005490,912.43,2023-03-17
CUST_0040,TXN_00005491,559.16,2023-07-01
CUST_0038,TXN_00005492,672.57,2023-11-10
CUST_0035,TXN_00005493,969.43,2023-08-31
CUST_0022,TXN_00005494,735.86,2023-07-14
CUST_0066,TXN_00005495,201.39,2023-07-27
CUST_0009,TXN_00005496,870.81,2023-03-09
CUST_0075,TXN_00005497,505.21,2023-09-06
CUST_0028,TXN_00005498,43.07,2023-06-02
CUST_0086,TXN_00005499,644.11,2023-12-11
CUST_0039,TXN_00005500,415.95,2023-09-15
CUST_0046,TXN_00005501,33.25,2023-12-20
CUST_0077,TXN_00005502,47.79,2023-08-09
CUST_0046,TXN_00005503,555.1,2023-01-22
CUST_0001,TXN_00005504,670.28,2023-04-09
CUST_0028,TXN_00005505,169.34,2023-12-30
CUST_0092,TXN_00005506,317.44,2023-12-05
CUST_0059,TXN_00005507,213.48,2023-03-06
CUST_0082,TXN_00005508,409.85,2023-11-29
CUST_0036,TXN_00005509,986.59,2023-10-04
CUST_0090,TXN_00005510,694.99,2023-03-16
CUST_0081,TXN_00005511,271.13,2023-08-30
CUST_0079,TXN_00005512,648.97,2023-03-15
CUST_0066,TXN_00005513,826.63,2023-07-08
CUST_0022,TXN_00005514,221.01,2023-04-20
CUST_0047,TXN_00005515,523.24,2023-07-25
CUST_0090,TXN_00005516,542.18,2023-04-09
CUST_0053,TXN_00005517,347.89,2023-09-18
CUST_0068,TXN_00005518,65.02,2023-11-20
CUST_0056,TXN_00005519,770.33,2023-12-31
CUST_0022,TXN_00005520,23.24,2023-10-21
CUST_0042,TXN_00005521,897.61,2023-10-06
CUST_0047,TXN_00005522,387.04,2023-09-30
CUST_0048,TXN_00005523,888.54,2023-07-03
CUST_0041,TXN_00005524,440.74,2023-11-19
CUST_0020,TXN_00005525,117.24,2023-09-17
CUST_0057,TXN_00005526,42.37,2023-09-22
CUST_0076,TXN_00005527,464.9,2023-04-24
CUST_0045,TXN_00005528,507.05,2023-02-02
CUST_0021,TXN_00005529,498.52,2023-11-28
CUST_0012,TXN_00005530,981.63,2023-08-07
CUST_0054,TXN_00005531,679.08,2023-02-26
CUST_0022,TXN_00005532,460.39,2023-12-11
CUST_0074,TXN_00005533,622.68,2023-03-11
CUST_0020,TXN_00005534,115.74,2023-01-12
CUST_0029,TXN_00005535,434.69,2023-07-26
CUST_0037,TXN_00005536,532.71,2023-07-09
CUST_0015,TXN_00005537,124.22,2023-11-15
CUST_0099,TXN_00005538,43.72,2023-05-14
CUST_0097,TXN_00005539,903.57,2023-12-31
CUST_0045,TXN_00005540,304.49,2023-07-28
CUST_0045,TXN_00005541,757.38,2023-05-14
CUST_0094,TXN_00005542,567.66,2023-05-24
CUST_0094,TXN_00005543,525.83,2023-01-26
CUST_0007,TXN_00005544,917.3,2023-12-10
CUST_0052,TXN_00005545,26.61,2023-06-25
CUST_0042,TXN_00005546,717.52,2023-07-04
CUST_0089,TXN_00005547,968.83,2023-04-14
CUST_0052,TXN_00005548,266.62,2023-12-21
CUST_0013,TXN_00005549,513.81,2023-11-01
CUST_0087,TXN_00005550,232.43,2023-04-20
CUST_0034,TXN_00005551,903.56,2023-12-17
CUST_0060,TXN_00005552,899.04,2023-12-12
CUST_0030,TXN_00005553,872.21,2023-07-08
CUST_0092,TXN_00005554,184.36,2023-11-11
CUST_0037,TXN_00005555,436.46,2023-08-15
CUST_0013,TXN_00005556,164.04,2023-07-28
CUST_0085,TXN_00005557,899.73,2023-08-08
CUST_0046,TXN_00005558,363.52,2023-06-25
CUST_0003,TXN_00005559,826.4,2023-02-16
CUST_0017,TXN_00005560,109.33,2023-06-02
CUST_0057,TXN_00005561,280.98,2023-02-16
CUST_0002,TXN_00005562,394.62,2023-04-05
CUST_0086,TXN_00005563,327.0,2023-11-07
CUST_0018,TXN_00005564,706.21,2023-06-15
CUST_0067,TXN_00005565,272.75,2023-11-04
CUST_0013,TXN_00005566,743.67,2023-01-07
CUST_0053,TXN_00005567,933.49,2023-09-19
CUST_0069,TXN_00005568,42.31,2023-02-13
CUST_0086,TXN_00005569,214.95,2023-05-31
CUST_0017,TXN_00005570,578.82,2023-04-01
CUST_0058,TXN_00005571,164.33,2023-06-03
CUST_0091,TXN_00005572,879.69,2023-10-09
CUST_0094,TXN_00005573,787.54,2023-10-05
CUST_0092,TXN_00005574,941.53,2023-08-07
CUST_0017,TXN_00005575,406.05,2023-01-02
CUST_0094,TXN_00005576,976.69,2023-02-11
CUST_0062,TXN_00005577,287.11,2023-05-15
CUST_0066,TXN_00005578,280.79,2023-03-17
CUST_0063,TXN_00005579,509.04,2023-11-14
CUST_0058,TXN_00005580,349.07,2023-04-18
CUST_0072,TXN_00005581,47.3,2023-11-25
CUST_0044,TXN_00005582,773.21,2023-06-17
CUST_0033,TXN_00005583,394.55,2023-07-15
CUST_0044,TXN_00005584,656.19,2023-12-19
CUST_0006,TXN_00005585,285.19,2023-09-20
CUST_0026,TXN_00005586,280.97,2023-02-01
CUST_0067,TXN_00005587,733.0,2023-08-24
CUST_0089,TXN_00005588,286.46,2023-11-06
CUST_0052,TXN_00005589,417.71,2023-04-22
CUST_0057,TXN_00005590,304.43,2023-09-26
CUST_0021,TXN_00005591,275.32,2023-10-18
CUST_0047,TXN_00005592,789.53,2023-06-25
CUST_0099,TXN_00005593,50.07,2023-04-19
CUST_0090,TXN_00005594,461.64,2023-03-23
CUST_0034,TXN_00005595,816.45,2023-02-10
CUST_0078,TXN_00005596,195.68,2023-09-18
CUST_0081,TXN_00005597,902.34,2023-01-20
CUST_0002,TXN_00005598,196.66,2023-03-15
CUST_0041,TXN_00005599,188.59,2023-08-18
CUST_0075,TXN_00005600,14.42,2023-12-10
CUST_0001,TXN_00005601,604.43,2023-12-18
CUST_0062,TXN_00005602,738.34,2023-02-28
CUST_0036,TXN_00005603,618.36,2023-07-29
CUST_0041,TXN_00005604,898.59,2023-03-19
CUST_0009,TXN_00005605,37.49,2023-01-13
CUST_0003,TXN_00005606,634.41,2023-10-02
CUST_0020,TXN_00005607,914.27,2023-07-20
CUST_0084,TXN_00005608,534.5,2023-10-21
CUST_0074,TXN_00005609,346.78,2023-06-11
CUST_0011,TXN_00005610,52.96,2023-04-11
CUST_0025,TXN_00005611,889.72,2023-08-26
CUST_0003,TXN_00005612,311.97,2023-04-01
CUST_0075,TXN_00005613,721.11,2023-08-25
CUST_0092,TXN_00005614,880.52,2023-02-14
CUST_0022,TXN_00005615,571.55,2023-07-14
CUST_0026,TXN_00005616,683.61,2023-09-13
CUST_0050,TXN_00005617,690.33,2023-05-07
CUST_0072,TXN_00005618,891.78,2023-03-28
CUST_0039,TXN_00005619,117.69,2023-09-06
CUST_0029,TXN_00005620,630.36,2023-09-13
CUST_0055,TXN_00005621,704.34,2023-03-29
CUST_0032,TXN_00005622,412.44,2023-07-01
CUST_0080,TXN_00005623,269.87,2023-12-06
CUST_0055,TXN_00005624,850.83,2023-03-01
CUST_0047,TXN_00005625,337.6,2023-11-24
CUST_0027,TXN_00005626,495.94,2023-12-26
CUST_0085,TXN_00005627,332.69,2023-05-11
CUST_0080,TXN_00005628,514.9,2023-07-31
CUST_0012,TXN_00005629,449.19,2023-12-15
CUST_0064,TXN_00005630,473.4,2023-10-17
CUST_0097,TXN_00005631,254.34,2023-01-04
CUST_0083,TXN_00005632,924.06,2023-08-08
CUST_0052,TXN_00005633,588.76,2023-05-15
CUST_0006,TXN_00005634,590.99,2023-07-08
CUST_0001,TXN_00005635,39.64,2023-04-16
CUST_0061,TXN_00005636,44.89,2023-06-06
CUST_0006,TXN_00005637,155.53,2023-04-12
CUST_0017,TXN_00005638,655.98,2023-02-24
CUST_0029,TXN_00005639,435.05,2023-07-18
CUST_0095,TXN_00005640,103.99,2023-07-22
CUST_0022,TXN_00005641,564.83,2023-07-05
CUST_0075,TXN_00005642,476.68,2023-02-16
CUST_0039,TXN_00005643,772.16,2023-10-23
CUST_0070,TXN_00005644,401.67,2023-12-17
CUST_0007,TXN_00005645,943.38,2023-03-16
CUST_0092,TXN_00005646,353.25,2023-12-04
CUST_0078,TXN_00005647,855.74,2023-11-09
CUST_0005,TXN_00005648,923.04,2023-12-06
CUST_0023,TXN_00005649,780.99,2023-01-27
CUST_0089,TXN_00005650,394.79,2023-03-06
CUST_0064,TXN_00005651,248.79,2023-08-15
CUST_0017,TXN_00005652,819.19,2023-09-05
CUST_0098,TXN_00005653,301.76,2023-09-14
CUST_0014,TXN_00005654,102.31,2023-02-05
CUST_0088,TXN_00005655,67.85,2023-10-12
CUST_0100,TXN_00005656,423.87,2023-07-23
CUST_0065,TXN_00005657,105.3,2023-07-10
CUST_0088,TXN_00005658,35.42,2023-07-29
CUST_0078,TXN_00005659,631.06,2023-07-22
CUST_0054,TXN_00005660,760.26,2023-08-25
CUST_0100,TXN_00005661,795.96,2023-04-21
CUST_0046,TXN_00005662,601.19,2023-07-21
CUST_0025,TXN_00005663,428.75,2023-02-15
CUST_0042,TXN_00005664,662.36,2023-07-23
CUST_0062,TXN_00005665,645.75,2023-11-11
CUST_0095,TXN_00005666,245.87,2023-10-21
CUST_0025,TXN_00005667,734.33,2023-03-15
CUST_0069,TXN_00005668,163.57,2023-08-25
CUST_0062,TXN_00005669,179.77,2023-03-20
CUST_0094,TXN_00005670,646.19,2023-04-26
CUST_0012,TXN_00005671,191.89,2023-01-13
CUST_0071,TXN_00005672,808.5,2023-04-05
CUST_0083,TXN_00005673,942.57,2023-12-13
CUST_0088,TXN_00005674,545.12,2023-11-12
CUST_0024,TXN_00005675,467.99,2023-09-12
CUST_0054,TXN_00005676,111.87,2023-10-06
CUST_0100,TXN_00005677,580.88,2023-04-20
CUST_0018,TXN_00005678,391.1,2023-07-19
CUST_0019,TXN_00005679,690.89,2023-10-16
CUST_0089,TXN_00005680,731.66,2023-10-17
CUST_0036,TXN_00005681,566.97,2023-01-19
CUST_0030,TXN_00005682,804.43,2023-10-28
CUST_0026,TXN_00005683,128.23,2023-05-15
CUST_0079,TXN_00005684,476.49,2023-12-30
CUST_0096,TXN_00005685,929.2,2023-08-29
CUST_0005,TXN_00005686,522.3,2023-04-23
CUST_0052,TXN_00005687,492.07,2023-04-22
CUST_0083,TXN_00005688,662.03,2023-03-19
CUST_0033,TXN_00005689,606.71,2023-01-03
CUST_0082,TXN_00005690,684.49,2023-12-20
CUST_0017,TXN_00005691,793.15,2023-03-28
CUST_0046,TXN_00005692,925.99,2023-08-15
CUST_0028,TXN_00005693,113.58,2023-01-28
CUST_0035,TXN_00005694,146.15,2023-10-26
CUST_0053,TXN_00005695,709.62,2023-06-16
CUST_0067,TXN_00005696,36.99,2023-05-03
CUST_0010,TXN_00005697,524.56,2023-11-22
CUST_0072,TXN_00005698,685.2,2023-11-15
CUST_0019,TXN_00005699,191.68,2023-02-28
CUST_0011,TXN_00005700,532.97,2023-11-16
CUST_0020,TXN_00005701,674.97,2023-07-04
CUST_0036,TXN_00005702,158.03,2023-09-27
CUST_0085,TXN_00005703,533.94,2023-06-16
CUST_0005,TXN_00005704,231.92,2023-06-06
CUST_0091,TXN_00005705,805.93,2023-04-16
CUST_0013,TXN_00005706,399.03,2023-05-31
CUST_0092,TXN_00005707,735.79,2023-10-28
CUST_0041,TXN_00005708,283.15,2023-07-15
CUST_0079,TXN_00005709,747.41,2023-05-27
CUST_0006,TXN_00005710,344.28,2023-03-18
CUST_0042,TXN_00005711,176.36,2023-12-27
CUST_0083,TXN_00005712,901.84,2023-07-22
CUST_0042,TXN_00005713,681.59,2023-12-27
CUST_0085,TXN_00005714,430.5,2023-04-08
CUST_0078,TXN_00005715,99.75,2023-04-24
CUST_0060,TXN_00005716,897.21,2023-11-13
CUST_0096,TXN_00005717,259.59,2023-08-20
CUST_0096,TXN_00005718,547.75,2023-11-06
CUST_0065,TXN_00005719,760.88,2023-06-21
CUST_0065,TXN_00005720,165.33,2023-04-21
CUST_0059,TXN_00005721,252.77,2023-12-17
CUST_0001,TXN_00005722,774.23,2023-11-08
CUST_0046,TXN_00005723,579.61,2023-06-02
CUST_0065,TXN_00005724,434.27,2023-01-06
CUST_0003,TXN_00005725,659.95,2023-03-11
CUST_0093,TXN_00005726,742.86,2023-03-07
CUST_0009,TXN_00005727,592.12,2023-05-22
CUST_0040,TXN_00005728,326.74,2023-11-19
CUST_0048,TXN_00005729,35.57,2023-11-22
CUST_0056,TXN_00005730,436.03,2023-08-26
CUST_0087,TXN_00005731,511.42,2023-07-10
CUST_0092,TXN_00005732,481.1,2023-03-06
CUST_0067,TXN_00005733,760.16,2023-06-06
CUST_0070,TXN_00005734,661.0,2023-10-31
CUST_0037,TXN_00005735,188.38,2023-03-22
CUST_0071,TXN_00005736,533.52,2023-06-17
CUST_0003,TXN_00005737,707.48,2023-06-03
CUST_0097,TXN_00005738,724.51,2023-12-05
CUST_0013,TXN_00005739,901.07,2023-02-10
CUST_0064,TXN_00005740,864.75,2023-05-27
CUST_0083,TXN_00005741,199.2,2023-08-17
CUST_0070,TXN_00005742,507.71,2023-02-08
CUST_0037,TXN_00005743,308.15,2023-05-22
CUST_0053,TXN_00005744,669.17,2023-10-23
CUST_0014,TXN_00005745,583.4,2023-10-31
CUST_0013,TXN_00005746,366.31,2023-09-04
CUST_0017,TXN_00005747,688.89,2023-12-12
CUST_0064,TXN_00005748,325.62,2023-01-21
CUST_0001,TXN_00005749,890.01,2023-07-08
CUST_0063,TXN_00005750,98.73,2023-10-21
CUST_0062,TXN_00005751,397.83,2023-11-14
CUST_0035,TXN_00005752,186.31,2023-07-26
CUST_0028,TXN_00005753,547.25,2023-03-10
CUST_0087,TXN_00005754,98.02,2023-09-09
CUST_0031,TXN_00005755,576.08,2023-02-09
CUST_0080,TXN_00005756,659.75,2023-08-17
CUST_0041,TXN_00005757,184.11,2023-02-21
CUST_0012,TXN_00005758,184.57,2023-08-17
CUST_0094,TXN_00005759,923.42,2023-04-28
CUST_0088,TXN_00005760,564.38,2023-08-14
CUST_0021,TXN_00005761,917.22,2023-09-23
CUST_0092,TXN_00005762,330.61,2023-01-22
CUST_0077,TXN_00005763,682.04,2023-10-22
CUST_0095,TXN_00005764,180.21,2023-11-07
CUST_0033,TXN_00005765,80.32,2023-08-29
CUST_0055,TXN_00005766,337.33,2023-05-21
CUST_0012,TXN_00005767,634.99,2023-07-07
CUST_0030,TXN_00005768,591.61,2023-08-22
CUST_0009,TXN_00005769,265.18,2023-08-13
CUST_0023,TXN_00005770,458.57,2023-06-16
CUST_0046,TXN_00005771,199.58,2023-10-13
CUST_0096,TXN_00005772,471.19,2023-05-18
CUST_0069,TXN_00005773,848.33,2023-11-27
CUST_0008,TXN_00005774,162.09,2023-02-22
CUST_0088,TXN_00005775,486.37,2023-12-05
CUST_0044,TXN_00005776,547.42,2023-05-23
CUST_0100,TXN_00005777,829.62,2023-02-09
CUST_0066,TXN_00005778,672.34,2023-12-23
CUST_0072,TXN_00005779,286.21,2023-09-18
CUST_0057,TXN_00005780,483.9,2023-04-02
CUST_0089,TXN_00005781,940.55,2023-01-22
CUST_0034,TXN_00005782,482.74,2023-08-20
CUST_0025,TXN_00005783,229.8,2023-07-31
CUST_0091,TXN_00005784,596.51,2023-05-05
CUST_0059,TXN_00005785,66.79,2023-11-09
CUST_0039,TXN_00005786,525.96,2023-06-06
CUST_0070,TXN_00005787,114.06,2023-11-06
CUST_0090,TXN_00005788,105.3,2023-12-31
CUST_0098,TXN_00005789,546.65,2023-05-24
CUST_0064,TXN_00005790,186.31,2023-07-13
CUST_0100,TXN_00005791,579.68,2023-01-25
CUST_0072,TXN_00005792,406.74,2023-08-09
CUST_0067,TXN_00005793,226.64,2023-10-27
CUST_0073,TXN_00005794,465.74,2023-12-30
CUST_0046,TXN_00005795,796.5,2023-05-09
CUST_0091,TXN_00005796,660.68,2023-07-30
CUST_0058,TXN_00005797,272.2,2023-06-04
CUST_0023,TXN_00005798,804.38,2023-03-06
CUST_0004,TXN_00005799,926.65,2023-10-02
CUST_0028,TXN_00005800,816.32,2023-12-25
CUST_0095,TXN_00005801,144.19,2023-05-03
CUST_0003,TXN_00005802,659.1,2023-08-28
CUST_0071,TXN_00005803,725.43,2023-01-07
CUST_0050,TXN_00005804,703.62,2023-07-20
CUST_0036,TXN_00005805,303.47,2023-10-09
CUST_0052,TXN_00005806,434.38,2023-04-02
CUST_0044,TXN_00005807,608.76,2023-05-13
CUST_0075,TXN_00005808,754.11,2023-02-01
CUST_0004,TXN_00005809,862.06,2023-10-02
CUST_0022,TXN_00005810,922.52,2023-12-09
CUST_0022,TXN_00005811,260.35,2023-11-20
CUST_0029,TXN_00005812,446.86,2023-07-15
CUST_0054,TXN_00005813,835.94,2023-03-05
CUST_0072,TXN_00005814,383.52,2023-03-20
CUST_0064,TXN_00005815,458.94,2023-02-09
CUST_0048,TXN_00005816,687.37,2023-05-01
CUST_0009,TXN_00005817,851.73,2023-07-29
CUST_0085,TXN_00005818,581.7,2023-09-01
CUST_0055,TXN_00005819,439.94,2023-04-03
CUST_0008,TXN_00005820,780.84,2023-03-12
CUST_0094,TXN_00005821,478.69,2023-10-09
CUST_0070,TXN_00005822,652.47,2023-08-12
CUST_0052,TXN_00005823,409.13,2023-10-21
CUST_0042,TXN_00005824,139.83,2023-02-03
CUST_0057,TXN_00005825,155.43,2023-11-22
CUST_0063,TXN_00005826,105.1,2023-12-07
CUST_0077,TXN_00005827,477.71,2023-10-30
CUST_0021,TXN_00005828,236.61,2023-06-01
CUST_0074,TXN_00005829,429.13,2023-08-09
CUST_0078,TXN_00005830,559.09,2023-11-07
CUST_0062,TXN_00005831,53.82,2023-07-30
CUST_0009,TXN_00005832,80.08,2023-03-09
CUST_0018,TXN_00005833,299.0,2023-06-28
CUST_0039,TXN_00005834,803.04,2023-06-30
CUST_0049,TXN_00005835,297.02,2023-12-01
CUST_0089,TXN_00005836,802.89,2023-01-12
CUST_0092,TXN_00005837,912.13,2023-03-08
CUST_0023,TXN_00005838,596.56,2023-12-07
CUST_0077,TXN_00005839,181.63,2023-10-22
CUST_0092,TXN_00005840,946.28,2023-06-28
CUST_0009,TXN_00005841,258.18,2023-03-27
CUST_0001,TXN_00005842,823.11,2023-02-25
CUST_0055,TXN_00005843,71.62,2023-07-31
CUST_0079,TXN_00005844,188.05,2023-01-07
CUST_0075,TXN_00005845,98.63,2023-12-23
CUST_0003,TXN_00005846,17.18,2023-09-11
CUST_0017,TXN_00005847,841.13,2023-11-21
CUST_0049,TXN_00005848,66.46,2023-08-01
CUST_0078,TXN_00005849,251.67,2023-10-21
CUST_0090,TXN_00005850,587.95,2023-08-21
CUST_0016,TXN_00005851,624.25,2023-06-21
CUST_0089,TXN_00005852,520.21,2023-08-26
CUST_0046,TXN_00005853,808.73,2023-10-25
CUST_0055,TXN_00005854,966.52,2023-08-21
CUST_0003,TXN_00005855,409.19,2023-02-17
CUST_0040,TXN_00005856,948.33,2023-04-05
CUST_0028,TXN_00005857,793.48,2023-08-15
CUST_0017,TXN_00005858,370.01,2023-06-07
CUST_0079,TXN_00005859,338.3,2023-11-04
CUST_0036,TXN_00005860,619.89,2023-12-06
CUST_0061,TXN_00005861,496.26,2023-04-28
CUST_0039,TXN_00005862,893.59,2023-08-31
CUST_0097,TXN_00005863,731.7,2023-08-24
CUST_0035,TXN_00005864,326.63,2023-09-10
CUST_0008,TXN_00005865,897.64,2023-08-31
CUST_0002,TXN_00005866,169.67,2023-02-25
CUST_0017,TXN_00005867,75.32,2023-02-09
CUST_0047,TXN_00005868,914.02,2023-01-24
CUST_0083,TXN_00005869,215.7,2023-05-01
CUST_0051,TXN_00005870,92.08,2023-03-14
CUST_0042,TXN_00005871,19.36,2023-02-25
CUST_0027,TXN_00005872,258.38,2023-06-29
CUST_0020,TXN_00005873,753.14,2023-06-23
CUST_0076,TXN_00005874,378.39,2023-05-02
CUST_0031,TXN_00005875,768.39,2023-01-09
CUST_0089,TXN_00005876,152.8,2023-11-23
CUST_0083,TXN_00005877,673.57,2023-12-01
CUST_0066,TXN_00005878,695.19,2023-07-21
CUST_0083,TXN_00005879,681.82,2023-01-13
CUST_0027,TXN_00005880,40.23,2023-06-08
CUST_0070,TXN_00005881,307.89,2023-04-22
CUST_0029,TXN_00005882,178.33,2023-03-27
CUST_0090,TXN_00005883,585.49,2023-12-23
CUST_0097,TXN_00005884,136.61,2023-06-20
CUST_0069,TXN_00005885,405.61,2023-09-18
CUST_0085,TXN_00005886,195.18,2023-10-28
CUST_0096,TXN_00005887,525.87,2023-10-04
CUST_0013,TXN_00005888,482.54,2023-12-20
CUST_0007,TXN_00005889,267.14,2023-04-14
CUST_0031,TXN_00005890,381.01,2023-05-19
CUST_0008,TXN_00005891,822.33,2023-02-10
CUST_0022,TXN_00005892,875.93,2023-07-09
CUST_0067,TXN_00005893,824.94,2023-04-30
CUST_0094,TXN_00005894,54.06,2023-10-24
CUST_0072,TXN_00005895,501.93,2023-08-30
CUST_0088,TXN_00005896,843.48,2023-05-28
CUST_0095,TXN_00005897,228.8,2023-02-19
CUST_0056,TXN_00005898,424.98,2023-08-20
CUST_0022,TXN_00005899,284.84,2023-09-09
CUST_0098,TXN_00005900,20.43,2023-01-03
CUST_0008,TXN_00005901,562.13,2023-07-08
CUST_0069,TXN_00005902,756.21,2023-09-01
CUST_0037,TXN_00005903,36.69,2023-09-15
CUST_0079,TXN_00005904,449.74,2023-04-12
CUST_0054,TXN_00005905,66.34,2023-01-11
CUST_0050,TXN_00005906,522.58,2023-12-06
CUST_0069,TXN_00005907,375.29,2023-02-19
CUST_0092,TXN_00005908,735.55,2023-11-22
CUST_0073,TXN_00005909,148.64,2023-10-15
CUST_0062,TXN_00005910,808.88,2023-12-12
CUST_0052,TXN_00005911,445.61,2023-08-11
CUST_0079,TXN_00005912,540.3,2023-02-06
CUST_0017,TXN_00005913,859.96,2023-12-13
CUST_0088,TXN_00005914,175.14,2023-04-15
CUST_0069,TXN_00005915,442.86,2023-12-25
CUST_0041,TXN_00005916,162.13,2023-05-06
CUST_0036,TXN_00005917,12.43,2023-05-16
CUST_0011,TXN_00005918,81.67,2023-01-11
CUST_0088,TXN_00005919,592.12,2023-04-02
CUST_0080,TXN_00005920,37.64,2023-02-04
CUST_0048,TXN_00005921,791.77,2023-04-30
CUST_0014,TXN_00005922,913.01,2023-11-11
CUST_0043,TXN_00005923,682.97,2023-08-05
CUST_0067,TXN_00005924,811.18,2023-08-30
CUST_0029,TXN_00005925,27.34,2023-01-11
CUST_0032,TXN_00005926,875.06,2023-05-07
CUST_0068,TXN_00005927,522.8,2023-07-16
CUST_0020,TXN_00005928,422.87,2023-05-06
CUST_0035,TXN_00005929,498.5,2023-01-10
CUST_0011,TXN_00005930,654.02,2023-04-08
CUST_0006,TXN_00005931,644.23,2023-06-05
CUST_0019,TXN_00005932,570.11,2023-12-31
CUST_0053,TXN_00005933,415.65,2023-05-13
CUST_0002,TXN_00005934,705.04,2023-03-09
CUST_0058,TXN_00005935,833.67,2023-09-29
CUST_0006,TXN_00005936,786.89,2023-06-14
CUST_0087,TXN_00005937,392.24,2023-06-01
CUST_0034,TXN_00005938,322.52,2023-05-24
CUST_0087,TXN_00005939,897.67,2023-09-28
CUST_0032,TXN_00005940,185.23,2023-08-05
CUST_0007,TXN_00005941,629.26,2023-01-31
CUST_0052,TXN_00005942,23.63,2023-07-23
CUST_0012,TXN_00005943,38.84,2023-03-24
CUST_0083,TXN_00005944,780.96,2023-04-13
CUST_0064,TXN_00005945,880.18,2023-01-03
CUST_0096,TXN_00005946,386.66,2023-03-25
CUST_0032,TXN_00005947,329.88,2023-06-10
CUST_0020,TXN_00005948,469.49,2023-05-07
CUST_0058,TXN_00005949,946.28,2023-12-05
CUST_0047,TXN_00005950,774.14,2023-09-13
CUST_0079,TXN_00005951,412.72,2023-02-21
CUST_0008,TXN_00005952,274.83,2023-09-23
CUST_0012,TXN_00005953,414.53,2023-07-20
CUST_0037,TXN_00005954,339.57,2023-09-27
CUST_0063,TXN_00005955,94.83,2023-12-07
CUST_0044,TXN_00005956,525.44,2023-01-04
CUST_0091,TXN_00005957,285.67,2023-09-12
CUST_0008,TXN_00005958,352.93,2023-01-27
CUST_0047,TXN_00005959,665.19,2023-02-14
CUST_0100,TXN_00005960,704.06,2023-04-05
CUST_0046,TXN_00005961,952.17,2023-05-10
CUST_0090,TXN_00005962,386.91,2023-12-06
CUST_0052,TXN_00005963,767.2,2023-06-17
CUST_0013,TXN_00005964,662.91,2023-05-06
CUST_0017,TXN_00005965,867.73,2023-11-17
CUST_0073,TXN_00005966,837.48,2023-02-28
CUST_0078,TXN_00005967,31.27,2023-06-14
CUST_0044,TXN_00005968,607.13,2023-04-21
CUST_0007,TXN_00005969,229.2,2023-11-10
CUST_0033,TXN_00005970,804.86,2023-10-25
CUST_0073,TXN_00005971,704.19,2023-09-30
CUST_0086,TXN_00005972,856.98,2023-09-29
CUST_0049,TXN_00005973,669.89,2023-01-02
CUST_0088,TXN_00005974,499.99,2023-05-13
CUST_0006,TXN_00005975,317.82,2023-05-30
CUST_0036,TXN_00005976,250.29,2023-04-28
CUST_0073,TXN_00005977,942.07,2023-03-12
CUST_0058,TXN_00005978,159.56,2023-02-07
CUST_0095,TXN_00005979,292.39,2023-04-04
CUST_0011,TXN_00005980,177.52,2023-08-01
CUST_0031,TXN_00005981,135.99,2023-03-21
CUST_0042,TXN_00005982,904.38,2023-07-18
CUST_0013,TXN_00005983,987.54,2023-01-29
CUST_0057,TXN_00005984,87.52,2023-04-28
CUST_0080,TXN_00005985,526.97,2023-05-09
CUST_0024,TXN_00005986,388.72,2023-05-23
CUST_0046,TXN_00005987,439.76,2023-05-14
CUST_0060,TXN_00005988,358.31,2023-06-22
CUST_0079,TXN_00005989,125.21,2023-12-17
CUST_0089,TXN_00005990,711.44,2023-07-26
CUST_0097,TXN_00005991,785.37,2023-11-23
CUST_0054,TXN_00005992,428.03,2023-04-20
CUST_0099,TXN_00005993,412.22,2023-01-23
CUST_0038,TXN_00005994,170.41,2023-04-08
CUST_0092,TXN_00005995,419.52,2023-02-15
CUST_0096,TXN_00005996,891.44,2023-06-01
CUST_0054,TXN_00005997,375.61,2023-11-20
CUST_0085,TXN_00005998,736.83,2023-11-06
CUST_0057,TXN_00005999,340.93,2023-05-17
CUST_0091,TXN_00006000,212.93,2023-10-03
CUST_0027,TXN_00006001,146.21,2023-06-27
CUST_0025,TXN_00006002,971.52,2023-12-26
CUST_0003,TXN_00006003,989.97,2023-03-09
CUST_0009,TXN_00006004,202.47,2023-08-23
CUST_0048,TXN_00006005,670.23,2023-12-20
CUST_0050,TXN_00006006,201.03,2023-03-08
CUST_0044,TXN_00006007,653.21,2023-06-21
CUST_0005,TXN_00006008,440.64,2023-02-18
CUST_0045,TXN_00006009,768.59,2023-05-29
CUST_0053,TXN_00006010,936.61,2023-03-23
CUST_0042,TXN_00006011,606.57,2023-07-24
CUST_0006,TXN_00006012,922.94,2023-01-05
CUST_0042,TXN_00006013,751.75,2023-09-26
CUST_0083,TXN_00006014,130.24,2023-02-18
CUST_0019,TXN_00006015,249.75,2023-11-06
CUST_0080,TXN_00006016,147.76,2023-02-06
CUST_0082,TXN_00006017,825.47,2023-05-26
CUST_0015,TXN_00006018,315.74,2023-07-09
CUST_0045,TXN_00006019,781.4,2023-05-26
CUST_0089,TXN_00006020,332.47,2023-02-15
CUST_0055,TXN_00006021,848.66,2023-10-02
CUST_0026,TXN_00006022,474.8,2023-03-20
CUST_0087,TXN_00006023,268.24,2023-05-22
CUST_0048,TXN_00006024,642.84,2023-10-18
CUST_0074,TXN_00006025,101.56,2023-06-15
CUST_0009,TXN_00006026,875.31,2023-04-26
CUST_0078,TXN_00006027,548.82,2023-05-22
CUST_0070,TXN_00006028,81.73,2023-03-13
CUST_0018,TXN_00006029,882.7,2023-01-29
CUST_0082,TXN_00006030,565.17,2023-11-15
CUST_0022,TXN_00006031,443.17,2023-05-03
CUST_0044,TXN_00006032,888.42,2023-06-09
CUST_0073,TXN_00006033,106.03,2023-03-04
CUST_0099,TXN_00006034,726.49,2023-09-03
CUST_0050,TXN_00006035,146.51,2023-03-16
CUST_0045,TXN_00006036,983.0,2023-02-13
CUST_0029,TXN_00006037,22.63,2023-03-05
CUST_0097,TXN_00006038,280.3,2023-08-03
CUST_0078,TXN_00006039,600.39,2023-12-27
CUST_0075,TXN_00006040,256.69,2023-05-25
CUST_0058,TXN_00006041,501.93,2023-09-23
CUST_0082,TXN_00006042,774.63,2023-11-07
CUST_0014,TXN_00006043,55.14,2023-08-21
CUST_0077,TXN_00006044,919.37,2023-01-08
CUST_0023,TXN_00006045,868.49,2023-04-03
CUST_0099,TXN_00006046,903.98,2023-09-30
CUST_0030,TXN_00006047,815.16,2023-03-07
CUST_0033,TXN_00006048,301.43,2023-06-18
CUST_0040,TXN_00006049,67.76,2023-02-07
CUST_0086,TXN_00006050,350.88,2023-02-12
CUST_0032,TXN_00006051,714.04,2023-06-29
CUST_0053,TXN_00006052,90.11,2023-08-24
CUST_0067,TXN_00006053,927.73,2023-07-13
CUST_0060,TXN_00006054,992.44,2023-08-06
CUST_0073,TXN_00006055,502.94,2023-10-12
CUST_0020,TXN_00006056,740.66,2023-09-05
CUST_0045,TXN_00006057,212.89,2023-09-18
CUST_0092,TXN_00006058,33.76,2023-02-19
CUST_0075,TXN_00006059,153.15,2023-02-05
CUST_0008,TXN_00006060,967.75,2023-10-11
CUST_0023,TXN_00006061,143.28,2023-03-23
CUST_0015,TXN_00006062,235.15,2023-02-10
CUST_0009,TXN_00006063,837.51,2023-04-08
CUST_0056,TXN_00006064,234.21,2023-08-12
CUST_0089,TXN_00006065,137.33,2023-04-29
CUST_0082,TXN_00006066,430.25,2023-02-20
CUST_0016,TXN_00006067,154.78,2023-02-19
CUST_0038,TXN_00006068,530.11,2023-06-07
CUST_0074,TXN_00006069,60.88,2023-03-07
CUST_0094,TXN_00006070,946.61,2023-10-04
CUST_0011,TXN_00006071,178.3,2023-02-04
CUST_0078,TXN_00006072,837.67,2023-05-05
CUST_0095,TXN_00006073,805.32,2023-05-17
CUST_0029,TXN_00006074,39.37,2023-07-12
CUST_0048,TXN_00006075,176.47,2023-08-28
CUST_0080,TXN_00006076,806.74,2023-02-17
CUST_0037,TXN_00006077,835.98,2023-08-15
CUST_0049,TXN_00006078,717.64,2023-06-23
CUST_0023,TXN_00006079,434.83,2023-01-28
CUST_0082,TXN_00006080,638.7,2023-02-27
CUST_0010,TXN_00006081,327.28,2023-03-30
CUST_0035,TXN_00006082,65.54,2023-09-24
CUST_0006,TXN_00006083,566.65,2023-01-22
CUST_0003,TXN_00006084,683.0,2023-09-08
CUST_0044,TXN_00006085,470.07,2023-01-03
CUST_0088,TXN_00006086,604.21,2023-03-30
CUST_0082,TXN_00006087,662.99,2023-10-07
CUST_0032,TXN_00006088,623.46,2023-05-26
CUST_0015,TXN_00006089,758.08,2023-05-17
CUST_0074,TXN_00006090,45.43,2023-12-31
CUST_0043,TXN_00006091,69.78,2023-04-09
CUST_0096,TXN_00006092,521.34,2023-07-13
CUST_0061,TXN_00006093,959.47,2023-02-08
CUST_0033,TXN_00006094,687.64,2023-08-21
CUST_0053,TXN_00006095,221.07,2023-07-31
CUST_0017,TXN_00006096,341.17,2023-03-08
CUST_0070,TXN_00006097,736.57,2023-11-30
CUST_0044,TXN_00006098,463.07,2023-10-19
CUST_0047,TXN_00006099,59.44,2023-10-21
CUST_0053,TXN_00006100,829.91,2023-03-14
CUST_0068,TXN_00006101,225.71,2023-11-14
CUST_0063,TXN_00006102,747.91,2023-04-04
CUST_0063,TXN_00006103,904.07,2023-04-19
CUST_0085,TXN_00006104,969.58,2023-02-14
CUST_0061,TXN_00006105,353.19,2023-09-28
CUST_0018,TXN_00006106,61.65,2023-09-30
CUST_0085,TXN_00006107,731.99,2023-03-26
CUST_0081,TXN_00006108,412.54,2023-05-13
CUST_0045,TXN_00006109,656.75,2023-05-06
CUST_0010,TXN_00006110,271.46,2023-09-07
CUST_0029,TXN_00006111,320.64,2023-07-09
CUST_0087,TXN_00006112,706.17,2023-12-01
CUST_0085,TXN_00006113,568.04,2023-08-21
CUST_0010,TXN_00006114,629.32,2023-10-03
CUST_0084,TXN_00006115,591.06,2023-12-18
CUST_0094,TXN_00006116,517.11,2023-01-23
CUST_0010,TXN_00006117,815.85,2023-08-03
CUST_0100,TXN_00006118,927.15,2023-05-11
CUST_0044,TXN_00006119,168.96,2023-05-23
CUST_0073,TXN_00006120,413.23,2023-09-09
CUST_0032,TXN_00006121,829.79,2023-03-01
CUST_0092,TXN_00006122,119.39,2023-10-24
CUST_0012,TXN_00006123,761.91,2023-08-05
CUST_0016,TXN_00006124,616.41,2023-10-08
CUST_0008,TXN_00006125,79.9,2023-01-15
CUST_0054,TXN_00006126,773.02,2023-10-28
CUST_0038,TXN_00006127,868.34,2023-06-19
CUST_0052,TXN_00006128,877.71,2023-07-26
CUST_0090,TXN_00006129,997.79,2023-05-09
CUST_0064,TXN_00006130,359.12,2023-03-02
CUST_0011,TXN_00006131,832.88,2023-07-02
CUST_0059,TXN_00006132,389.6,2023-12-02
CUST_0043,TXN_00006133,877.87,2023-09-01
CUST_0052,TXN_00006134,163.4,2023-06-15
CUST_0064,TXN_00006135,983.58,2023-10-24
CUST_0034,TXN_00006136,494.87,2023-04-05
CUST_0067,TXN_00006137,783.87,2023-11-18
CUST_0087,TXN_00006138,749.28,2023-11-11
CUST_0051,TXN_00006139,202.73,2023-07-28
CUST_0042,TXN_00006140,396.13,2023-08-08
CUST_0022,TXN_00006141,557.27,2023-01-16
CUST_0005,TXN_00006142,850.81,2023-10-23
CUST_0081,TXN_00006143,485.11,2023-09-15
CUST_0079,TXN_00006144,39.87,2023-11-19
CUST_0001,TXN_00006145,894.72,2023-04-05
CUST_0052,TXN_00006146,759.21,2023-01-19
CUST_0090,TXN_00006147,191.15,2023-08-27
CUST_0034,TXN_00006148,635.23,2023-07-30
CUST_0053,TXN_00006149,399.7,2023-12-06
CUST_0054,TXN_00006150,714.38,2023-10-02
CUST_0076,TXN_00006151,341.34,2023-08-22
CUST_0023,TXN_00006152,200.03,2023-12-16
CUST_0021,TXN_00006153,579.06,2023-01-13
CUST_0046,TXN_00006154,101.17,2023-06-29
CUST_0042,TXN_00006155,718.27,2023-06-21
CUST_0085,TXN_00006156,821.01,2023-01-09
CUST_0027,TXN_00006157,89.11,2023-12-18
CUST_0024,TXN_00006158,753.13,2023-09-05
CUST_0082,TXN_00006159,703.4,2023-11-10
CUST_0040,TXN_00006160,131.99,2023-01-03
CUST_0007,TXN_00006161,597.58,2023-06-30
CUST_0088,TXN_00006162,356.38,2023-06-22
CUST_0044,TXN_00006163,108.77,2023-07-30
CUST_0052,TXN_00006164,192.95,2023-08-06
CUST_0002,TXN_00006165,37.22,2023-01-07
CUST_0074,TXN_00006166,99.57,2023-09-11
CUST_0039,TXN_00006167,627.67,2023-11-02
CUST_0093,TXN_00006168,705.48,2023-02-23
CUST_0084,TXN_00006169,809.23,2023-06-07
CUST_0030,TXN_00006170,796.17,2023-09-19
CUST_0074,TXN_00006171,506.49,2023-11-18
CUST_0094,TXN_00006172,475.74,2023-08-14
CUST_0035,TXN_00006173,845.39,2023-11-28
CUST_0040,TXN_00006174,978.48,2023-07-26
CUST_0078,TXN_00006175,53.05,2023-06-05
CUST_0052,TXN_00006176,412.35,2023-10-24
CUST_0060,TXN_00006177,210.88,2023-11-17
CUST_0070,TXN_00006178,476.82,2023-12-04
CUST_0011,TXN_00006179,531.0,2023-05-28
CUST_0075,TXN_00006180,418.3,2023-07-04
CUST_0054,TXN_00006181,75.62,2023-09-24
CUST_0085,TXN_00006182,213.91,2023-11-23
CUST_0068,TXN_00006183,761.76,2023-10-23
CUST_0096,TXN_00006184,223.99,2023-01-25
CUST_0033,TXN_00006185,662.52,2023-05-22
CUST_0093,TXN_00006186,107.3,2023-10-24
CUST_0049,TXN_00006187,45.21,2023-12-29
CUST_0068,TXN_00006188,617.88,2023-11-26
CUST_0038,TXN_00006189,23.82,2023-07-28
CUST_0096,TXN_00006190,860.26,2023-10-18
CUST_0001,TXN_00006191,432.79,2023-11-29
CUST_0004,TXN_00006192,746.12,2023-09-12
CUST_0023,TXN_00006193,166.64,2023-11-25
CUST_0065,TXN_00006194,697.89,2023-03-16
CUST_0010,TXN_00006195,731.68,2023-08-14
CUST_0001,TXN_00006196,437.83,2023-03-15
CUST_0080,TXN_00006197,303.45,2023-06-09
CUST_0067,TXN_00006198,161.11,2023-10-19
CUST_0065,TXN_00006199,741.34,2023-04-18
CUST_0001,TXN_00006200,10.38,2023-08-16
CUST_0068,TXN_00006201,488.5,2023-05-15
CUST_0066,TXN_00006202,649.25,2023-11-11
CUST_0037,TXN_00006203,437.67,2023-07-15
CUST_0038,TXN_00006204,986.22,2023-03-19
CUST_0066,TXN_00006205,79.6,2023-03-05
CUST_0014,TXN_00006206,82.43,2023-03-05
CUST_0055,TXN_00006207,97.33,2023-08-21
CUST_0060,TXN_00006208,248.87,2023-03-24
CUST_0049,TXN_00006209,595.65,2023-09-22
CUST_0070,TXN_00006210,930.96,2023-11-09
CUST_0041,TXN_00006211,277.22,2023-05-05
CUST_0063,TXN_00006212,739.87,2023-03-27
CUST_0097,TXN_00006213,246.47,2023-07-30
CUST_0027,TXN_00006214,340.02,2023-02-03
CUST_0005,TXN_00006215,148.61,2023-02-25
CUST_0071,TXN_00006216,983.64,2023-05-04
CUST_0090,TXN_00006217,905.57,2023-05-30
CUST_0074,TXN_00006218,458.87,2023-09-09
CUST_0083,TXN_00006219,391.4,2023-09-20
CUST_0093,TXN_00006220,950.97,2023-05-09
CUST_0080,TXN_00006221,349.45,2023-05-09
CUST_0065,TXN_00006222,438.76,2023-08-06
CUST_0071,TXN_00006223,410.95,2023-04-09
CUST_0036,TXN_00006224,221.2,2023-10-27
CUST_0065,TXN_00006225,704.26,2023-05-17
CUST_0041,TXN_00006226,704.34,2023-08-29
CUST_0070,TXN_00006227,422.07,2023-06-28
CUST_0075,TXN_00006228,956.93,2023-10-23
CUST_0054,TXN_00006229,79.8,2023-09-05
CUST_0040,TXN_00006230,286.32,2023-11-17
CUST_0032,TXN_00006231,601.47,2023-08-06
CUST_0032,TXN_00006232,79.82,2023-05-03
CUST_0078,TXN_00006233,18.54,2023-04-03
CUST_0033,TXN_00006234,41.63,2023-04-27
CUST_0017,TXN_00006235,898.3,2023-04-06
CUST_0045,TXN_00006236,854.62,2023-05-20
CUST_0076,TXN_00006237,408.27,2023-09-11
CUST_0020,TXN_00006238,937.84,2023-08-22
CUST_0098,TXN_00006239,988.83,2023-09-01
CUST_0008,TXN_00006240,149.19,2023-12-07
CUST_0096,TXN_00006241,771.77,2023-09-14
CUST_0074,TXN_00006242,167.76,2023-09-23
CUST_0060,TXN_00006243,771.68,2023-02-12
CUST_0016,TXN_00006244,324.53,2023-12-28
CUST_0057,TXN_00006245,181.51,2023-07-28
CUST_0065,TXN_00006246,778.94,2023-01-10
CUST_0075,TXN_00006247,400.32,2023-12-21
CUST_0018,TXN_00006248,733.24,2023-01-29
CUST_0067,TXN_00006249,568.52,2023-08-08
CUST_0004,TXN_00006250,178.48,2023-08-26
CUST_0001,TXN_00006251,92.48,2023-03-30
CUST_0047,TXN_00006252,970.67,2023-04-18
CUST_0092,TXN_00006253,935.51,2023-09-30
CUST_0062,TXN_00006254,811.26,2023-01-07
CUST_0038,TXN_00006255,865.32,2023-03-20
CUST_0035,TXN_00006256,60.3,2023-04-08
CUST_0089,TXN_00006257,106.04,2023-08-10
CUST_0074,TXN_00006258,863.96,2023-12-20
CUST_0075,TXN_00006259,275.41,2023-09-21
CUST_0011,TXN_00006260,519.55,2023-04-22
CUST_0058,TXN_00006261,368.82,2023-12-04
CUST_0098,TXN_00006262,196.06,2023-07-13
CUST_0084,TXN_00006263,253.43,2023-02-26
CUST_0024,TXN_00006264,955.95,2023-10-26
CUST_0053,TXN_00006265,927.08,2023-10-07
CUST_0070,TXN_00006266,487.88,2023-10-02
CUST_0002,TXN_00006267,365.47,2023-12-23
CUST_0071,TXN_00006268,776.09,2023-01-28
CUST_0044,TXN_00006269,606.33,2023-01-26
CUST_0018,TXN_00006270,824.9,2023-11-09
CUST_0039,TXN_00006271,298.99,2023-08-20
CUST_0061,TXN_00006272,777.34,2023-07-05
CUST_0005,TXN_00006273,218.0,2023-12-19
CUST_0057,TXN_00006274,957.86,2023-09-27
CUST_0038,TXN_00006275,631.18,2023-01-26
CUST_0034,TXN_00006276,258.86,2023-11-30
CUST_0041,TXN_00006277,743.98,2023-07-09
CUST_0040,TXN_00006278,306.7,2023-11-06
CUST_0012,TXN_00006279,662.49,2023-07-30
CUST_0046,TXN_00006280,483.97,2023-07-08
CUST_0075,TXN_00006281,845.92,2023-09-03
CUST_0050,TXN_00006282,221.43,2023-09-25
CUST_0087,TXN_00006283,767.78,2023-09-11
CUST_0098,TXN_00006284,479.15,2023-01-20
CUST_0011,TXN_00006285,442.56,2023-07-26
CUST_0032,TXN_00006286,900.42,2023-07-20
CUST_0002,TXN_00006287,749.72,2023-10-07
CUST_0009,TXN_00006288,42.21,2023-11-15
CUST_0058,TXN_00006289,482.52,2023-06-03
CUST_0010,TXN_00006290,884.73,2023-11-05
CUST_0054,TXN_00006291,421.48,2023-09-18
CUST_0074,TXN_00006292,475.27,2023-01-19
CUST_0034,TXN_00006293,13.0,2023-06-17
CUST_0023,TXN_00006294,885.74,2023-12-28
CUST_0018,TXN_00006295,837.75,2023-09-17
CUST_0019,TXN_00006296,61.44,2023-11-30
CUST_0022,TXN_00006297,139.53,2023-07-10
CUST_0099,TXN_00006298,240.43,2023-01-09
CUST_0021,TXN_00006299,483.95,2023-09-11
CUST_0078,TXN_00006300,651.72,2023-08-15
CUST_0026,TXN_00006301,253.88,2023-07-08
CUST_0047,TXN_00006302,910.56,2023-07-04
CUST_0007,TXN_00006303,266.68,2023-09-08
CUST_0044,TXN_00006304,997.87,2023-07-17
CUST_0069,TXN_00006305,632.56,2023-07-02
CUST_0079,TXN_00006306,41.36,2023-12-05
CUST_0047,TXN_00006307,313.99,2023-03-14
CUST_0058,TXN_00006308,292.15,2023-02-20
CUST_0036,TXN_00006309,982.6,2023-10-26
CUST_0016,TXN_00006310,754.14,2023-07-16
CUST_0083,TXN_00006311,578.01,2023-11-06
CUST_0058,TXN_00006312,324.9,2023-10-04
CUST_0018,TXN_00006313,461.01,2023-11-01
CUST_0070,TXN_00006314,466.68,2023-07-18
CUST_0044,TXN_00006315,783.09,2023-12-18
CUST_0080,TXN_00006316,923.04,2023-04-07
CUST_0089,TXN_00006317,108.35,2023-03-20
CUST_0001,TXN_00006318,836.62,2023-10-19
CUST_0092,TXN_00006319,777.88,2023-04-28
CUST_0020,TXN_00006320,94.42,2023-08-11
CUST_0048,TXN_00006321,456.72,2023-02-27
CUST_0017,TXN_00006322,923.76,2023-06-08
CUST_0084,TXN_00006323,201.98,2023-05-01
CUST_0033,TXN_00006324,614.63,2023-04-14
CUST_0030,TXN_00006325,405.51,2023-09-05
CUST_0059,TXN_00006326,435.42,2023-11-23
CUST_0042,TXN_00006327,800.56,2023-01-02
CUST_0081,TXN_00006328,255.09,2023-02-03
CUST_0047,TXN_00006329,605.81,2023-10-24
CUST_0050,TXN_00006330,305.17,2023-08-08
CUST_0020,TXN_00006331,200.05,2023-02-08
CUST_0034,TXN_00006332,597.94,2023-04-28
CUST_0072,TXN_00006333,191.01,2023-10-11
CUST_0054,TXN_00006334,858.57,2023-01-05
CUST_0095,TXN_00006335,480.83,2023-04-12
CUST_0044,TXN_00006336,919.35,2023-05-06
CUST_0005,TXN_00006337,369.84,2023-09-12
CUST_0011,TXN_00006338,218.38,2023-01-28
CUST_0077,TXN_00006339,489.33,2023-05-08
CUST_0008,TXN_00006340,752.34,2023-07-16
CUST_0015,TXN_00006341,839.3,2023-03-06
CUST_0006,TXN_00006342,47.1,2023-04-27
CUST_0030,TXN_00006343,192.89,2023-12-15
CUST_0100,TXN_00006344,964.1,2023-06-14
CUST_0077,TXN_00006345,748.88,2023-09-22
CUST_0099,TXN_00006346,789.55,2023-10-11
CUST_0097,TXN_00006347,189.85,2023-07-16
CUST_0051,TXN_00006348,648.29,2023-10-30
CUST_0029,TXN_00006349,757.23,2023-01-20
CUST_0004,TXN_00006350,911.0,2023-08-27
CUST_0044,TXN_00006351,90.88,2023-05-16
CUST_0054,TXN_00006352,687.88,2023-11-30
CUST_0084,TXN_00006353,159.18,2023-10-02
CUST_0014,TXN_00006354,618.5,2023-07-13
CUST_0027,TXN_00006355,78.0,2023-04-16
CUST_0036,TXN_00006356,38.35,2023-01-18
CUST_0093,TXN_00006357,366.39,2023-01-27
CUST_0015,TXN_00006358,843.9,2023-11-26
CUST_0050,TXN_00006359,64.51,2023-07-14
CUST_0040,TXN_00006360,608.88,2023-10-19
CUST_0070,TXN_00006361,76.84,2023-08-06
CUST_0033,TXN_00006362,225.82,2023-02-11
CUST_0088,TXN_00006363,754.14,2023-08-16
CUST_0027,TXN_00006364,547.98,2023-06-26
CUST_0073,TXN_00006365,404.83,2023-05-12
CUST_0055,TXN_00006366,316.19,2023-09-07
CUST_0042,TXN_00006367,336.48,2023-02-01
CUST_0017,TXN_00006368,590.96,2023-12-01
CUST_0099,TXN_00006369,504.36,2023-07-13
CUST_0015,TXN_00006370,589.18,2023-04-01
CUST_0028,TXN_00006371,217.16,2023-09-06
CUST_0046,TXN_00006372,279.3,2023-04-25
CUST_0008,TXN_00006373,996.27,2023-03-29
CUST_0092,TXN_00006374,720.2,2023-04-08
CUST_0036,TXN_00006375,605.19,2023-09-19
CUST_0041,TXN_00006376,803.98,2023-12-04
CUST_0027,TXN_00006377,162.01,2023-07-03
CUST_0086,TXN_00006378,928.0,2023-09-16
CUST_0041,TXN_00006379,292.34,2023-01-25
CUST_0006,TXN_00006380,751.91,2023-09-26
CUST_0019,TXN_00006381,951.08,2023-08-21
CUST_0008,TXN_00006382,471.25,2023-09-05
CUST_0098,TXN_00006383,289.46,2023-04-04
CUST_0018,TXN_00006384,599.48,2023-12-22
CUST_0089,TXN_00006385,471.76,2023-10-15
CUST_0003,TXN_00006386,898.01,2023-07-18
CUST_0089,TXN_00006387,697.08,2023-03-23
CUST_0043,TXN_00006388,925.27,2023-05-25
CUST_0001,TXN_00006389,499.63,2023-02-12
CUST_0027,TXN_00006390,47.41,2023-11-30
CUST_0013,TXN_00006391,561.73,2023-08-15
CUST_0013,TXN_00006392,269.19,2023-11-09
CUST_0005,TXN_00006393,311.42,2023-08-08
CUST_0029,TXN_00006394,759.93,2023-02-20
CUST_0010,TXN_00006395,451.73,2023-11-20
CUST_0074,TXN_00006396,547.1,2023-03-04
CUST_0066,TXN_00006397,132.44,2023-06-03
CUST_0048,TXN_00006398,372.71,2023-11-15
CUST_0068,TXN_00006399,902.1,2023-08-16
CUST_0006,TXN_00006400,767.28,2023-02-15
CUST_0007,TXN_00006401,811.69,2023-07-23
CUST_0080,TXN_00006402,751.05,2023-09-13
CUST_0099,TXN_00006403,636.89,2023-03-11
CUST_0090,TXN_00006404,402.98,2023-11-19
CUST_0074,TXN_00006405,548.26,2023-08-29
CUST_0072,TXN_00006406,209.36,2023-01-20
CUST_0016,TXN_00006407,555.14,2023-03-02
CUST_0046,TXN_00006408,902.61,2023-04-16
CUST_0068,TXN_00006409,321.73,2023-07-02
CUST_0046,TXN_00006410,813.29,2023-05-02
CUST_0072,TXN_00006411,132.4,2023-01-27
CUST_0002,TXN_00006412,718.91,2023-05-07
CUST_0068,TXN_00006413,568.01,2023-09-26
CUST_0074,TXN_00006414,372.52,2023-05-22
CUST_0037,TXN_00006415,504.92,2023-10-12
CUST_0078,TXN_00006416,424.49,2023-08-20
CUST_0003,TXN_00006417,200.71,2023-12-30
CUST_0030,TXN_00006418,831.71,2023-09-16
CUST_0094,TXN_00006419,322.66,2023-05-30
CUST_0011,TXN_00006420,310.98,2023-06-21
CUST_0081,TXN_00006421,547.24,2023-02-12
CUST_0052,TXN_00006422,185.03,2023-05-07
CUST_0083,TXN_00006423,662.51,2023-04-28
CUST_0039,TXN_00006424,24.51,2023-05-18
CUST_0016,TXN_00006425,373.87,2023-10-09
CUST_0022,TXN_00006426,737.29,2023-09-09
CUST_0039,TXN_00006427,992.42,2023-09-23
CUST_0093,TXN_00006428,387.28,2023-07-14
CUST_0057,TXN_00006429,807.67,2023-05-23
CUST_0049,TXN_00006430,154.73,2023-05-29
CUST_0083,TXN_00006431,234.96,2023-09-07
CUST_0099,TXN_00006432,888.45,2023-09-18
CUST_0048,TXN_00006433,688.48,2023-07-11
CUST_0020,TXN_00006434,536.38,2023-01-01
CUST_0010,TXN_00006435,226.27,2023-06-12
CUST_0056,TXN_00006436,893.34,2023-09-03
CUST_0092,TXN_00006437,712.11,2023-07-23
CUST_0051,TXN_00006438,741.78,2023-11-21
CUST_0077,TXN_00006439,368.32,2023-06-11
CUST_0011,TXN_00006440,160.53,2023-05-16
CUST_0001,TXN_00006441,248.41,2023-05-02
CUST_0080,TXN_00006442,752.02,2023-03-23
CUST_0044,TXN_00006443,738.49,2023-02-10
CUST_0033,TXN_00006444,481.54,2023-06-22
CUST_0097,TXN_00006445,75.46,2023-01-17
CUST_0039,TXN_00006446,831.16,2023-02-25
CUST_0016,TXN_00006447,666.21,2023-05-18
CUST_0064,TXN_00006448,621.7,2023-05-17
CUST_0037,TXN_00006449,620.55,2023-07-12
CUST_0062,TXN_00006450,710.72,2023-10-20
CUST_0078,TXN_00006451,597.98,2023-07-26
CUST_0095,TXN_00006452,911.41,2023-12-30
CUST_0096,TXN_00006453,641.0,2023-11-27
CUST_0056,TXN_00006454,21.64,2023-01-02
CUST_0065,TXN_00006455,843.3,2023-02-11
CUST_0007,TXN_00006456,327.49,2023-02-04
CUST_0021,TXN_00006457,539.97,2023-08-25
CUST_0008,TXN_00006458,720.62,2023-10-18
CUST_0059,TXN_00006459,863.83,2023-06-28
CUST_0012,TXN_00006460,359.02,2023-12-02
CUST_0098,TXN_00006461,727.77,2023-09-19
CUST_0012,TXN_00006462,442.35,2023-07-04
CUST_0005,TXN_00006463,583.72,2023-01-16
CUST_0011,TXN_00006464,422.3,2023-04-05
CUST_0011,TXN_00006465,399.47,2023-06-06
CUST_0063,TXN_00006466,882.52,2023-07-13
CUST_0073,TXN_00006467,193.94,2023-10-14
CUST_0083,TXN_00006468,905.85,2023-08-31
CUST_0076,TXN_00006469,669.8,2023-02-07
CUST_0067,TXN_00006470,475.84,2023-05-25
CUST_0038,TXN_00006471,544.66,2023-04-05
CUST_0019,TXN_00006472,59.21,2023-09-17
CUST_0004,TXN_00006473,686.42,2023-05-01
CUST_0060,TXN_00006474,114.94,2023-01-03
CUST_0010,TXN_00006475,119.94,2023-09-22
CUST_0025,TXN_00006476,383.3,2023-01-04
CUST_0069,TXN_00006477,975.46,2023-06-02
CUST_0096,TXN_00006478,801.15,2023-04-12
CUST_0008,TXN_00006479,917.92,2023-06-28
CUST_0022,TXN_00006480,695.8,2023-10-23
CUST_0052,TXN_00006481,41.81,2023-09-26
CUST_0079,TXN_00006482,790.25,2023-06-01
CUST_0033,TXN_00006483,255.23,2023-05-06
CUST_0062,TXN_00006484,586.52,2023-11-22
CUST_0018,TXN_00006485,848.71,2023-02-25
CUST_0033,TXN_00006486,614.57,2023-03-28
CUST_0025,TXN_00006487,966.07,2023-12-05
CUST_0032,TXN_00006488,599.5,2023-10-15
CUST_0093,TXN_00006489,297.68,2023-10-24
CUST_0083,TXN_00006490,379.41,2023-08-16
CUST_0080,TXN_00006491,345.4,2023-04-02
CUST_0083,TXN_00006492,237.1,2023-09-03
CUST_0086,TXN_00006493,777.22,2023-05-21
CUST_0020,TXN_00006494,745.87,2023-08-30
CUST_0069,TXN_00006495,441.61,2023-11-03
CUST_0016,TXN_00006496,422.86,2023-12-28
CUST_0031,TXN_00006497,620.02,2023-02-03
CUST_0022,TXN_00006498,265.49,2023-05-28
CUST_0008,TXN_00006499,831.91,2023-07-26
CUST_0068,TXN_00006500,630.93,2023-03-07
CUST_0001,TXN_00006501,816.37,2023-12-12
CUST_0069,TXN_00006502,507.56,2023-03-01
CUST_0063,TXN_00006503,867.39,2023-03-30
CUST_0004,TXN_00006504,287.75,2023-07-26
CUST_0080,TXN_00006505,693.7,2023-02-28
CUST_0061,TXN_00006506,408.71,2023-09-11
CUST_0015,TXN_00006507,724.19,2023-09-29
CUST_0061,TXN_00006508,692.52,2023-11-02
CUST_0071,TXN_00006509,201.16,2023-08-11
CUST_0002,TXN_00006510,892.72,2023-09-02
CUST_0017,TXN_00006511,945.86,2023-06-09
CUST_0067,TXN_00006512,328.31,2023-10-26
CUST_0071,TXN_00006513,939.25,2023-12-22
CUST_0097,TXN_00006514,831.84,2023-10-03
CUST_0073,TXN_00006515,822.99,2023-03-24
CUST_0100,TXN_00006516,787.14,2023-06-15
CUST_0005,TXN_00006517,951.64,2023-05-26
CUST_0034,TXN_00006518,616.93,2023-04-24
CUST_0051,TXN_00006519,271.96,2023-12-27
CUST_0086,TXN_00006520,603.2,2023-09-19
CUST_0063,TXN_00006521,973.66,2023-04-20
CUST_0063,TXN_00006522,697.12,2023-08-17
CUST_0083,TXN_00006523,850.34,2023-12-02
CUST_0062,TXN_00006524,827.2,2023-11-17
CUST_0084,TXN_00006525,174.67,2023-01-05
CUST_0076,TXN_00006526,545.43,2023-06-05
CUST_0022,TXN_00006527,184.25,2023-09-01
CUST_0035,TXN_00006528,353.11,2023-09-05
CUST_0071,TXN_00006529,238.58,2023-09-02
CUST_0012,TXN_00006530,800.45,2023-09-10
CUST_0083,TXN_00006531,373.61,2023-08-27
CUST_0018,TXN_00006532,982.31,2023-12-21
CUST_0064,TXN_00006533,551.06,2023-06-03
CUST_0052,TXN_00006534,371.23,2023-05-14
CUST_0010,TXN_00006535,976.75,2023-08-12
CUST_0084,TXN_00006536,270.85,2023-11-27
CUST_0073,TXN_00006537,726.0,2023-08-11
CUST_0005,TXN_00006538,316.51,2023-04-03
CUST_0023,TXN_00006539,926.02,2023-08-14
CUST_0089,TXN_00006540,676.18,2023-09-12
CUST_0092,TXN_00006541,726.45,2023-07-22
CUST_0084,TXN_00006542,203.49,2023-07-04
CUST_0088,TXN_00006543,326.33,2023-04-06
CUST_0075,TXN_00006544,677.43,2023-08-23
CUST_0055,TXN_00006545,117.56,2023-03-19
CUST_0022,TXN_00006546,183.09,2023-07-07
CUST_0001,TXN_00006547,814.46,2023-10-13
CUST_0083,TXN_00006548,345.57,2023-08-31
CUST_0017,TXN_00006549,850.29,2023-03-12
CUST_0006,TXN_00006550,811.14,2023-08-04
CUST_0035,TXN_00006551,658.95,2023-03-04
CUST_0095,TXN_00006552,350.97,2023-10-21
CUST_0034,TXN_00006553,793.71,2023-05-25
CUST_0016,TXN_00006554,270.31,2023-08-01
CUST_0069,TXN_00006555,388.77,2023-08-25
CUST_0050,TXN_00006556,757.4,2023-06-24
CUST_0075,TXN_00006557,193.59,2023-03-12
CUST_0037,TXN_00006558,351.79,2023-03-06
CUST_0050,TXN_00006559,93.22,2023-05-21
CUST_0006,TXN_00006560,885.16,2023-05-20
CUST_0024,TXN_00006561,963.17,2023-10-03
CUST_0022,TXN_00006562,453.03,2023-03-07
CUST_0030,TXN_00006563,26.01,2023-02-15
CUST_0059,TXN_00006564,725.41,2023-07-11
CUST_0088,TXN_00006565,148.72,2023-03-28
CUST_0031,TXN_00006566,735.29,2023-11-21
CUST_0004,TXN_00006567,480.82,2023-11-09
CUST_0089,TXN_00006568,971.5,2023-08-21
CUST_0052,TXN_00006569,287.05,2023-09-13
CUST_0001,TXN_00006570,710.97,2023-06-01
CUST_0081,TXN_00006571,372.93,2023-12-24
CUST_0006,TXN_00006572,103.92,2023-11-17
CUST_0068,TXN_00006573,861.55,2023-04-20
CUST_0093,TXN_00006574,159.61,2023-04-15
CUST_0022,TXN_00006575,865.25,2023-04-04
CUST_0024,TXN_00006576,865.47,2023-12-15
CUST_0066,TXN_00006577,118.64,2023-12-30
CUST_0017,TXN_00006578,648.03,2023-07-01
CUST_0002,TXN_00006579,487.84,2023-04-25
CUST_0071,TXN_00006580,745.39,2023-03-26
CUST_0080,TXN_00006581,997.23,2023-01-12
CUST_0050,TXN_00006582,290.36,2023-08-27
CUST_0060,TXN_00006583,601.09,2023-03-03
CUST_0098,TXN_00006584,525.88,2023-07-06
CUST_0042,TXN_00006585,443.81,2023-03-30
CUST_0087,TXN_00006586,660.35,2023-11-24
CUST_0053,TXN_00006587,931.04,2023-06-22
CUST_0075,TXN_00006588,290.9,2023-06-21
CUST_0015,TXN_00006589,96.73,2023-05-28
CUST_0037,TXN_00006590,796.37,2023-08-12
CUST_0092,TXN_00006591,959.42,2023-10-13
CUST_0047,TXN_00006592,534.74,2023-05-15
CUST_0045,TXN_00006593,894.8,2023-07-27
CUST_0090,TXN_00006594,22.6,2023-11-21
CUST_0033,TXN_00006595,993.21,2023-02-02
CUST_0002,TXN_00006596,355.53,2023-01-27
CUST_0027,TXN_00006597,428.01,2023-08-16
CUST_0018,TXN_00006598,90.01,2023-04-27
CUST_0025,TXN_00006599,146.08,2023-01-20
CUST_0026,TXN_00006600,276.21,2023-09-18
CUST_0030,TXN_00006601,286.9,2023-10-25
CUST_0039,TXN_00006602,940.12,2023-03-22
CUST_0006,TXN_00006603,482.51,2023-10-02
CUST_0099,TXN_00006604,987.7,2023-05-14
CUST_0036,TXN_00006605,881.31,2023-10-12
CUST_0020,TXN_00006606,494.31,2023-06-29
CUST_0003,TXN_00006607,995.76,2023-01-24
CUST_0077,TXN_00006608,132.63,2023-02-02
CUST_0044,TXN_00006609,603.6,2023-07-19
CUST_0064,TXN_00006610,153.94,2023-07-24
CUST_0007,TXN_00006611,443.19,2023-11-24
CUST_0097,TXN_00006612,782.76,2023-07-10
CUST_0094,TXN_00006613,76.29,2023-03-06
CUST_0017,TXN_00006614,793.27,2023-10-20
CUST_0064,TXN_00006615,662.37,2023-11-21
CUST_0098,TXN_00006616,671.09,2023-08-01
CUST_0093,TXN_00006617,329.18,2023-07-06
CUST_0094,TXN_00006618,677.67,2023-05-17
CUST_0087,TXN_00006619,205.78,2023-07-17
CUST_0035,TXN_00006620,495.64,2023-06-29
CUST_0081,TXN_00006621,879.06,2023-08-24
CUST_0039,TXN_00006622,207.5,2023-06-04
CUST_0037,TXN_00006623,691.32,2023-04-04
CUST_0002,TXN_00006624,242.97,2023-10-12
CUST_0099,TXN_00006625,937.85,2023-02-20
CUST_0031,TXN_00006626,20.54,2023-08-02
CUST_0004,TXN_00006627,443.98,2023-11-28
CUST_0099,TXN_00006628,703.6,2023-01-01
CUST_0008,TXN_00006629,155.12,2023-02-03
CUST_0003,TXN_00006630,376.12,2023-07-15
CUST_0049,TXN_00006631,771.56,2023-07-07
CUST_0093,TXN_00006632,610.3,2023-10-28
CUST_0040,TXN_00006633,718.26,2023-02-16
CUST_0040,TXN_00006634,211.3,2023-07-09
CUST_0079,TXN_00006635,356.81,2023-03-14
CUST_0025,TXN_00006636,23.55,2023-09-17
CUST_0041,TXN_00006637,973.05,2023-02-04
CUST_0077,TXN_00006638,947.81,2023-03-14
CUST_0010,TXN_00006639,696.95,2023-10-14
CUST_0023,TXN_00006640,786.95,2023-03-20
CUST_0040,TXN_00006641,639.21,2023-07-02
CUST_0043,TXN_00006642,433.19,2023-01-28
CUST_0084,TXN_00006643,820.9,2023-06-13
CUST_0028,TXN_00006644,863.48,2023-08-29
CUST_0021,TXN_00006645,511.54,2023-10-24
CUST_0051,TXN_00006646,247.43,2023-01-02
CUST_0040,TXN_00006647,983.58,2023-07-17
CUST_0015,TXN_00006648,845.99,2023-01-11
CUST_0067,TXN_00006649,42.32,2023-02-10
CUST_0061,TXN_00006650,701.48,2023-09-30
CUST_0094,TXN_00006651,132.93,2023-06-02
CUST_0100,TXN_00006652,227.96,2023-04-18
CUST_0087,TXN_00006653,314.49,2023-06-17
CUST_0007,TXN_00006654,390.15,2023-06-04
CUST_0039,TXN_00006655,669.62,2023-08-08
CUST_0015,TXN_00006656,791.99,2023-10-15
CUST_0049,TXN_00006657,519.74,2023-06-20
CUST_0034,TXN_00006658,907.64,2023-05-13
CUST_0053,TXN_00006659,754.57,2023-05-28
CUST_0078,TXN_00006660,478.24,2023-03-12
CUST_0061,TXN_00006661,673.15,2023-03-23
CUST_0099,TXN_00006662,218.78,2023-09-27
CUST_0008,TXN_00006663,578.87,2023-02-08
CUST_0056,TXN_00006664,459.93,2023-10-17
CUST_0061,TXN_00006665,801.4,2023-09-18
CUST_0073,TXN_00006666,499.05,2023-03-21
CUST_0055,TXN_00006667,997.3,2023-05-06
CUST_0095,TXN_00006668,207.28,2023-06-11
CUST_0045,TXN_00006669,325.92,2023-03-16
CUST_0077,TXN_00006670,596.38,2023-08-10
CUST_0100,TXN_00006671,558.2,2023-09-01
CUST_0058,TXN_00006672,407.5,2023-08-29
CUST_0031,TXN_00006673,743.33,2023-11-26
CUST_0004,TXN_00006674,204.01,2023-11-23
CUST_0057,TXN_00006675,896.53,2023-02-18
CUST_0051,TXN_00006676,725.88,2023-03-24
CUST_0067,TXN_00006677,148.75,2023-09-03
CUST_0046,TXN_00006678,758.75,2023-12-23
CUST_0086,TXN_00006679,455.64,2023-04-19
CUST_0066,TXN_00006680,568.83,2023-11-14
CUST_0075,TXN_00006681,732.41,2023-05-23
CUST_0095,TXN_00006682,86.74,2023-02-18
CUST_0035,TXN_00006683,19.04,2023-04-01
CUST_0085,TXN_00006684,507.04,2023-12-18
CUST_0012,TXN_00006685,935.19,2023-07-04
CUST_0014,TXN_00006686,405.65,2023-04-02
CUST_0004,TXN_00006687,752.07,2023-11-25
CUST_0031,TXN_00006688,647.46,2023-11-30
CUST_0099,TXN_00006689,607.42,2023-07-11
CUST_0046,TXN_00006690,549.53,2023-01-16
CUST_0004,TXN_00006691,905.15,2023-08-09
CUST_0074,TXN_00006692,945.66,2023-08-09
CUST_0010,TXN_00006693,497.96,2023-11-16
CUST_0098,TXN_00006694,987.48,2023-10-14
CUST_0012,TXN_00006695,442.06,2023-03-07
CUST_0044,TXN_00006696,576.12,2023-08-15
CUST_0077,TXN_00006697,63.42,2023-01-04
CUST_0056,TXN_00006698,874.79,2023-06-01
CUST_0048,TXN_00006699,915.13,2023-08-07
CUST_0089,TXN_00006700,235.21,2023-10-13
CUST_0025,TXN_00006701,223.68,2023-06-20
CUST_0040,TXN_00006702,985.59,2023-10-07
CUST_0074,TXN_00006703,782.17,2023-12-17
CUST_0098,TXN_00006704,463.36,2023-01-08
CUST_0070,TXN_00006705,555.2,2023-11-05
CUST_0009,TXN_00006706,403.78,2023-11-04
CUST_0002,TXN_00006707,446.41,2023-02-05
CUST_0047,TXN_00006708,656.18,2023-12-16
CUST_0037,TXN_00006709,573.93,2023-02-21
CUST_0019,TXN_00006710,645.25,2023-08-22
CUST_0054,TXN_00006711,890.86,2023-04-13
CUST_0017,TXN_00006712,359.99,2023-07-31
CUST_0034,TXN_00006713,953.57,2023-11-04
CUST_0009,TXN_00006714,304.13,2023-07-31
CUST_0062,TXN_00006715,219.92,2023-01-04
CUST_0067,TXN_00006716,634.77,2023-10-03
CUST_0067,TXN_00006717,903.25,2023-10-27
CUST_0026,TXN_00006718,841.29,2023-10-15
CUST_0038,TXN_00006719,718.99,2023-06-17
CUST_0004,TXN_00006720,217.91,2023-11-08
CUST_0051,TXN_00006721,343.95,2023-03-10
CUST_0085,TXN_00006722,385.53,2023-02-18
CUST_0086,TXN_00006723,54.19,2023-08-10
CUST_0058,TXN_00006724,863.08,2023-08-04
CUST_0063,TXN_00006725,333.99,2023-08-16
CUST_0023,TXN_00006726,247.29,2023-12-31
CUST_0095,TXN_00006727,594.05,2023-06-18
CUST_0002,TXN_00006728,825.16,2023-11-24
CUST_0069,TXN_00006729,482.52,2023-07-27
CUST_0017,TXN_00006730,449.01,2023-06-04
CUST_0041,TXN_00006731,145.43,2023-02-19
CUST_0048,TXN_00006732,668.52,2023-09-12
CUST_0089,TXN_00006733,268.16,2023-11-27
CUST_0015,TXN_00006734,298.85,2023-03-25
CUST_0029,TXN_00006735,877.01,2023-05-23
CUST_0004,TXN_00006736,356.96,2023-07-20
CUST_0081,TXN_00006737,43.24,2023-07-28
CUST_0056,TXN_00006738,193.4,2023-12-12
CUST_0050,TXN_00006739,389.09,2023-01-29
CUST_0068,TXN_00006740,357.16,2023-06-03
CUST_0038,TXN_00006741,231.54,2023-08-03
CUST_0025,TXN_00006742,386.63,2023-04-20
CUST_0029,TXN_00006743,864.74,2023-10-21
CUST_0015,TXN_00006744,424.32,2023-07-17
CUST_0077,TXN_00006745,959.55,2023-08-23
CUST_0062,TXN_00006746,517.79,2023-03-05
CUST_0070,TXN_00006747,443.9,2023-09-26
CUST_0014,TXN_00006748,962.81,2023-12-15
CUST_0061,TXN_00006749,670.01,2023-09-06
CUST_0094,TXN_00006750,292.89,2023-12-22
CUST_0003,TXN_00006751,381.35,2023-01-23
CUST_0058,TXN_00006752,249.04,2023-09-30
CUST_0001,TXN_00006753,703.87,2023-03-28
CUST_0047,TXN_00006754,85.43,2023-02-14
CUST_0099,TXN_00006755,603.54,2023-02-02
CUST_0015,TXN_00006756,711.59,2023-03-04
CUST_0068,TXN_00006757,140.24,2023-06-26
CUST_0040,TXN_00006758,501.82,2023-09-17
CUST_0021,TXN_00006759,472.55,2023-09-09
CUST_0053,TXN_00006760,292.4,2023-03-18
CUST_0073,TXN_00006761,39.78,2023-07-28
CUST_0086,TXN_00006762,379.46,2023-07-22
CUST_0089,TXN_00006763,171.75,2023-02-18
CUST_0093,TXN_00006764,672.41,2023-07-12
CUST_0049,TXN_00006765,864.08,2023-05-19
CUST_0078,TXN_00006766,630.24,2023-10-10
CUST_0082,TXN_00006767,903.8,2023-01-10
CUST_0019,TXN_00006768,460.48,2023-06-22
CUST_0051,TXN_00006769,594.78,2023-11-18
CUST_0006,TXN_00006770,430.73,2023-11-08
CUST_0045,TXN_00006771,241.31,2023-03-11
CUST_0011,TXN_00006772,312.42,2023-05-13
CUST_0021,TXN_00006773,143.17,2023-10-29
CUST_0014,TXN_00006774,967.98,2023-02-17
CUST_0013,TXN_00006775,754.21,2023-11-30
CUST_0038,TXN_00006776,267.83,2023-03-23
CUST_0087,TXN_00006777,938.76,2023-11-19
CUST_0037,TXN_00006778,961.35,2023-11-03
CUST_0026,TXN_00006779,387.74,2023-01-24
CUST_0043,TXN_00006780,631.18,2023-12-31
CUST_0012,TXN_00006781,656.26,2023-08-31
CUST_0012,TXN_00006782,900.21,2023-07-06
CUST_0064,TXN_00006783,658.99,2023-01-17
CUST_0082,TXN_00006784,564.45,2023-10-26
CUST_0047,TXN_00006785,734.32,2023-10-06
CUST_0032,TXN_00006786,947.54,2023-02-20
CUST_0029,TXN_00006787,378.68,2023-03-01
CUST_0026,TXN_00006788,284.9,2023-09-20
CUST_0073,TXN_00006789,361.58,2023-02-13
CUST_0066,TXN_00006790,419.23,2023-10-15
CUST_0023,TXN_00006791,784.92,2023-11-09
CUST_0087,TXN_00006792,318.71,2023-12-22
CUST_0024,TXN_00006793,15.55,2023-10-27
CUST_0024,TXN_00006794,212.44,2023-12-04
CUST_0027,TXN_00006795,591.6,2023-04-28
CUST_0011,TXN_00006796,769.71,2023-07-20
CUST_0046,TXN_00006797,172.16,2023-07-04
CUST_0091,TXN_00006798,943.45,2023-08-28
CUST_0067,TXN_00006799,200.74,2023-02-19
CUST_0046,TXN_00006800,748.04,2023-06-27
CUST_0088,TXN_00006801,394.26,2023-10-22
CUST_0011,TXN_00006802,897.5,2023-11-10
CUST_0001,TXN_00006803,126.98,2023-02-12
CUST_0093,TXN_00006804,631.49,2023-07-19
CUST_0008,TXN_00006805,121.86,2023-01-15
CUST_0066,TXN_00006806,792.47,2023-02-04
CUST_0032,TXN_00006807,371.13,2023-12-29
CUST_0049,TXN_00006808,19.02,2023-12-27
CUST_0058,TXN_00006809,468.4,2023-09-10
CUST_0086,TXN_00006810,101.65,2023-05-23
CUST_0025,TXN_00006811,374.29,2023-01-09
CUST_0095,TXN_00006812,14.87,2023-11-15
CUST_0001,TXN_00006813,493.75,2023-01-29
CUST_0040,TXN_00006814,549.45,2023-08-10
CUST_0009,TXN_00006815,968.13,2023-04-26
CUST_0079,TXN_00006816,905.52,2023-04-06
CUST_0025,TXN_00006817,34.31,2023-02-16
CUST_0049,TXN_00006818,441.48,2023-10-19
CUST_0076,TXN_00006819,507.61,2023-03-24
CUST_0087,TXN_00006820,228.22,2023-07-29
CUST_0036,TXN_00006821,251.99,2023-06-12
CUST_0028,TXN_00006822,918.18,2023-04-09
CUST_0006,TXN_00006823,992.76,2023-05-02
CUST_0065,TXN_00006824,701.52,2023-03-21
CUST_0061,TXN_00006825,791.9,2023-06-08
CUST_0051,TXN_00006826,18.11,2023-08-18
CUST_0021,TXN_00006827,844.52,2023-02-18
CUST_0096,TXN_00006828,257.3,2023-04-27
CUST_0097,TXN_00006829,804.32,2023-11-26
CUST_0064,TXN_00006830,689.56,2023-03-17
CUST_0053,TXN_00006831,981.96,2023-04-18
CUST_0004,TXN_00006832,781.37,2023-05-23
CUST_0027,TXN_00006833,309.51,2023-10-30
CUST_0085,TXN_00006834,320.12,2023-03-21
CUST_0072,TXN_00006835,476.77,2023-11-29
CUST_0071,TXN_00006836,881.17,2023-09-27
CUST_0045,TXN_00006837,309.88,2023-08-16
CUST_0075,TXN_00006838,431.25,2023-12-13
CUST_0031,TXN_00006839,598.88,2023-06-05
CUST_0018,TXN_00006840,144.52,2023-06-15
CUST_0022,TXN_00006841,120.87,2023-05-16
CUST_0001,TXN_00006842,981.7,2023-01-06
CUST_0041,TXN_00006843,536.56,2023-11-07
CUST_0021,TXN_00006844,856.13,2023-03-04
CUST_0004,TXN_00006845,111.68,2023-10-17
CUST_0012,TXN_00006846,478.74,2023-06-09
CUST_0034,TXN_00006847,318.02,2023-01-31
CUST_0042,TXN_00006848,392.28,2023-06-05
CUST_0022,TXN_00006849,194.29,2023-09-21
CUST_0099,TXN_00006850,631.86,2023-06-06
CUST_0028,TXN_00006851,737.14,2023-04-03
CUST_0065,TXN_00006852,160.94,2023-10-28
CUST_0012,TXN_00006853,185.83,2023-10-23
CUST_0082,TXN_00006854,508.16,2023-10-15
CUST_0091,TXN_00006855,975.96,2023-04-13
CUST_0083,TXN_00006856,848.81,2023-03-05
CUST_0007,TXN_00006857,473.97,2023-09-23
CUST_0059,TXN_00006858,164.23,2023-03-31
CUST_0083,TXN_00006859,489.56,2023-01-15
CUST_0088,TXN_00006860,114.56,2023-09-07
CUST_0036,TXN_00006861,958.38,2023-10-04
CUST_0037,TXN_00006862,239.75,2023-10-25
CUST_0098,TXN_00006863,352.5,2023-11-20
CUST_0014,TXN_00006864,120.34,2023-02-14
CUST_0054,TXN_00006865,720.36,2023-04-07
CUST_0023,TXN_00006866,299.26,2023-12-17
CUST_0050,TXN_00006867,137.46,2023-06-08
CUST_0015,TXN_00006868,173.48,2023-12-18
CUST_0066,TXN_00006869,358.05,2023-11-24
CUST_0093,TXN_00006870,292.0,2023-06-18
CUST_0052,TXN_00006871,305.1,2023-11-18
CUST_0096,TXN_00006872,233.67,2023-01-12
CUST_0036,TXN_00006873,889.52,2023-10-17
CUST_0017,TXN_00006874,589.27,2023-08-01
CUST_0013,TXN_00006875,798.29,2023-08-21
CUST_0017,TXN_00006876,223.53,2023-05-15
CUST_0052,TXN_00006877,610.82,2023-03-07
CUST_0057,TXN_00006878,13.13,2023-05-24
CUST_0007,TXN_00006879,184.97,2023-01-16
CUST_0012,TXN_00006880,778.52,2023-09-01
CUST_0078,TXN_00006881,509.48,2023-06-04
CUST_0088,TXN_00006882,132.28,2023-11-15
CUST_0061,TXN_00006883,828.95,2023-06-09
CUST_0085,TXN_00006884,138.35,2023-10-21
CUST_0074,TXN_00006885,506.97,2023-10-26
CUST_0026,TXN_00006886,38.02,2023-11-13
CUST_0027,TXN_00006887,324.32,2023-12-17
CUST_0012,TXN_00006888,90.26,2023-12-09
CUST_0031,TXN_00006889,546.79,2023-04-15
CUST_0041,TXN_00006890,100.84,2023-04-01
CUST_0097,TXN_00006891,222.22,2023-06-15
CUST_0036,TXN_00006892,672.17,2023-08-07
CUST_0058,TXN_00006893,349.65,2023-10-08
CUST_0015,TXN_00006894,305.6,2023-12-13
CUST_0044,TXN_00006895,373.42,2023-03-29
CUST_0053,TXN_00006896,373.46,2023-04-19
CUST_0071,TXN_00006897,139.65,2023-10-27
CUST_0066,TXN_00006898,72.48,2023-08-12
CUST_0076,TXN_00006899,166.87,2023-02-20
CUST_0017,TXN_00006900,356.02,2023-06-08
CUST_0048,TXN_00006901,655.35,2023-02-24
CUST_0046,TXN_00006902,873.82,2023-09-30
CUST_0057,TXN_00006903,85.02,2023-04-05
CUST_0087,TXN_00006904,988.32,2023-04-01
CUST_0008,TXN_00006905,366.98,2023-06-26
CUST_0081,TXN_00006906,903.21,2023-07-17
CUST_0037,TXN_00006907,456.27,2023-11-20
CUST_0013,TXN_00006908,654.55,2023-09-16
CUST_0038,TXN_00006909,58.92,2023-09-15
CUST_0080,TXN_00006910,407.98,2023-05-09
CUST_0027,TXN_00006911,218.46,2023-10-11
CUST_0093,TXN_00006912,220.33,2023-01-07
CUST_0045,TXN_00006913,745.73,2023-01-21
CUST_0005,TXN_00006914,844.36,2023-04-23
CUST_0017,TXN_00006915,290.17,2023-01-21
CUST_0015,TXN_00006916,336.42,2023-08-20
CUST_0079,TXN_00006917,129.58,2023-07-11
CUST_0053,TXN_00006918,448.68,2023-03-18
CUST_0009,TXN_00006919,800.46,2023-09-28
CUST_0007,TXN_00006920,31.0,2023-01-07
CUST_0006,TXN_00006921,169.98,2023-04-26
CUST_0079,TXN_00006922,471.25,2023-10-31
CUST_0072,TXN_00006923,20.38,2023-09-20
CUST_0086,TXN_00006924,566.92,2023-05-21
CUST_0009,TXN_00006925,251.87,2023-02-13
CUST_0042,TXN_00006926,868.44,2023-01-29
CUST_0016,TXN_00006927,484.68,2023-12-22
CUST_0028,TXN_00006928,249.82,2023-04-11
CUST_0007,TXN_00006929,161.64,2023-01-16
CUST_0078,TXN_00006930,928.68,2023-05-04
CUST_0087,TXN_00006931,699.9,2023-06-18
CUST_0008,TXN_00006932,735.88,2023-10-12
CUST_0039,TXN_00006933,369.41,2023-01-14
CUST_0067,TXN_00006934,792.43,2023-12-03
CUST_0100,TXN_00006935,190.12,2023-01-04
CUST_0018,TXN_00006936,223.31,2023-02-14
CUST_0049,TXN_00006937,668.59,2023-09-17
CUST_0095,TXN_00006938,960.03,2023-03-31
CUST_0011,TXN_00006939,347.15,2023-01-03
CUST_0006,TXN_00006940,34.9,2023-06-28
CUST_0007,TXN_00006941,74.66,2023-11-08
CUST_0023,TXN_00006942,322.82,2023-06-27
CUST_0030,TXN_00006943,464.94,2023-04-07
CUST_0022,TXN_00006944,218.9,2023-10-21
CUST_0039,TXN_00006945,32.94,2023-08-13
CUST_0048,TXN_00006946,281.46,2023-08-14
CUST_0002,TXN_00006947,325.68,2023-11-17
CUST_0004,TXN_00006948,99.07,2023-12-21
CUST_0082,TXN_00006949,60.8,2023-11-17
CUST_0056,TXN_00006950,845.79,2023-08-21
CUST_0094,TXN_00006951,919.86,2023-04-06
CUST_0051,TXN_00006952,170.89,2023-11-14
CUST_0090,TXN_00006953,984.86,2023-05-26
CUST_0092,TXN_00006954,645.79,2023-04-21
CUST_0067,TXN_00006955,333.64,2023-05-25
CUST_0038,TXN_00006956,82.54,2023-07-09
CUST_0059,TXN_00006957,328.14,2023-08-27
CUST_0052,TXN_00006958,78.98,2023-10-28
CUST_0094,TXN_00006959,93.38,2023-07-27
CUST_0043,TXN_00006960,85.77,2023-12-08
CUST_0095,TXN_00006961,96.51,2023-02-24
CUST_0080,TXN_00006962,861.08,2023-10-29
CUST_0089,TXN_00006963,322.39,2023-06-17
CUST_0064,TXN_00006964,384.45,2023-06-14
CUST_0005,TXN_00006965,731.17,2023-03-05
CUST_0064,TXN_00006966,773.5,2023-07-05
CUST_0065,TXN_00006967,469.98,2023-04-29
CUST_0007,TXN_00006968,815.86,2023-11-04
CUST_0038,TXN_00006969,293.45,2023-02-21
CUST_0046,TXN_00006970,75.68,2023-04-12
CUST_0095,TXN_00006971,138.21,2023-07-15
CUST_0018,TXN_00006972,917.13,2023-01-21
CUST_0027,TXN_00006973,933.75,2023-06-25
CUST_0036,TXN_00006974,507.04,2023-07-26
CUST_0087,TXN_00006975,357.81,2023-09-30
CUST_0059,TXN_00006976,750.44,2023-06-21
CUST_0093,TXN_00006977,773.69,2023-06-03
CUST_0026,TXN_00006978,797.4,2023-04-03
CUST_0047,TXN_00006979,155.45,2023-04-30
CUST_0027,TXN_00006980,383.87,2023-04-01
CUST_0034,TXN_00006981,986.81,2023-06-06
CUST_0036,TXN_00006982,358.58,2023-06-28
CUST_0020,TXN_00006983,313.28,2023-03-20
CUST_0098,TXN_00006984,830.04,2023-02-09
CUST_0056,TXN_00006985,191.01,2023-12-14
CUST_0077,TXN_00006986,937.74,2023-02-17
CUST_0040,TXN_00006987,871.64,2023-09-01
CUST_0071,TXN_00006988,611.29,2023-10-17
CUST_0039,TXN_00006989,998.7,2023-08-21
CUST_0010,TXN_00006990,946.49,2023-08-11
CUST_0001,TXN_00006991,951.53,2023-01-27
CUST_0076,TXN_00006992,342.5,2023-12-20
CUST_0043,TXN_00006993,254.83,2023-06-14
CUST_0031,TXN_00006994,809.39,2023-06-17
CUST_0052,TXN_00006995,722.77,2023-10-20
CUST_0058,TXN_00006996,920.42,2023-06-30
CUST_0071,TXN_00006997,795.74,2023-07-24
CUST_0049,TXN_00006998,415.73,2023-04-15
CUST_0042,TXN_00006999,364.16,2023-11-18
CUST_0051,TXN_00007000,793.06,2023-07-10
CUST_0073,TXN_00007001,391.26,2023-09-27
CUST_0024,TXN_00007002,653.0,2023-07-22
CUST_0060,TXN_00007003,657.49,2023-12-08
CUST_0055,TXN_00007004,276.38,2023-11-17
CUST_0073,TXN_00007005,297.91,2023-07-02
CUST_0082,TXN_00007006,93.81,2023-10-12
CUST_0029,TXN_00007007,150.07,2023-07-26
CUST_0043,TXN_00007008,568.03,2023-11-14
CUST_0029,TXN_00007009,440.25,2023-11-23
CUST_0060,TXN_00007010,257.17,2023-07-27
CUST_0058,TXN_00007011,891.7,2023-09-16
CUST_0003,TXN_00007012,109.33,2023-01-18
CUST_0082,TXN_00007013,992.06,2023-09-28
CUST_0082,TXN_00007014,49.79,2023-06-16
CUST_0087,TXN_00007015,455.28,2023-09-30
CUST_0056,TXN_00007016,91.08,2023-05-07
CUST_0020,TXN_00007017,242.26,2023-10-08
CUST_0016,TXN_00007018,866.68,2023-02-24
CUST_0001,TXN_00007019,608.65,2023-03-07
CUST_0094,TXN_00007020,801.51,2023-08-19
CUST_0067,TXN_00007021,860.45,2023-07-09
CUST_0082,TXN_00007022,944.59,2023-07-14
CUST_0050,TXN_00007023,21.31,2023-06-07
CUST_0016,TXN_00007024,765.62,2023-01-25
CUST_0004,TXN_00007025,337.37,2023-07-10
CUST_0037,TXN_00007026,148.98,2023-02-11
CUST_0060,TXN_00007027,443.05,2023-09-24
CUST_0088,TXN_00007028,375.56,2023-05-09
CUST_0049,TXN_00007029,941.18,2023-04-26
CUST_0069,TXN_00007030,873.13,2023-12-18
CUST_0067,TXN_00007031,650.83,2023-04-02
CUST_0071,TXN_00007032,403.95,2023-08-03
CUST_0088,TXN_00007033,531.24,2023-05-10
CUST_0098,TXN_00007034,43.31,2023-03-18
CUST_0091,TXN_00007035,478.73,2023-09-22
CUST_0023,TXN_00007036,711.94,2023-03-11
CUST_0071,TXN_00007037,869.49,2023-12-25
CUST_0014,TXN_00007038,568.5,2023-03-18
CUST_0048,TXN_00007039,517.93,2023-01-13
CUST_0055,TXN_00007040,903.89,2023-04-23
CUST_0051,TXN_00007041,800.44,2023-02-11
CUST_0048,TXN_00007042,18.39,2023-06-30
CUST_0073,TXN_00007043,57.21,2023-08-11
CUST_0019,TXN_00007044,814.26,2023-05-24
CUST_0094,TXN_00007045,784.27,2023-07-21
CUST_0003,TXN_00007046,131.9,2023-06-05
CUST_0032,TXN_00007047,170.1,2023-03-17
CUST_0010,TXN_00007048,990.68,2023-02-27
CUST_0009,TXN_00007049,993.76,2023-03-08
CUST_0043,TXN_00007050,482.99,2023-02-26
CUST_0073,TXN_00007051,559.93,2023-06-08
CUST_0060,TXN_00007052,534.65,2023-06-28
CUST_0016,TXN_00007053,254.73,2023-08-27
CUST_0019,TXN_00007054,883.68,2023-06-18
CUST_0091,TXN_00007055,444.77,2023-07-24
CUST_0063,TXN_00007056,109.65,2023-07-30
CUST_0093,TXN_00007057,247.97,2023-05-07
CUST_0095,TXN_00007058,308.67,2023-02-12
CUST_0089,TXN_00007059,961.48,2023-12-19
CUST_0097,TXN_00007060,407.8,2023-10-10
CUST_0044,TXN_00007061,118.19,2023-04-28
CUST_0052,TXN_00007062,445.63,2023-03-18
CUST_0072,TXN_00007063,229.73,2023-01-18
CUST_0079,TXN_00007064,281.09,2023-09-30
CUST_0003,TXN_00007065,416.96,2023-07-30
CUST_0069,TXN_00007066,19.85,2023-07-10
CUST_0006,TXN_00007067,184.9,2023-05-10
CUST_0015,TXN_00007068,792.38,2023-12-08
CUST_0082,TXN_00007069,469.76,2023-03-16
CUST_0027,TXN_00007070,859.94,2023-11-27
CUST_0056,TXN_00007071,101.65,2023-04-30
CUST_0042,TXN_00007072,708.76,2023-12-25
CUST_0044,TXN_00007073,347.19,2023-02-07
CUST_0023,TXN_00007074,20.61,2023-03-02
CUST_0045,TXN_00007075,283.71,2023-04-01
CUST_0092,TXN_00007076,270.51,2023-04-04
CUST_0034,TXN_00007077,188.25,2023-12-01
CUST_0001,TXN_00007078,445.55,2023-08-19
CUST_0016,TXN_00007079,742.81,2023-04-09
CUST_0093,TXN_00007080,316.62,2023-01-13
CUST_0066,TXN_00007081,468.66,2023-06-23
CUST_0084,TXN_00007082,653.07,2023-04-07
CUST_0077,TXN_00007083,581.19,2023-09-30
CUST_0063,TXN_00007084,909.63,2023-06-24
CUST_0030,TXN_00007085,219.91,2023-09-25
CUST_0054,TXN_00007086,796.24,2023-05-27
CUST_0080,TXN_00007087,439.79,2023-02-07
CUST_0002,TXN_00007088,374.86,2023-01-22
CUST_0060,TXN_00007089,247.89,2023-01-27
CUST_0011,TXN_00007090,825.23,2023-11-27
CUST_0093,TXN_00007091,834.61,2023-09-29
CUST_0037,TXN_00007092,719.33,2023-05-01
CUST_0043,TXN_00007093,797.93,2023-05-13
CUST_0035,TXN_00007094,75.34,2023-07-03
CUST_0017,TXN_00007095,265.41,2023-03-15
CUST_0066,TXN_00007096,838.7,2023-07-09
CUST_0075,TXN_00007097,689.6,2023-12-09
CUST_0036,TXN_00007098,901.46,2023-09-23
CUST_0093,TXN_00007099,619.09,2023-01-03
CUST_0029,TXN_00007100,937.88,2023-11-03
CUST_0056,TXN_00007101,751.09,2023-08-18
CUST_0068,TXN_00007102,792.34,2023-07-21
CUST_0069,TXN_00007103,218.13,2023-01-07
CUST_0018,TXN_00007104,277.16,2023-10-20
CUST_0074,TXN_00007105,132.67,2023-12-12
CUST_0098,TXN_00007106,59.63,2023-07-16
CUST_0003,TXN_00007107,520.29,2023-06-09
CUST_0035,TXN_00007108,363.54,2023-10-04
CUST_0074,TXN_00007109,329.88,2023-01-29
CUST_0033,TXN_00007110,314.94,2023-04-09
CUST_0031,TXN_00007111,39.01,2023-10-24
CUST_0088,TXN_00007112,517.99,2023-10-08
CUST_0042,TXN_00007113,90.49,2023-06-06
CUST_0016,TXN_00007114,121.9,2023-04-01
CUST_0042,TXN_00007115,660.22,2023-05-02
CUST_0024,TXN_00007116,489.49,2023-02-27
CUST_0014,TXN_00007117,362.78,2023-03-08
CUST_0089,TXN_00007118,469.55,2023-08-02
CUST_0023,TXN_00007119,236.99,2023-07-10
CUST_0003,TXN_00007120,495.67,2023-01-14
CUST_0042,TXN_00007121,840.98,2023-01-26
CUST_0002,TXN_00007122,364.17,2023-09-12
CUST_0049,TXN_00007123,142.88,2023-08-08
CUST_0014,TXN_00007124,783.16,2023-04-26
CUST_0001,TXN_00007125,512.2,2023-05-01
CUST_0018,TXN_00007126,44.08,2023-01-13
CUST_0027,TXN_00007127,197.38,2023-08-05
CUST_0052,TXN_00007128,214.23,2023-07-31
CUST_0083,TXN_00007129,600.36,2023-09-05
CUST_0096,TXN_00007130,30.8,2023-09-04
CUST_0032,TXN_00007131,441.19,2023-05-26
CUST_0016,TXN_00007132,565.82,2023-10-04
CUST_0008,TXN_00007133,118.42,2023-01-27
CUST_0068,TXN_00007134,791.77,2023-05-19
CUST_0076,TXN_00007135,876.64,2023-07-27
CUST_0098,TXN_00007136,727.44,2023-09-05
CUST_0020,TXN_00007137,40.0,2023-08-02
CUST_0018,TXN_00007138,394.04,2023-08-24
CUST_0062,TXN_00007139,374.63,2023-07-01
CUST_0087,TXN_00007140,976.59,2023-02-25
CUST_0006,TXN_00007141,993.0,2023-06-25
CUST_0018,TXN_00007142,291.27,2023-06-21
CUST_0005,TXN_00007143,912.9,2023-04-28
CUST_0087,TXN_00007144,550.63,2023-10-09
CUST_0100,TXN_00007145,121.0,2023-09-18
CUST_0096,TXN_00007146,321.88,2023-01-01
CUST_0001,TXN_00007147,495.55,2023-12-01
CUST_0013,TXN_00007148,978.93,2023-09-09
CUST_0042,TXN_00007149,162.48,2023-08-23
CUST_0027,TXN_00007150,435.2,2023-06-17
CUST_0068,TXN_00007151,541.36,2023-04-27
CUST_0016,TXN_00007152,154.26,2023-06-24
CUST_0064,TXN_00007153,667.74,2023-07-31
CUST_0018,TXN_00007154,741.18,2023-04-28
CUST_0074,TXN_00007155,638.4,2023-01-12
CUST_0009,TXN_00007156,648.63,2023-11-29
CUST_0093,TXN_00007157,494.24,2023-05-11
CUST_0012,TXN_00007158,709.38,2023-02-27
CUST_0041,TXN_00007159,292.04,2023-11-10
CUST_0097,TXN_00007160,229.65,2023-05-04
CUST_0090,TXN_00007161,831.41,2023-11-12
CUST_0021,TXN_00007162,213.15,2023-05-09
CUST_0029,TXN_00007163,196.56,2023-05-15
CUST_0027,TXN_00007164,202.2,2023-12-21
CUST_0036,TXN_00007165,998.23,2023-11-18
CUST_0093,TXN_00007166,865.57,2023-06-03
CUST_0073,TXN_00007167,371.66,2023-11-15
CUST_0042,TXN_00007168,171.89,2023-03-21
CUST_0013,TXN_00007169,776.99,2023-11-08
CUST_0067,TXN_00007170,541.41,2023-08-05
CUST_0046,TXN_00007171,98.59,2023-05-13
CUST_0053,TXN_00007172,735.12,2023-03-10
CUST_0052,TXN_00007173,715.14,2023-12-06
CUST_0031,TXN_00007174,689.64,2023-03-12
CUST_0087,TXN_00007175,191.17,2023-10-01
CUST_0075,TXN_00007176,632.15,2023-02-11
CUST_0024,TXN_00007177,370.12,2023-03-29
CUST_0059,TXN_00007178,472.24,2023-09-27
CUST_0011,TXN_00007179,436.07,2023-02-24
CUST_0048,TXN_00007180,885.22,2023-07-09
CUST_0079,TXN_00007181,623.86,2023-03-06
CUST_0057,TXN_00007182,74.22,2023-07-09
CUST_0024,TXN_00007183,446.02,2023-04-15
CUST_0039,TXN_00007184,28.33,2023-02-19
CUST_0088,TXN_00007185,597.67,2023-01-12
CUST_0036,TXN_00007186,649.61,2023-12-22
CUST_0093,TXN_00007187,624.32,2023-03-15
CUST_0075,TXN_00007188,56.5,2023-05-10
CUST_0100,TXN_00007189,829.09,2023-08-27
CUST_0072,TXN_00007190,980.48,2023-07-20
CUST_0019,TXN_00007191,121.37,2023-12-17
CUST_0088,TXN_00007192,923.73,2023-05-11
CUST_0003,TXN_00007193,159.87,2023-03-11
CUST_0044,TXN_00007194,40.6,2023-08-15
CUST_0012,TXN_00007195,209.63,2023-12-10
CUST_0080,TXN_00007196,616.47,2023-02-14
CUST_0017,TXN_00007197,405.8,2023-04-23
CUST_0090,TXN_00007198,375.79,2023-09-11
CUST_0059,TXN_00007199,878.24,2023-01-24
CUST_0087,TXN_00007200,516.71,2023-12-20
CUST_0010,TXN_00007201,832.7,2023-06-05
CUST_0010,TXN_00007202,318.4,2023-12-18
CUST_0084,TXN_00007203,367.87,2023-05-05
CUST_0053,TXN_00007204,559.97,2023-01-15
CUST_0093,TXN_00007205,152.88,2023-06-12
CUST_0092,TXN_00007206,961.53,2023-02-02
CUST_0076,TXN_00007207,243.95,2023-08-05
CUST_0091,TXN_00007208,530.85,2023-03-02
CUST_0061,TXN_00007209,145.6,2023-03-29
CUST_0047,TXN_00007210,648.31,2023-07-20
CUST_0090,TXN_00007211,140.69,2023-01-19
CUST_0020,TXN_00007212,343.57,2023-10-27
CUST_0017,TXN_00007213,528.94,2023-07-05
CUST_0077,TXN_00007214,602.02,2023-01-30
CUST_0049,TXN_00007215,585.3,2023-03-15
CUST_0100,TXN_00007216,115.29,2023-08-22
CUST_0013,TXN_00007217,963.96,2023-08-23
CUST_0038,TXN_00007218,54.75,2023-05-22
CUST_0046,TXN_00007219,870.59,2023-11-06
CUST_0027,TXN_00007220,161.22,2023-03-30
CUST_0043,TXN_00007221,482.3,2023-03-03
CUST_0043,TXN_00007222,300.97,2023-11-18
CUST_0066,TXN_00007223,485.8,2023-10-19
CUST_0054,TXN_00007224,165.81,2023-01-05
CUST_0015,TXN_00007225,542.63,2023-07-28
CUST_0006,TXN_00007226,118.09,2023-03-28
CUST_0042,TXN_00007227,982.39,2023-06-16
CUST_0073,TXN_00007228,514.35,2023-06-01
CUST_0064,TXN_00007229,371.07,2023-11-27
CUST_0017,TXN_00007230,226.22,2023-10-19
CUST_0050,TXN_00007231,488.87,2023-05-09
CUST_0070,TXN_00007232,613.32,2023-03-14
CUST_0030,TXN_00007233,528.56,2023-10-03
CUST_0090,TXN_00007234,941.75,2023-01-11
CUST_0047,TXN_00007235,468.91,2023-11-21
CUST_0058,TXN_00007236,77.07,2023-05-08
CUST_0006,TXN_00007237,749.65,2023-09-16
CUST_0003,TXN_00007238,543.2,2023-09-21
CUST_0018,TXN_00007239,875.86,2023-05-20
CUST_0059,TXN_00007240,393.15,2023-05-01
CUST_0023,TXN_00007241,616.72,2023-02-16
CUST_0051,TXN_00007242,991.64,2023-07-27
CUST_0063,TXN_00007243,307.4,2023-08-23
CUST_0029,TXN_00007244,863.24,2023-08-22
CUST_0095,TXN_00007245,195.25,2023-04-08
CUST_0009,TXN_00007246,33.9,2023-07-13
CUST_0096,TXN_00007247,77.04,2023-12-10
CUST_0087,TXN_00007248,633.9,2023-06-15
CUST_0037,TXN_00007249,881.26,2023-08-10
CUST_0029,TXN_00007250,296.6,2023-08-29
CUST_0098,TXN_00007251,776.62,2023-11-30
CUST_0052,TXN_00007252,433.49,2023-03-13
CUST_0089,TXN_00007253,420.95,2023-07-25
CUST_0002,TXN_00007254,788.42,2023-02-07
CUST_0008,TXN_00007255,408.33,2023-11-12
CUST_0080,TXN_00007256,366.33,2023-01-13
CUST_0061,TXN_00007257,605.35,2023-06-24
CUST_0057,TXN_00007258,662.93,2023-02-14
CUST_0099,TXN_00007259,369.11,2023-04-25
CUST_0029,TXN_00007260,436.56,2023-03-05
CUST_0049,TXN_00007261,626.05,2023-03-08
CUST_0076,TXN_00007262,271.43,2023-11-22
CUST_0048,TXN_00007263,125.73,2023-08-31
CUST_0085,TXN_00007264,549.75,2023-10-24
CUST_0042,TXN_00007265,974.48,2023-08-01
CUST_0022,TXN_00007266,633.08,2023-07-10
CUST_0087,TXN_00007267,915.32,2023-02-19
CUST_0022,TXN_00007268,826.02,2023-07-08
CUST_0035,TXN_00007269,946.55,2023-10-16
CUST_0097,TXN_00007270,927.98,2023-05-21
CUST_0052,TXN_00007271,477.98,2023-11-01
CUST_0063,TXN_00007272,238.28,2023-03-15
CUST_0021,TXN_00007273,328.99,2023-04-15
CUST_0004,TXN_00007274,548.98,2023-01-21
CUST_0086,TXN_00007275,346.51,2023-08-11
CUST_0013,TXN_00007276,565.44,2023-09-20
CUST_0017,TXN_00007277,150.69,2023-11-22
CUST_0097,TXN_00007278,757.8,2023-04-25
CUST_0019,TXN_00007279,462.44,2023-07-04
CUST_0081,TXN_00007280,416.28,2023-12-11
CUST_0083,TXN_00007281,532.52,2023-04-08
CUST_0048,TXN_00007282,53.96,2023-05-22
CUST_0036,TXN_00007283,841.97,2023-08-30
CUST_0025,TXN_00007284,519.51,2023-01-08
CUST_0079,TXN_00007285,747.92,2023-11-05
CUST_0087,TXN_00007286,850.0,2023-06-06
CUST_0063,TXN_00007287,547.23,2023-09-09
CUST_0008,TXN_00007288,541.18,2023-03-16
CUST_0088,TXN_00007289,230.29,2023-10-16
CUST_0010,TXN_00007290,592.61,2023-04-27
CUST_0054,TXN_00007291,842.35,2023-03-27
CUST_0094,TXN_00007292,40.97,2023-01-25
CUST_0039,TXN_00007293,930.7,2023-05-09
CUST_0057,TXN_00007294,37.56,2023-10-23
CUST_0023,TXN_00007295,997.26,2023-08-04
CUST_0056,TXN_00007296,486.6,2023-12-10
CUST_0045,TXN_00007297,242.11,2023-12-29
CUST_0012,TXN_00007298,449.34,2023-09-03
CUST_0016,TXN_00007299,403.3,2023-04-22
CUST_0007,TXN_00007300,851.99,2023-11-03
CUST_0015,TXN_00007301,802.92,2023-11-06
CUST_0078,TXN_00007302,74.32,2023-08-08
CUST_0053,TXN_00007303,558.12,2023-07-09
CUST_0080,TXN_00007304,828.51,2023-01-16
CUST_0006,TXN_00007305,555.61,2023-10-25
CUST_0023,TXN_00007306,680.67,2023-07-06
CUST_0069,TXN_00007307,329.95,2023-11-30
CUST_0020,TXN_00007308,359.89,2023-02-13
CUST_0005,TXN_00007309,283.71,2023-02-16
CUST_0024,TXN_00007310,241.53,2023-05-26
CUST_0017,TXN_00007311,871.36,2023-07-27
CUST_0085,TXN_00007312,111.13,2023-07-05
CUST_0032,TXN_00007313,362.72,2023-05-16
CUST_0041,TXN_00007314,504.17,2023-06-26
CUST_0022,TXN_00007315,315.78,2023-05-20
CUST_0029,TXN_00007316,743.42,2023-12-13
CUST_0051,TXN_00007317,931.56,2023-08-01
CUST_0088,TXN_00007318,585.95,2023-06-16
CUST_0078,TXN_00007319,205.17,2023-09-25
CUST_0044,TXN_00007320,631.01,2023-02-05
CUST_0060,TXN_00007321,589.92,2023-11-30
CUST_0014,TXN_00007322,902.44,2023-05-26
CUST_0047,TXN_00007323,490.14,2023-07-30
CUST_0064,TXN_00007324,623.91,2023-12-22
CUST_0070,TXN_00007325,689.81,2023-10-13
CUST_0072,TXN_00007326,662.71,2023-11-23
CUST_0008,TXN_00007327,100.48,2023-06-06
CUST_0002,TXN_00007328,279.76,2023-10-16
CUST_0098,TXN_00007329,494.39,2023-12-13
CUST_0090,TXN_00007330,360.31,2023-11-12
CUST_0064,TXN_00007331,326.66,2023-08-12
CUST_0094,TXN_00007332,673.33,2023-09-30
CUST_0080,TXN_00007333,859.64,2023-12-16
CUST_0008,TXN_00007334,856.06,2023-04-27
CUST_0059,TXN_00007335,514.84,2023-07-24
CUST_0050,TXN_00007336,516.09,2023-05-29
CUST_0089,TXN_00007337,708.95,2023-01-09
CUST_0002,TXN_00007338,525.93,2023-07-19
CUST_0011,TXN_00007339,360.34,2023-04-18
CUST_0019,TXN_00007340,402.65,2023-05-02
CUST_0017,TXN_00007341,303.5,2023-10-03
CUST_0073,TXN_00007342,946.1,2023-07-16
CUST_0012,TXN_00007343,978.97,2023-09-17
CUST_0089,TXN_00007344,161.01,2023-09-19
CUST_0039,TXN_00007345,381.99,2023-01-27
CUST_0018,TXN_00007346,823.06,2023-01-09
CUST_0021,TXN_00007347,24.83,2023-12-29
CUST_0014,TXN_00007348,329.18,2023-08-19
CUST_0098,TXN_00007349,748.99,2023-07-13
CUST_0030,TXN_00007350,94.13,2023-10-11
CUST_0097,TXN_00007351,681.41,2023-09-05
CUST_0037,TXN_00007352,318.68,2023-02-17
CUST_0037,TXN_00007353,387.36,2023-06-20
CUST_0015,TXN_00007354,267.4,2023-01-24
CUST_0002,TXN_00007355,785.39,2023-02-19
CUST_0085,TXN_00007356,930.29,2023-07-31
CUST_0077,TXN_00007357,757.5,2023-07-19
CUST_0045,TXN_00007358,747.59,2023-11-21
CUST_0094,TXN_00007359,562.26,2023-12-26
CUST_0084,TXN_00007360,532.46,2023-08-11
CUST_0100,TXN_00007361,87.76,2023-12-03
CUST_0070,TXN_00007362,749.91,2023-04-18
CUST_0073,TXN_00007363,930.66,2023-04-09
CUST_0013,TXN_00007364,845.81,2023-09-14
CUST_0033,TXN_00007365,534.29,2023-06-20
CUST_0067,TXN_00007366,345.96,2023-11-12
CUST_0070,TXN_00007367,316.54,2023-05-21
CUST_0080,TXN_00007368,481.36,2023-05-05
CUST_0012,TXN_00007369,327.4,2023-06-29
CUST_0050,TXN_00007370,161.34,2023-07-26
CUST_0013,TXN_00007371,990.38,2023-10-18
CUST_0078,TXN_00007372,799.27,2023-07-31
CUST_0049,TXN_00007373,817.14,2023-11-29
CUST_0055,TXN_00007374,365.37,2023-02-27
CUST_0010,TXN_00007375,328.83,2023-05-14
CUST_0007,TXN_00007376,194.4,2023-08-24
CUST_0023,TXN_00007377,867.43,2023-09-24
CUST_0044,TXN_00007378,713.48,2023-11-09
CUST_0094,TXN_00007379,460.45,2023-08-06
CUST_0088,TXN_00007380,174.17,2023-09-21
CUST_0043,TXN_00007381,634.11,2023-01-10
CUST_0076,TXN_00007382,303.55,2023-11-08
CUST_0008,TXN_00007383,918.98,2023-05-13
CUST_0028,TXN_00007384,119.61,2023-06-21
CUST_0094,TXN_00007385,127.12,2023-06-29
CUST_0063,TXN_00007386,819.63,2023-09-16
CUST_0085,TXN_00007387,843.82,2023-04-03
CUST_0005,TXN_00007388,377.35,2023-10-03
CUST_0011,TXN_00007389,275.78,2023-07-09
CUST_0018,TXN_00007390,635.88,2023-08-06
CUST_0091,TXN_00007391,496.28,2023-06-07
CUST_0075,TXN_00007392,228.78,2023-05-21
CUST_0078,TXN_00007393,619.79,2023-08-31
CUST_0060,TXN_00007394,334.69,2023-05-28
CUST_0017,TXN_00007395,753.37,2023-05-05
CUST_0044,TXN_00007396,84.2,2023-11-25
CUST_0098,TXN_00007397,398.75,2023-12-16
CUST_0027,TXN_00007398,919.6,2023-07-30
CUST_0060,TXN_00007399,540.23,2023-06-12
CUST_0011,TXN_00007400,139.63,2023-12-20
CUST_0033,TXN_00007401,253.14,2023-10-13
CUST_0099,TXN_00007402,576.77,2023-08-05
CUST_0026,TXN_00007403,680.06,2023-09-04
CUST_0046,TXN_00007404,71.39,2023-12-24
CUST_0020,TXN_00007405,635.3,2023-02-14
CUST_0089,TXN_00007406,198.04,2023-02-18
CUST_0070,TXN_00007407,257.03,2023-08-17
CUST_0016,TXN_00007408,496.65,2023-11-08
CUST_0089,TXN_00007409,438.7,2023-09-05
CUST_0035,TXN_00007410,343.62,2023-01-31
CUST_0063,TXN_00007411,624.65,2023-05-01
CUST_0015,TXN_00007412,648.31,2023-06-27
CUST_0085,TXN_00007413,693.47,2023-09-04
CUST_0082,TXN_00007414,561.7,2023-03-03
CUST_0043,TXN_00007415,929.39,2023-09-22
CUST_0019,TXN_00007416,574.41,2023-01-12
CUST_0026,TXN_00007417,391.05,2023-11-18
CUST_0022,TXN_00007418,292.67,2023-07-13
CUST_0004,TXN_00007419,880.45,2023-06-17
CUST_0036,TXN_00007420,317.66,2023-01-13
CUST_0008,TXN_00007421,837.04,2023-06-26
CUST_0080,TXN_00007422,317.77,2023-08-08
CUST_0061,TXN_00007423,981.71,2023-01-21
CUST_0058,TXN_00007424,538.39,2023-02-09
CUST_0074,TXN_00007425,436.16,2023-04-21
CUST_0005,TXN_00007426,394.96,2023-02-23
CUST_0022,TXN_00007427,645.06,2023-05-16
CUST_0048,TXN_00007428,892.14,2023-08-04
CUST_0012,TXN_00007429,511.4,2023-01-07
CUST_0093,TXN_00007430,499.63,2023-10-15
CUST_0068,TXN_00007431,597.11,2023-02-08
CUST_0034,TXN_00007432,123.5,2023-11-23
CUST_0003,TXN_00007433,969.18,2023-05-07
CUST_0077,TXN_00007434,933.39,2023-09-13
CUST_0052,TXN_00007435,89.98,2023-07-04
CUST_0025,TXN_00007436,386.4,2023-07-21
CUST_0054,TXN_00007437,426.3,2023-09-22
CUST_0019,TXN_00007438,788.31,2023-03-04
CUST_0019,TXN_00007439,592.72,2023-10-01
CUST_0033,TXN_00007440,948.1,2023-02-01
CUST_0027,TXN_00007441,287.78,2023-09-11
CUST_0044,TXN_00007442,134.74,2023-05-31
CUST_0027,TXN_00007443,389.5,2023-02-03
CUST_0024,TXN_00007444,465.46,2023-04-08
CUST_0030,TXN_00007445,104.55,2023-12-25
CUST_0066,TXN_00007446,643.0,2023-05-26
CUST_0094,TXN_00007447,969.9,2023-06-23
CUST_0045,TXN_00007448,542.77,2023-01-03
CUST_0056,TXN_00007449,811.44,2023-03-31
CUST_0033,TXN_00007450,599.54,2023-06-10
CUST_0048,TXN_00007451,713.37,2023-06-12
CUST_0055,TXN_00007452,930.41,2023-03-16
CUST_0059,TXN_00007453,829.53,2023-10-08
CUST_0032,TXN_00007454,769.36,2023-08-27
CUST_0032,TXN_00007455,492.55,2023-07-27
CUST_0076,TXN_00007456,559.18,2023-03-19
CUST_0033,TXN_00007457,315.45,2023-03-09
CUST_0067,TXN_00007458,350.1,2023-01-21
CUST_0090,TXN_00007459,958.26,2023-05-18
CUST_0020,TXN_00007460,385.72,2023-08-09
CUST_0069,TXN_00007461,908.51,2023-05-20
CUST_0010,TXN_00007462,300.82,2023-11-10
CUST_0081,TXN_00007463,575.67,2023-07-04
CUST_0017,TXN_00007464,852.24,2023-09-18
CUST_0044,TXN_00007465,553.39,2023-12-21
CUST_0079,TXN_00007466,623.32,2023-07-21
CUST_0059,TXN_00007467,550.94,2023-08-04
CUST_0035,TXN_00007468,703.06,2023-03-16
CUST_0039,TXN_00007469,318.99,2023-06-26
CUST_0075,TXN_00007470,943.43,2023-02-20
CUST_0085,TXN_00007471,463.81,2023-02-09
CUST_0031,TXN_00007472,152.35,2023-03-02
CUST_0038,TXN_00007473,350.71,2023-03-23
CUST_0005,TXN_00007474,912.85,2023-09-29
CUST_0025,TXN_00007475,164.89,2023-05-14
CUST_0100,TXN_00007476,246.91,2023-09-07
CUST_0087,TXN_00007477,928.93,2023-09-04
CUST_0045,TXN_00007478,831.94,2023-08-19
CUST_0052,TXN_00007479,636.88,2023-06-16
CUST_0079,TXN_00007480,23.67,2023-05-07
CUST_0095,TXN_00007481,910.61,2023-05-04
CUST_0060,TXN_00007482,819.79,2023-09-20
CUST_0017,TXN_00007483,796.18,2023-04-09
CUST_0010,TXN_00007484,15.59,2023-03-06
CUST_0022,TXN_00007485,678.65,2023-10-13
CUST_0066,TXN_00007486,987.12,2023-01-19
CUST_0042,TXN_00007487,37.29,2023-07-25
CUST_0048,TXN_00007488,276.17,2023-09-05
CUST_0039,TXN_00007489,327.24,2023-07-07
CUST_0053,TXN_00007490,374.61,2023-03-22
CUST_0083,TXN_00007491,120.67,2023-05-11
CUST_0027,TXN_00007492,561.61,2023-12-21
CUST_0073,TXN_00007493,122.52,2023-08-25
CUST_0099,TXN_00007494,811.31,2023-08-29
CUST_0035,TXN_00007495,743.28,2023-11-22
CUST_0043,TXN_00007496,944.07,2023-11-17
CUST_0015,TXN_00007497,411.43,2023-02-14
CUST_0036,TXN_00007498,996.25,2023-03-20
CUST_0048,TXN_00007499,962.57,2023-01-10
CUST_0076,TXN_00007500,138.05,2023-04-24
CUST_0025,TXN_00007501,390.67,2023-06-06
CUST_0080,TXN_00007502,884.21,2023-09-25
CUST_0097,TXN_00007503,382.19,2023-09-23
CUST_0077,TXN_00007504,633.76,2023-04-03
CUST_0033,TXN_00007505,357.19,2023-05-30
CUST_0048,TXN_00007506,862.69,2023-09-28
CUST_0030,TXN_00007507,344.14,2023-06-30
CUST_0066,TXN_00007508,480.68,2023-01-14
CUST_0047,TXN_00007509,576.26,2023-10-15
CUST_0080,TXN_00007510,962.26,2023-08-02
CUST_0046,TXN_00007511,837.22,2023-06-06
CUST_0067,TXN_00007512,645.61,2023-09-07
CUST_0010,TXN_00007513,992.24,2023-01-02
CUST_0062,TXN_00007514,810.88,2023-05-30
CUST_0046,TXN_00007515,277.43,2023-06-24
CUST_0092,TXN_00007516,703.8,2023-12-16
CUST_0032,TXN_00007517,51.01,2023-12-28
CUST_0088,TXN_00007518,398.26,2023-10-31
CUST_0085,TXN_00007519,154.73,2023-02-02
CUST_0038,TXN_00007520,640.52,2023-03-04
CUST_0058,TXN_00007521,40.51,2023-12-10
CUST_0057,TXN_00007522,490.31,2023-07-12
CUST_0098,TXN_00007523,21.26,2023-03-05
CUST_0015,TXN_00007524,560.87,2023-11-28
CUST_0012,TXN_00007525,332.45,2023-12-27
CUST_0010,TXN_00007526,49.97,2023-11-01
CUST_0089,TXN_00007527,608.33,2023-11-23
CUST_0025,TXN_00007528,76.87,2023-03-12
CUST_0042,TXN_00007529,252.6,2023-05-16
CUST_0066,TXN_00007530,583.32,2023-06-14
CUST_0059,TXN_00007531,167.21,2023-08-26
CUST_0079,TXN_00007532,964.63,2023-05-11
CUST_0039,TXN_00007533,912.89,2023-04-19
CUST_0036,TXN_00007534,351.78,2023-01-01
CUST_0077,TXN_00007535,990.22,2023-01-27
CUST_0075,TXN_00007536,270.11,2023-06-28
CUST_0014,TXN_00007537,180.78,2023-12-18
CUST_0074,TXN_00007538,514.72,2023-08-18
CUST_0083,TXN_00007539,557.4,2023-08-01
CUST_0031,TXN_00007540,171.32,2023-03-25
CUST_0066,TXN_00007541,446.91,2023-10-02
CUST_0010,TXN_00007542,341.38,2023-09-16
CUST_0015,TXN_00007543,818.13,2023-06-20
CUST_0034,TXN_00007544,782.6,2023-10-22
CUST_0032,TXN_00007545,931.89,2023-06-29
CUST_0091,TXN_00007546,975.28,2023-09-30
CUST_0089,TXN_00007547,825.77,2023-06-14
CUST_0024,TXN_00007548,569.22,2023-10-26
CUST_0064,TXN_00007549,421.94,2023-03-03
CUST_0043,TXN_00007550,299.75,2023-04-23
CUST_0049,TXN_00007551,737.9,2023-12-02
CUST_0039,TXN_00007552,896.71,2023-04-15
CUST_0042,TXN_00007553,871.16,2023-01-14
CUST_0005,TXN_00007554,327.54,2023-07-13
CUST_0049,TXN_00007555,543.9,2023-09-26
CUST_0043,TXN_00007556,832.56,2023-04-28
CUST_0070,TXN_00007557,489.18,2023-03-24
CUST_0009,TXN_00007558,134.43,2023-09-08
CUST_0031,TXN_00007559,971.82,2023-05-26
CUST_0085,TXN_00007560,215.15,2023-05-26
CUST_0080,TXN_00007561,740.84,2023-07-16
CUST_0060,TXN_00007562,612.5,2023-11-03
CUST_0023,TXN_00007563,433.17,2023-03-02
CUST_0069,TXN_00007564,827.76,2023-07-18
CUST_0005,TXN_00007565,243.64,2023-04-09
CUST_0072,TXN_00007566,111.52,2023-12-28
CUST_0009,TXN_00007567,594.79,2023-10-09
CUST_0081,TXN_00007568,214.52,2023-05-28
CUST_0008,TXN_00007569,814.37,2023-02-13
CUST_0067,TXN_00007570,110.93,2023-11-28
CUST_0080,TXN_00007571,569.52,2023-10-22
CUST_0006,TXN_00007572,957.85,2023-01-05
CUST_0025,TXN_00007573,833.82,2023-05-05
CUST_0084,TXN_00007574,531.0,2023-01-13
CUST_0044,TXN_00007575,580.38,2023-02-20
CUST_0082,TXN_00007576,995.01,2023-01-05
CUST_0005,TXN_00007577,76.69,2023-09-20
CUST_0070,TXN_00007578,352.8,2023-01-09
CUST_0052,TXN_00007579,401.17,2023-04-11
CUST_0014,TXN_00007580,573.53,2023-10-17
CUST_0078,TXN_00007581,777.81,2023-04-21
CUST_0011,TXN_00007582,534.38,2023-12-13
CUST_0054,TXN_00007583,955.25,2023-07-29
CUST_0085,TXN_00007584,377.39,2023-11-01
CUST_0083,TXN_00007585,175.64,2023-08-23
CUST_0040,TXN_00007586,339.35,2023-04-30
CUST_0092,TXN_00007587,475.39,2023-02-01
CUST_0009,TXN_00007588,59.99,2023-01-22
CUST_0001,TXN_00007589,946.08,2023-08-08
CUST_0008,TXN_00007590,546.26,2023-06-25
CUST_0043,TXN_00007591,661.56,2023-06-07
CUST_0046,TXN_00007592,468.38,2023-05-23
CUST_0046,TXN_00007593,813.08,2023-07-08
CUST_0085,TXN_00007594,520.36,2023-01-19
CUST_0043,TXN_00007595,127.71,2023-03-03
CUST_0040,TXN_00007596,371.63,2023-02-17
CUST_0061,TXN_00007597,64.94,2023-11-16
CUST_0093,TXN_00007598,90.96,2023-04-06
CUST_0040,TXN_00007599,337.27,2023-10-11
CUST_0068,TXN_00007600,500.23,2023-05-01
CUST_0089,TXN_00007601,189.11,2023-12-24
CUST_0057,TXN_00007602,864.41,2023-06-07
CUST_0080,TXN_00007603,696.56,2023-06-11
CUST_0017,TXN_00007604,978.18,2023-05-21
CUST_0050,TXN_00007605,122.27,2023-10-21
CUST_0018,TXN_00007606,454.73,2023-07-08
CUST_0073,TXN_00007607,821.19,2023-03-01
CUST_0086,TXN_00007608,290.43,2023-09-12
CUST_0004,TXN_00007609,87.97,2023-07-01
CUST_0003,TXN_00007610,272.11,2023-07-14
CUST_0086,TXN_00007611,346.51,2023-07-28
CUST_0043,TXN_00007612,493.49,2023-08-05
CUST_0008,TXN_00007613,56.16,2023-07-10
CUST_0009,TXN_00007614,624.74,2023-02-20
CUST_0066,TXN_00007615,651.96,2023-03-27
CUST_0075,TXN_00007616,538.89,2023-07-25
CUST_0003,TXN_00007617,465.33,2023-08-23
CUST_0003,TXN_00007618,69.55,2023-06-07
CUST_0014,TXN_00007619,805.27,2023-06-03
CUST_0057,TXN_00007620,967.76,2023-12-26
CUST_0084,TXN_00007621,516.81,2023-07-03
CUST_0054,TXN_00007622,457.59,2023-09-16
CUST_0039,TXN_00007623,489.75,2023-04-04
CUST_0028,TXN_00007624,866.51,2023-09-24
CUST_0091,TXN_00007625,128.26,2023-04-05
CUST_0062,TXN_00007626,131.33,2023-07-19
CUST_0010,TXN_00007627,893.19,2023-08-31
CUST_0029,TXN_00007628,397.0,2023-02-08
CUST_0067,TXN_00007629,422.16,2023-07-22
CUST_0043,TXN_00007630,426.35,2023-11-25
CUST_0013,TXN_00007631,680.98,2023-10-30
CUST_0098,TXN_00007632,864.03,2023-01-18
CUST_0002,TXN_00007633,460.58,2023-06-05
CUST_0044,TXN_00007634,451.51,2023-10-16
CUST_0045,TXN_00007635,759.11,2023-12-20
CUST_0027,TXN_00007636,936.56,2023-07-25
CUST_0094,TXN_00007637,99.27,2023-10-19
CUST_0084,TXN_00007638,597.48,2023-04-09
CUST_0047,TXN_00007639,100.54,2023-01-18
CUST_0067,TXN_00007640,243.79,2023-06-04
CUST_0024,TXN_00007641,184.06,2023-08-20
CUST_0092,TXN_00007642,437.87,2023-01-16
CUST_0010,TXN_00007643,475.29,2023-04-08
CUST_0025,TXN_00007644,240.49,2023-03-23
CUST_0010,TXN_00007645,559.77,2023-02-07
CUST_0054,TXN_00007646,998.65,2023-03-06
CUST_0020,TXN_00007647,544.97,2023-08-14
CUST_0097,TXN_00007648,404.64,2023-10-18
CUST_0046,TXN_00007649,425.76,2023-09-07
CUST_0056,TXN_00007650,660.06,2023-06-27
CUST_0088,TXN_00007651,701.9,2023-02-08
CUST_0052,TXN_00007652,871.27,2023-06-17
CUST_0008,TXN_00007653,498.42,2023-06-07
CUST_0032,TXN_00007654,983.17,2023-02-10
CUST_0013,TXN_00007655,320.6,2023-04-27
CUST_0013,TXN_00007656,866.84,2023-08-05
CUST_0010,TXN_00007657,542.82,2023-09-11
CUST_0035,TXN_00007658,511.38,2023-06-23
CUST_0050,TXN_00007659,276.82,2023-02-05
CUST_0042,TXN_00007660,319.09,2023-12-31
CUST_0075,TXN_00007661,334.65,2023-10-17
CUST_0020,TXN_00007662,546.02,2023-11-17
CUST_0026,TXN_00007663,27.53,2023-06-25
CUST_0050,TXN_00007664,822.23,2023-08-07
CUST_0062,TXN_00007665,432.1,2023-12-22
CUST_0066,TXN_00007666,57.93,2023-08-25
CUST_0078,TXN_00007667,914.01,2023-10-15
CUST_0100,TXN_00007668,531.42,2023-02-16
CUST_0063,TXN_00007669,264.17,2023-04-05
CUST_0044,TXN_00007670,215.29,2023-12-23
CUST_0006,TXN_00007671,524.42,2023-03-26
CUST_0026,TXN_00007672,866.11,2023-03-22
CUST_0056,TXN_00007673,880.78,2023-07-03
CUST_0026,TXN_00007674,630.9,2023-07-23
CUST_0093,TXN_00007675,790.53,2023-03-16
CUST_0037,TXN_00007676,984.77,2023-12-20
CUST_0045,TXN_00007677,149.68,2023-07-14
CUST_0096,TXN_00007678,194.84,2023-02-02
CUST_0052,TXN_00007679,170.03,2023-04-23
CUST_0086,TXN_00007680,558.81,2023-04-23
CUST_0072,TXN_00007681,855.39,2023-06-24
CUST_0070,TXN_00007682,481.27,2023-10-28
CUST_0097,TXN_00007683,779.15,2023-08-11
CUST_0033,TXN_00007684,101.1,2023-12-01
CUST_0024,TXN_00007685,587.42,2023-05-19
CUST_0006,TXN_00007686,85.49,2023-07-14
CUST_0040,TXN_00007687,966.65,2023-09-18
CUST_0090,TXN_00007688,963.38,2023-12-31
CUST_0082,TXN_00007689,165.3,2023-01-14
CUST_0066,TXN_00007690,640.98,2023-08-03
CUST_0067,TXN_00007691,777.06,2023-06-04
CUST_0069,TXN_00007692,317.71,2023-07-01
CUST_0043,TXN_00007693,410.03,2023-12-11
CUST_0099,TXN_00007694,421.52,2023-01-29
CUST_0026,TXN_00007695,667.27,2023-07-18
CUST_0098,TXN_00007696,893.4,2023-11-05
CUST_0024,TXN_00007697,781.7,2023-10-09
CUST_0070,TXN_00007698,711.89,2023-08-20
CUST_0094,TXN_00007699,259.5,2023-08-05
CUST_0030,TXN_00007700,412.07,2023-07-31
CUST_0070,TXN_00007701,756.12,2023-10-26
CUST_0054,TXN_00007702,359.69,2023-05-02
CUST_0032,TXN_00007703,482.51,2023-06-05
CUST_0053,TXN_00007704,960.47,2023-01-14
CUST_0053,TXN_00007705,424.08,2023-06-27
CUST_0061,TXN_00007706,593.0,2023-08-01
CUST_0018,TXN_00007707,557.13,2023-10-26
CUST_0075,TXN_00007708,141.53,2023-01-21
CUST_0028,TXN_00007709,705.23,2023-09-03
CUST_0087,TXN_00007710,552.8,2023-05-19
CUST_0001,TXN_00007711,287.01,2023-10-14
CUST_0022,TXN_00007712,86.59,2023-09-07
CUST_0095,TXN_00007713,946.94,2023-09-02
CUST_0006,TXN_00007714,583.0,2023-05-10
CUST_0048,TXN_00007715,517.38,2023-09-19
CUST_0078,TXN_00007716,683.43,2023-05-25
CUST_0009,TXN_00007717,886.93,2023-03-27
CUST_0003,TXN_00007718,449.56,2023-07-05
CUST_0098,TXN_00007719,715.73,2023-07-27
CUST_0047,TXN_00007720,189.81,2023-06-21
CUST_0093,TXN_00007721,731.71,2023-10-07
CUST_0018,TXN_00007722,481.52,2023-10-18
CUST_0065,TXN_00007723,659.07,2023-09-15
CUST_0090,TXN_00007724,752.56,2023-03-06
CUST_0048,TXN_00007725,251.26,2023-04-29
CUST_0035,TXN_00007726,297.54,2023-03-03
CUST_0037,TXN_00007727,428.83,2023-10-08
CUST_0070,TXN_00007728,136.52,2023-01-24
CUST_0043,TXN_00007729,980.25,2023-05-17
CUST_0078,TXN_00007730,221.23,2023-10-21
CUST_0067,TXN_00007731,321.55,2023-02-16
CUST_0035,TXN_00007732,984.89,2023-08-19
CUST_0065,TXN_00007733,291.94,2023-08-16
CUST_0016,TXN_00007734,28.31,2023-11-26
CUST_0072,TXN_00007735,361.58,2023-07-15
CUST_0009,TXN_00007736,676.42,2023-02-21
CUST_0083,TXN_00007737,47.22,2023-07-23
CUST_0033,TXN_00007738,272.51,2023-02-28
CUST_0051,TXN_00007739,781.58,2023-06-23
CUST_0088,TXN_00007740,999.33,2023-12-28
CUST_0041,TXN_00007741,530.05,2023-05-09
CUST_0040,TXN_00007742,178.44,2023-08-29
CUST_0036,TXN_00007743,658.03,2023-06-17
CUST_0051,TXN_00007744,241.0,2023-08-16
CUST_0094,TXN_00007745,696.79,2023-12-09
CUST_0007,TXN_00007746,590.56,2023-05-23
CUST_0029,TXN_00007747,796.62,2023-05-25
CUST_0045,TXN_00007748,273.24,2023-10-27
CUST_0003,TXN_00007749,927.55,2023-03-23
CUST_0021,TXN_00007750,350.64,2023-03-23
CUST_0085,TXN_00007751,326.96,2023-03-02
CUST_0043,TXN_00007752,984.59,2023-01-09
CUST_0030,TXN_00007753,751.63,2023-01-21
CUST_0045,TXN_00007754,536.62,2023-09-19
CUST_0011,TXN_00007755,338.78,2023-03-19
CUST_0087,TXN_00007756,235.16,2023-06-13
CUST_0037,TXN_00007757,461.29,2023-07-03
CUST_0084,TXN_00007758,685.78,2023-03-10
CUST_0095,TXN_00007759,27.38,2023-02-19
CUST_0021,TXN_00007760,93.71,2023-05-04
CUST_0056,TXN_00007761,289.36,2023-12-18
CUST_0062,TXN_00007762,998.73,2023-02-20
CUST_0073,TXN_00007763,646.99,2023-02-28
CUST_0033,TXN_00007764,552.47,2023-03-26
CUST_0058,TXN_00007765,261.25,2023-07-10
CUST_0056,TXN_00007766,200.11,2023-11-22
CUST_0023,TXN_00007767,393.55,2023-10-14
CUST_0044,TXN_00007768,949.52,2023-05-28
CUST_0068,TXN_00007769,758.16,2023-06-30
CUST_0021,TXN_00007770,348.43,2023-04-20
CUST_0036,TXN_00007771,424.73,2023-08-10
CUST_0045,TXN_00007772,794.57,2023-10-16
CUST_0049,TXN_00007773,994.96,2023-02-23
CUST_0055,TXN_00007774,535.53,2023-05-09
CUST_0079,TXN_00007775,157.17,2023-04-08
CUST_0060,TXN_00007776,11.24,2023-08-17
CUST_0011,TXN_00007777,356.84,2023-04-05
CUST_0056,TXN_00007778,967.91,2023-07-16
CUST_0076,TXN_00007779,731.68,2023-06-30
CUST_0073,TXN_00007780,893.48,2023-11-13
CUST_0053,TXN_00007781,554.21,2023-04-20
CUST_0052,TXN_00007782,601.65,2023-07-22
CUST_0011,TXN_00007783,699.19,2023-05-04
CUST_0057,TXN_00007784,905.26,2023-04-25
CUST_0070,TXN_00007785,36.61,2023-06-28
CUST_0092,TXN_00007786,279.25,2023-11-22
CUST_0014,TXN_00007787,127.0,2023-03-06
CUST_0064,TXN_00007788,706.32,2023-07-21
CUST_0054,TXN_00007789,217.18,2023-08-03
CUST_0029,TXN_00007790,294.91,2023-11-19
CUST_0087,TXN_00007791,671.64,2023-12-25
CUST_0016,TXN_00007792,80.49,2023-07-29
CUST_0067,TXN_00007793,521.05,2023-12-09
CUST_0086,TXN_00007794,324.18,2023-01-26
CUST_0036,TXN_00007795,654.67,2023-09-07
CUST_0076,TXN_00007796,540.0,2023-11-12
CUST_0021,TXN_00007797,926.1,2023-05-25
CUST_0001,TXN_00007798,814.91,2023-10-05
CUST_0029,TXN_00007799,22.82,2023-04-23
CUST_0082,TXN_00007800,546.11,2023-08-20
CUST_0092,TXN_00007801,134.76,2023-04-10
CUST_0018,TXN_00007802,749.22,2023-07-23
CUST_0018,TXN_00007803,843.77,2023-11-17
CUST_0083,TXN_00007804,521.21,2023-05-11
CUST_0009,TXN_00007805,888.16,2023-06-13
CUST_0026,TXN_00007806,222.24,2023-12-24
CUST_0067,TXN_00007807,567.84,2023-04-04
CUST_0052,TXN_00007808,647.03,2023-06-27
CUST_0028,TXN_00007809,780.63,2023-09-17
CUST_0087,TXN_00007810,582.39,2023-03-25
CUST_0049,TXN_00007811,924.25,2023-06-23
CUST_0024,TXN_00007812,255.79,2023-07-13
CUST_0048,TXN_00007813,59.8,2023-09-19
CUST_0091,TXN_00007814,904.9,2023-05-29
CUST_0070,TXN_00007815,880.7,2023-01-18
CUST_0026,TXN_00007816,333.34,2023-02-10
CUST_0084,TXN_00007817,939.28,2023-10-21
CUST_0030,TXN_00007818,126.74,2023-06-24
CUST_0090,TXN_00007819,952.28,2023-01-10
CUST_0014,TXN_00007820,75.19,2023-12-27
CUST_0020,TXN_00007821,671.54,2023-05-14
CUST_0051,TXN_00007822,636.63,2023-12-03
CUST_0093,TXN_00007823,125.97,2023-10-06
CUST_0020,TXN_00007824,689.31,2023-05-31
CUST_0030,TXN_00007825,285.69,2023-08-09
CUST_0064,TXN_00007826,640.6,2023-03-05
CUST_0094,TXN_00007827,259.08,2023-11-27
CUST_0047,TXN_00007828,260.41,2023-09-04
CUST_0003,TXN_00007829,228.76,2023-09-06
CUST_0044,TXN_00007830,66.47,2023-06-14
CUST_0067,TXN_00007831,316.69,2023-03-17
CUST_0026,TXN_00007832,132.6,2023-02-28
CUST_0017,TXN_00007833,648.41,2023-08-28
CUST_0047,TXN_00007834,849.78,2023-05-04
CUST_0088,TXN_00007835,848.85,2023-10-01
CUST_0064,TXN_00007836,177.37,2023-07-31
CUST_0029,TXN_00007837,309.23,2023-06-16
CUST_0023,TXN_00007838,863.11,2023-01-24
CUST_0024,TXN_00007839,65.87,2023-04-16
CUST_0019,TXN_00007840,917.5,2023-08-07
CUST_0004,TXN_00007841,115.87,2023-05-21
CUST_0013,TXN_00007842,614.12,2023-05-28
CUST_0054,TXN_00007843,146.42,2023-05-06
CUST_0019,TXN_00007844,749.41,2023-09-23
CUST_0084,TXN_00007845,283.6,2023-02-23
CUST_0011,TXN_00007846,328.3,2023-10-17
CUST_0061,TXN_00007847,674.66,2023-03-25
CUST_0025,TXN_00007848,712.63,2023-08-16
CUST_0026,TXN_00007849,967.87,2023-08-04
CUST_0023,TXN_00007850,837.86,2023-05-10
CUST_0056,TXN_00007851,792.91,2023-06-04
CUST_0071,TXN_00007852,850.05,2023-01-16
CUST_0014,TXN_00007853,348.47,2023-09-20
CUST_0015,TXN_00007854,78.08,2023-11-25
CUST_0004,TXN_00007855,524.27,2023-07-29
CUST_0001,TXN_00007856,10.95,2023-05-31
CUST_0060,TXN_00007857,332.44,2023-08-16
CUST_0073,TXN_00007858,893.26,2023-03-30
CUST_0082,TXN_00007859,204.27,2023-05-01
CUST_0066,TXN_00007860,817.77,2023-06-02
CUST_0001,TXN_00007861,58.59,2023-09-17
CUST_0070,TXN_00007862,861.45,2023-09-07
CUST_0079,TXN_00007863,561.35,2023-10-25
CUST_0019,TXN_00007864,267.75,2023-05-11
CUST_0068,TXN_00007865,197.89,2023-11-15
CUST_0023,TXN_00007866,243.37,2023-03-12
CUST_0005,TXN_00007867,714.36,2023-10-18
CUST_0006,TXN_00007868,610.9,2023-09-12
CUST_0075,TXN_00007869,354.25,2023-12-18
CUST_0057,TXN_00007870,768.3,2023-03-19
CUST_0006,TXN_00007871,500.46,2023-01-07
CUST_0059,TXN_00007872,253.33,2023-11-24
CUST_0066,TXN_00007873,576.82,2023-01-05
CUST_0056,TXN_00007874,661.2,2023-09-13
CUST_0095,TXN_00007875,12.79,2023-03-10
CUST_0083,TXN_00007876,31.38,2023-10-19
CUST_0039,TXN_00007877,500.71,2023-01-12
CUST_0010,TXN_00007878,221.23,2023-10-31
CUST_0077,TXN_00007879,891.4,2023-12-26
CUST_0038,TXN_00007880,482.95,2023-11-12
CUST_0050,TXN_00007881,736.79,2023-02-12
CUST_0007,TXN_00007882,575.3,2023-01-17
CUST_0049,TXN_00007883,652.97,2023-11-02
CUST_0008,TXN_00007884,536.03,2023-03-17
CUST_0022,TXN_00007885,315.77,2023-11-27
CUST_0051,TXN_00007886,815.14,2023-09-18
CUST_0043,TXN_00007887,594.59,2023-01-15
CUST_0088,TXN_00007888,543.0,2023-04-08
CUST_0082,TXN_00007889,173.11,2023-10-13
CUST_0001,TXN_00007890,622.32,2023-05-10
CUST_0078,TXN_00007891,777.37,2023-01-13
CUST_0069,TXN_00007892,387.15,2023-09-01
CUST_0070,TXN_00007893,518.72,2023-01-03
CUST_0038,TXN_00007894,666.48,2023-06-05
CUST_0097,TXN_00007895,597.17,2023-08-21
CUST_0093,TXN_00007896,203.39,2023-11-24
CUST_0089,TXN_00007897,504.68,2023-10-06
CUST_0027,TXN_00007898,297.52,2023-10-16
CUST_0058,TXN_00007899,116.14,2023-07-17
CUST_0003,TXN_00007900,294.97,2023-12-16
CUST_0023,TXN_00007901,83.78,2023-10-01
CUST_0004,TXN_00007902,135.08,2023-12-21
CUST_0043,TXN_00007903,702.25,2023-09-07
CUST_0004,TXN_00007904,427.52,2023-11-18
CUST_0085,TXN_00007905,134.26,2023-07-03
CUST_0013,TXN_00007906,194.7,2023-10-17
CUST_0068,TXN_00007907,289.75,2023-08-30
CUST_0046,TXN_00007908,129.67,2023-09-04
CUST_0080,TXN_00007909,146.17,2023-10-13
CUST_0053,TXN_00007910,557.48,2023-04-09
CUST_0013,TXN_00007911,578.62,2023-07-30
CUST_0011,TXN_00007912,881.0,2023-07-24
CUST_0006,TXN_00007913,914.39,2023-05-03
CUST_0040,TXN_00007914,102.85,2023-01-24
CUST_0032,TXN_00007915,847.47,2023-10-01
CUST_0084,TXN_00007916,101.14,2023-04-21
CUST_0094,TXN_00007917,300.33,2023-04-01
CUST_0001,TXN_00007918,703.35,2023-07-16
CUST_0065,TXN_00007919,463.24,2023-12-29
CUST_0062,TXN_00007920,482.71,2023-02-06
CUST_0059,TXN_00007921,358.97,2023-11-01
CUST_0094,TXN_00007922,898.44,2023-03-30
CUST_0007,TXN_00007923,630.72,2023-07-08
CUST_0045,TXN_00007924,942.79,2023-01-12
CUST_0049,TXN_00007925,757.04,2023-09-03
CUST_0042,TXN_00007926,470.41,2023-12-26
CUST_0028,TXN_00007927,26.12,2023-09-17
CUST_0031,TXN_00007928,255.25,2023-10-06
CUST_0042,TXN_00007929,179.28,2023-08-31
CUST_0099,TXN_00007930,925.55,2023-02-03
CUST_0018,TXN_00007931,723.61,2023-12-02
CUST_0088,TXN_00007932,65.08,2023-09-28
CUST_0077,TXN_00007933,109.37,2023-06-05
CUST_0088,TXN_00007934,349.58,2023-11-22
CUST_0048,TXN_00007935,204.64,2023-04-10
CUST_0002,TXN_00007936,263.62,2023-01-08
CUST_0003,TXN_00007937,744.4,2023-05-26
CUST_0085,TXN_00007938,526.01,2023-05-13
CUST_0090,TXN_00007939,867.27,2023-02-04
CUST_0051,TXN_00007940,411.34,2023-02-06
CUST_0081,TXN_00007941,232.95,2023-11-19
CUST_0084,TXN_00007942,508.56,2023-07-28
CUST_0088,TXN_00007943,409.17,2023-09-30
CUST_0052,TXN_00007944,49.94,2023-09-27
CUST_0056,TXN_00007945,212.51,2023-11-21
CUST_0004,TXN_00007946,754.98,2023-11-12
CUST_0086,TXN_00007947,687.92,2023-04-17
CUST_0089,TXN_00007948,123.26,2023-10-11
CUST_0044,TXN_00007949,415.46,2023-12-17
CUST_0003,TXN_00007950,506.3,2023-04-13
CUST_0032,TXN_00007951,286.49,2023-03-04
CUST_0034,TXN_00007952,910.23,2023-11-19
CUST_0067,TXN_00007953,587.2,2023-02-28
CUST_0077,TXN_00007954,398.44,2023-02-13
CUST_0022,TXN_00007955,632.85,2023-01-09
CUST_0024,TXN_00007956,862.26,2023-07-29
CUST_0005,TXN_00007957,170.5,2023-06-26
CUST_0096,TXN_00007958,59.83,2023-12-31
CUST_0039,TXN_00007959,203.12,2023-02-06
CUST_0076,TXN_00007960,89.55,2023-06-09
CUST_0057,TXN_00007961,477.4,2023-12-23
CUST_0011,TXN_00007962,352.23,2023-04-20
CUST_0085,TXN_00007963,175.46,2023-10-28
CUST_0072,TXN_00007964,255.67,2023-08-28
CUST_0041,TXN_00007965,643.78,2023-09-05
CUST_0042,TXN_00007966,794.57,2023-11-14
CUST_0091,TXN_00007967,815.92,2023-03-11
CUST_0029,TXN_00007968,341.18,2023-08-01
CUST_0046,TXN_00007969,469.6,2023-05-10
CUST_0037,TXN_00007970,945.37,2023-01-24
CUST_0043,TXN_00007971,862.41,2023-03-13
CUST_0028,TXN_00007972,567.59,2023-12-08
CUST_0019,TXN_00007973,931.91,2023-06-20
CUST_0049,TXN_00007974,513.06,2023-11-01
CUST_0053,TXN_00007975,115.99,2023-05-11
CUST_0066,TXN_00007976,100.21,2023-05-01
CUST_0059,TXN_00007977,790.43,2023-09-18
CUST_0090,TXN_00007978,237.12,2023-07-10
CUST_0093,TXN_00007979,923.76,2023-01-20
CUST_0066,TXN_00007980,659.53,2023-06-29
CUST_0006,TXN_00007981,538.33,2023-06-26
CUST_0029,TXN_00007982,195.24,2023-10-01
CUST_0057,TXN_00007983,84.43,2023-03-31
CUST_0022,TXN_00007984,387.41,2023-04-03
CUST_0066,TXN_00007985,519.63,2023-05-26
CUST_0021,TXN_00007986,361.94,2023-03-14
CUST_0087,TXN_00007987,905.43,2023-07-28
CUST_0062,TXN_00007988,884.6,2023-05-15
CUST_0096,TXN_00007989,105.32,2023-12-02
CUST_0051,TXN_00007990,171.72,2023-01-05
CUST_0098,TXN_00007991,703.89,2023-02-03
CUST_0036,TXN_00007992,262.79,2023-02-13
CUST_0071,TXN_00007993,741.37,2023-04-13
CUST_0075,TXN_00007994,579.05,2023-06-16
CUST_0009,TXN_00007995,765.0,2023-05-10
CUST_0016,TXN_00007996,528.64,2023-09-15
CUST_0017,TXN_00007997,811.93,2023-02-22
CUST_0075,TXN_00007998,218.76,2023-01-25
CUST_0024,TXN_00007999,446.67,2023-01-29
CUST_0057,TXN_00008000,483.77,2023-12-10
CUST_0055,TXN_00008001,237.02,2023-05-01
CUST_0019,TXN_00008002,965.12,2023-03-22
CUST_0039,TXN_00008003,591.44,2023-03-25
CUST_0089,TXN_00008004,155.25,2023-06-18
CUST_0076,TXN_00008005,669.11,2023-12-10
CUST_0059,TXN_00008006,620.56,2023-11-14
CUST_0080,TXN_00008007,780.94,2023-12-27
CUST_0097,TXN_00008008,271.75,2023-04-06
CUST_0038,TXN_00008009,306.88,2023-07-26
CUST_0011,TXN_00008010,892.67,2023-05-20
CUST_0068,TXN_00008011,694.92,2023-12-29
CUST_0095,TXN_00008012,27.39,2023-08-05
CUST_0018,TXN_00008013,439.99,2023-10-27
CUST_0024,TXN_00008014,683.21,2023-07-14
CUST_0007,TXN_00008015,465.59,2023-08-28
CUST_0038,TXN_00008016,913.48,2023-10-16
CUST_0023,TXN_00008017,427.21,2023-11-15
CUST_0037,TXN_00008018,394.46,2023-08-03
CUST_0087,TXN_00008019,396.56,2023-07-15
CUST_0048,TXN_00008020,666.2,2023-04-30
CUST_0073,TXN_00008021,784.91,2023-08-21
CUST_0079,TXN_00008022,907.77,2023-11-13
CUST_0004,TXN_00008023,117.24,2023-09-22
CUST_0061,TXN_00008024,149.73,2023-05-29
CUST_0057,TXN_00008025,826.86,2023-10-21
CUST_0022,TXN_00008026,15.4,2023-09-14
CUST_0014,TXN_00008027,218.19,2023-07-26
CUST_0064,TXN_00008028,780.55,2023-08-20
CUST_0037,TXN_00008029,450.0,2023-10-19
CUST_0038,TXN_00008030,928.7,2023-07-21
CUST_0093,TXN_00008031,973.94,2023-12-12
CUST_0010,TXN_00008032,736.72,2023-12-01
CUST_0098,TXN_00008033,638.44,2023-05-23
CUST_0034,TXN_00008034,600.24,2023-02-14
CUST_0063,TXN_00008035,70.99,2023-10-23
CUST_0021,TXN_00008036,616.69,2023-08-11
CUST_0009,TXN_00008037,534.0,2023-07-13
CUST_0080,TXN_00008038,879.19,2023-09-16
CUST_0004,TXN_00008039,662.24,2023-10-24
CUST_0092,TXN_00008040,446.36,2023-10-06
CUST_0094,TXN_00008041,822.72,2023-06-12
CUST_0066,TXN_00008042,756.63,2023-10-20
CUST_0029,TXN_00008043,129.77,2023-10-03
CUST_0039,TXN_00008044,509.38,2023-05-05
CUST_0068,TXN_00008045,941.88,2023-02-23
CUST_0068,TXN_00008046,333.91,2023-08-31
CUST_0003,TXN_00008047,778.85,2023-08-27
CUST_0039,TXN_00008048,563.31,2023-10-11
CUST_0063,TXN_00008049,199.2,2023-09-16
CUST_0093,TXN_00008050,62.47,2023-07-20
CUST_0077,TXN_00008051,405.67,2023-06-03
CUST_0022,TXN_00008052,370.74,2023-11-05
CUST_0078,TXN_00008053,369.78,2023-05-03
CUST_0057,TXN_00008054,70.62,2023-10-23
CUST_0008,TXN_00008055,79.98,2023-07-01
CUST_0066,TXN_00008056,178.05,2023-05-06
CUST_0097,TXN_00008057,73.08,2023-07-29
CUST_0070,TXN_00008058,593.42,2023-01-17
CUST_0096,TXN_00008059,637.76,2023-01-28
CUST_0047,TXN_00008060,886.48,2023-05-18
CUST_0039,TXN_00008061,560.44,2023-07-08
CUST_0051,TXN_00008062,393.35,2023-08-13
CUST_0035,TXN_00008063,677.11,2023-05-12
CUST_0060,TXN_00008064,568.48,2023-08-27
CUST_0073,TXN_00008065,362.9,2023-02-16
CUST_0018,TXN_00008066,626.86,2023-11-05
CUST_0051,TXN_00008067,803.22,2023-06-17
CUST_0098,TXN_00008068,987.16,2023-06-04
CUST_0068,TXN_00008069,574.31,2023-09-03
CUST_0017,TXN_00008070,174.29,2023-10-11
CUST_0075,TXN_00008071,500.99,2023-06-22
CUST_0028,TXN_00008072,162.67,2023-10-11
CUST_0051,TXN_00008073,184.57,2023-05-19
CUST_0053,TXN_00008074,38.44,2023-10-26
CUST_0042,TXN_00008075,430.95,2023-03-18
CUST_0080,TXN_00008076,620.54,2023-03-03
CUST_0043,TXN_00008077,263.84,2023-08-15
CUST_0003,TXN_00008078,84.31,2023-07-29
CUST_0074,TXN_00008079,816.14,2023-01-28
CUST_0007,TXN_00008080,183.61,2023-05-10
CUST_0084,TXN_00008081,258.95,2023-05-20
CUST_0083,TXN_00008082,724.14,2023-03-09
CUST_0091,TXN_00008083,492.24,2023-11-07
CUST_0084,TXN_00008084,656.82,2023-08-02
CUST_0086,TXN_00008085,955.31,2023-05-04
CUST_0028,TXN_00008086,449.59,2023-12-21
CUST_0075,TXN_00008087,814.64,2023-06-11
CUST_0026,TXN_00008088,41.27,2023-04-27
CUST_0092,TXN_00008089,206.41,2023-08-26
CUST_0067,TXN_00008090,597.06,2023-05-09
CUST_0079,TXN_00008091,752.61,2023-01-14
CUST_0100,TXN_00008092,707.06,2023-11-23
CUST_0078,TXN_00008093,767.28,2023-11-18
CUST_0055,TXN_00008094,33.08,2023-11-15
CUST_0072,TXN_00008095,965.58,2023-03-08
CUST_0085,TXN_00008096,459.54,2023-11-30
CUST_0001,TXN_00008097,915.62,2023-10-10
CUST_0058,TXN_00008098,410.1,2023-11-21
CUST_0004,TXN_00008099,624.15,2023-05-31
CUST_0038,TXN_00008100,719.52,2023-10-26
CUST_0008,TXN_00008101,137.64,2023-06-24
CUST_0027,TXN_00008102,770.55,2023-04-29
CUST_0066,TXN_00008103,254.45,2023-02-08
CUST_0055,TXN_00008104,760.51,2023-03-13
CUST_0034,TXN_00008105,626.01,2023-08-20
CUST_0069,TXN_00008106,168.76,2023-02-27
CUST_0002,TXN_00008107,731.75,2023-05-19
CUST_0058,TXN_00008108,285.45,2023-06-05
CUST_0059,TXN_00008109,187.76,2023-01-23
CUST_0030,TXN_00008110,138.99,2023-11-07
CUST_0074,TXN_00008111,678.01,2023-09-28
CUST_0096,TXN_00008112,31.89,2023-07-19
CUST_0073,TXN_00008113,150.02,2023-01-06
CUST_0042,TXN_00008114,998.38,2023-02-13
CUST_0070,TXN_00008115,262.71,2023-06-02
CUST_0093,TXN_00008116,622.28,2023-10-10
CUST_0098,TXN_00008117,285.09,2023-04-09
CUST_0082,TXN_00008118,889.42,2023-11-23
CUST_0056,TXN_00008119,28.69,2023-06-04
CUST_0083,TXN_00008120,190.92,2023-05-23
CUST_0023,TXN_00008121,736.82,2023-07-16
CUST_0068,TXN_00008122,154.06,2023-06-19
CUST_0092,TXN_00008123,148.47,2023-11-03
CUST_0023,TXN_00008124,165.3,2023-09-08
CUST_0074,TXN_00008125,643.32,2023-05-06
CUST_0053,TXN_00008126,629.47,2023-04-25
CUST_0020,TXN_00008127,477.08,2023-07-09
CUST_0005,TXN_00008128,651.47,2023-05-07
CUST_0051,TXN_00008129,354.81,2023-05-05
CUST_0083,TXN_00008130,745.56,2023-02-18
CUST_0075,TXN_00008131,517.79,2023-12-07
CUST_0043,TXN_00008132,826.2,2023-04-09
CUST_0047,TXN_00008133,160.31,2023-09-07
CUST_0015,TXN_00008134,459.99,2023-09-24
CUST_0016,TXN_00008135,546.51,2023-08-25
CUST_0099,TXN_00008136,855.18,2023-04-08
CUST_0090,TXN_00008137,231.16,2023-07-20
CUST_0062,TXN_00008138,89.62,2023-02-07
CUST_0068,TXN_00008139,709.75,2023-10-30
CUST_0054,TXN_00008140,914.94,2023-08-25
CUST_0077,TXN_00008141,789.91,2023-02-07
CUST_0058,TXN_00008142,413.55,2023-02-03
CUST_0068,TXN_00008143,627.31,2023-08-30
CUST_0011,TXN_00008144,96.82,2023-04-14
CUST_0048,TXN_00008145,342.95,2023-03-29
CUST_0057,TXN_00008146,887.08,2023-03-13
CUST_0038,TXN_00008147,607.89,2023-12-25
CUST_0046,TXN_00008148,205.56,2023-02-04
CUST_0003,TXN_00008149,239.99,2023-05-28
CUST_0081,TXN_00008150,867.25,2023-03-12
CUST_0047,TXN_00008151,808.22,2023-05-23
CUST_0054,TXN_00008152,992.82,2023-12-31
CUST_0074,TXN_00008153,913.41,2023-04-02
CUST_0062,TXN_00008154,559.97,2023-08-25
CUST_0014,TXN_00008155,809.05,2023-01-21
CUST_0095,TXN_00008156,761.33,2023-10-24
CUST_0025,TXN_00008157,627.22,2023-02-21
CUST_0012,TXN_00008158,998.07,2023-12-21
CUST_0086,TXN_00008159,905.18,2023-02-03
CUST_0076,TXN_00008160,746.53,2023-01-12
CUST_0046,TXN_00008161,197.46,2023-02-27
CUST_0047,TXN_00008162,69.65,2023-07-23
CUST_0066,TXN_00008163,828.5,2023-06-28
CUST_0003,TXN_00008164,330.97,2023-01-18
CUST_0040,TXN_00008165,299.75,2023-05-28
CUST_0093,TXN_00008166,697.08,2023-07-02
CUST_0040,TXN_00008167,586.08,2023-06-28
CUST_0071,TXN_00008168,712.6,2023-04-24
CUST_0038,TXN_00008169,350.51,2023-03-16
CUST_0042,TXN_00008170,892.72,2023-08-02
CUST_0023,TXN_00008171,393.7,2023-04-18
CUST_0023,TXN_00008172,761.7,2023-06-10
CUST_0017,TXN_00008173,38.18,2023-08-08
CUST_0041,TXN_00008174,706.53,2023-10-14
CUST_0006,TXN_00008175,906.02,2023-10-24
CUST_0074,TXN_00008176,568.97,2023-03-28
CUST_0056,TXN_00008177,959.12,2023-07-20
CUST_0034,TXN_00008178,303.44,2023-01-04
CUST_0016,TXN_00008179,202.8,2023-08-15
CUST_0068,TXN_00008180,361.79,2023-08-30
CUST_0047,TXN_00008181,157.45,2023-08-02
CUST_0005,TXN_00008182,559.94,2023-07-06
CUST_0080,TXN_00008183,524.24,2023-01-18
CUST_0067,TXN_00008184,556.81,2023-03-21
CUST_0001,TXN_00008185,845.1,2023-08-24
CUST_0014,TXN_00008186,682.16,2023-08-12
CUST_0022,TXN_00008187,126.17,2023-04-16
CUST_0055,TXN_00008188,107.6,2023-06-22
CUST_0077,TXN_00008189,475.02,2023-12-04
CUST_0063,TXN_00008190,50.73,2023-12-18
CUST_0023,TXN_00008191,476.49,2023-04-04
CUST_0055,TXN_00008192,787.43,2023-08-07
CUST_0063,TXN_00008193,129.99,2023-09-30
CUST_0095,TXN_00008194,491.51,2023-11-03
CUST_0078,TXN_00008195,255.81,2023-03-23
CUST_0076,TXN_00008196,347.44,2023-06-04
CUST_0086,TXN_00008197,571.19,2023-12-17
CUST_0058,TXN_00008198,321.21,2023-07-20
CUST_0066,TXN_00008199,86.26,2023-11-24
CUST_0050,TXN_00008200,942.99,2023-07-22
CUST_0027,TXN_00008201,485.86,2023-08-05
CUST_0040,TXN_00008202,526.57,2023-08-24
CUST_0075,TXN_00008203,306.39,2023-02-15
CUST_0045,TXN_00008204,606.93,2023-07-01
CUST_0030,TXN_00008205,873.13,2023-11-30
CUST_0058,TXN_00008206,162.68,2023-01-23
CUST_0077,TXN_00008207,708.6,2023-12-28
CUST_0010,TXN_00008208,128.59,2023-06-23
CUST_0010,TXN_00008209,720.57,2023-01-08
CUST_0020,TXN_00008210,462.22,2023-01-21
CUST_0049,TXN_00008211,194.95,2023-11-08
CUST_0012,TXN_00008212,51.48,2023-12-18
CUST_0057,TXN_00008213,472.74,2023-12-23
CUST_0081,TXN_00008214,812.08,2023-08-17
CUST_0062,TXN_00008215,769.22,2023-09-22
CUST_0050,TXN_00008216,235.68,2023-06-22
CUST_0045,TXN_00008217,656.01,2023-06-23
CUST_0073,TXN_00008218,710.73,2023-03-15
CUST_0071,TXN_00008219,360.31,2023-08-01
CUST_0060,TXN_00008220,93.01,2023-07-06
CUST_0038,TXN_00008221,788.85,2023-10-17
CUST_0001,TXN_00008222,916.09,2023-04-03
CUST_0100,TXN_00008223,271.25,2023-05-10
CUST_0088,TXN_00008224,237.06,2023-02-02
CUST_0025,TXN_00008225,935.05,2023-05-05
CUST_0023,TXN_00008226,661.53,2023-06-05
CUST_0096,TXN_00008227,862.99,2023-02-03
CUST_0028,TXN_00008228,794.03,2023-04-26
CUST_0054,TXN_00008229,870.78,2023-12-18
CUST_0059,TXN_00008230,49.48,2023-05-05
CUST_0027,TXN_00008231,914.99,2023-02-20
CUST_0096,TXN_00008232,903.17,2023-07-15
CUST_0085,TXN_00008233,348.03,2023-08-05
CUST_0049,TXN_00008234,690.86,2023-11-27
CUST_0032,TXN_00008235,820.61,2023-04-15
CUST_0023,TXN_00008236,779.13,2023-04-01
CUST_0084,TXN_00008237,663.49,2023-02-26
CUST_0023,TXN_00008238,782.03,2023-01-30
CUST_0084,TXN_00008239,169.22,2023-05-27
CUST_0082,TXN_00008240,17.11,2023-01-05
CUST_0093,TXN_00008241,650.9,2023-09-08
CUST_0032,TXN_00008242,351.48,2023-10-12
CUST_0100,TXN_00008243,890.81,2023-12-09
CUST_0042,TXN_00008244,862.09,2023-03-30
CUST_0040,TXN_00008245,646.45,2023-03-16
CUST_0053,TXN_00008246,722.05,2023-11-25
CUST_0096,TXN_00008247,308.17,2023-07-11
CUST_0066,TXN_00008248,129.74,2023-01-31
CUST_0006,TXN_00008249,377.19,2023-10-02
CUST_0063,TXN_00008250,521.22,2023-12-03
CUST_0062,TXN_00008251,891.73,2023-09-22
CUST_0017,TXN_00008252,968.79,2023-06-23
CUST_0050,TXN_00008253,484.65,2023-09-17
CUST_0034,TXN_00008254,871.85,2023-04-22
CUST_0032,TXN_00008255,783.66,2023-02-08
CUST_0072,TXN_00008256,632.31,2023-11-10
CUST_0008,TXN_00008257,540.76,2023-10-06
CUST_0065,TXN_00008258,142.99,2023-02-05
CUST_0061,TXN_00008259,868.92,2023-05-13
CUST_0017,TXN_00008260,818.38,2023-05-23
CUST_0066,TXN_00008261,561.1,2023-02-07
CUST_0016,TXN_00008262,680.15,2023-06-09
CUST_0030,TXN_00008263,824.75,2023-06-22
CUST_0012,TXN_00008264,368.32,2023-10-13
CUST_0087,TXN_00008265,633.12,2023-12-05
CUST_0048,TXN_00008266,915.21,2023-12-27
CUST_0056,TXN_00008267,644.47,2023-11-11
CUST_0048,TXN_00008268,557.35,2023-09-19
CUST_0069,TXN_00008269,186.73,2023-08-23
CUST_0045,TXN_00008270,897.7,2023-08-11
CUST_0012,TXN_00008271,189.73,2023-12-06
CUST_0053,TXN_00008272,361.05,2023-03-07
CUST_0021,TXN_00008273,111.0,2023-08-16
CUST_0043,TXN_00008274,218.09,2023-10-03
CUST_0064,TXN_00008275,148.12,2023-07-17
CUST_0030,TXN_00008276,929.45,2023-02-02
CUST_0047,TXN_00008277,381.11,2023-01-11
CUST_0071,TXN_00008278,129.26,2023-08-04
CUST_0096,TXN_00008279,219.33,2023-08-11
CUST_0092,TXN_00008280,661.58,2023-11-12
CUST_0012,TXN_00008281,616.72,2023-06-10
CUST_0027,TXN_00008282,957.34,2023-08-08
CUST_0053,TXN_00008283,380.87,2023-11-12
CUST_0086,TXN_00008284,741.73,2023-09-02
CUST_0071,TXN_00008285,582.34,2023-08-07
CUST_0041,TXN_00008286,423.69,2023-01-28
CUST_0098,TXN_00008287,853.66,2023-01-03
CUST_0033,TXN_00008288,494.47,2023-05-20
CUST_0014,TXN_00008289,631.14,2023-07-30
CUST_0022,TXN_00008290,617.49,2023-04-05
CUST_0060,TXN_00008291,860.64,2023-05-24
CUST_0024,TXN_00008292,461.85,2023-05-21
CUST_0003,TXN_00008293,839.75,2023-01-28
CUST_0079,TXN_00008294,40.54,2023-01-23
CUST_0002,TXN_00008295,536.91,2023-06-25
CUST_0031,TXN_00008296,647.17,2023-04-16
CUST_0017,TXN_00008297,129.64,2023-07-03
CUST_0001,TXN_00008298,276.7,2023-06-17
CUST_0025,TXN_00008299,229.63,2023-02-25
CUST_0084,TXN_00008300,822.45,2023-07-13
CUST_0055,TXN_00008301,804.75,2023-05-29
CUST_0094,TXN_00008302,865.46,2023-08-14
CUST_0031,TXN_00008303,165.64,2023-03-14
CUST_0094,TXN_00008304,208.52,2023-09-02
CUST_0023,TXN_00008305,986.32,2023-03-17
CUST_0091,TXN_00008306,573.09,2023-04-28
CUST_0036,TXN_00008307,389.69,2023-04-18
CUST_0060,TXN_00008308,443.51,2023-07-12
CUST_0013,TXN_00008309,396.57,2023-04-15
CUST_0063,TXN_00008310,101.23,2023-01-24
CUST_0064,TXN_00008311,545.18,2023-11-19
CUST_0024,TXN_00008312,551.55,2023-10-29
CUST_0015,TXN_00008313,686.7,2023-10-09
CUST_0098,TXN_00008314,992.03,2023-10-12
CUST_0086,TXN_00008315,585.89,2023-02-26
CUST_0041,TXN_00008316,210.42,2023-12-18
CUST_0065,TXN_00008317,243.09,2023-09-18
CUST_0078,TXN_00008318,329.83,2023-07-09
CUST_0034,TXN_00008319,38.18,2023-05-08
CUST_0090,TXN_00008320,706.78,2023-03-12
CUST_0079,TXN_00008321,343.48,2023-09-25
CUST_0034,TXN_00008322,815.1,2023-07-20
CUST_0033,TXN_00008323,424.87,2023-02-21
CUST_0021,TXN_00008324,121.12,2023-03-31
CUST_0049,TXN_00008325,177.98,2023-02-17
CUST_0046,TXN_00008326,589.22,2023-11-29
CUST_0093,TXN_00008327,57.0,2023-04-13
CUST_0079,TXN_00008328,847.39,2023-05-29
CUST_0057,TXN_00008329,920.98,2023-07-01
CUST_0025,TXN_00008330,806.29,2023-10-18
CUST_0027,TXN_00008331,392.49,2023-11-18
CUST_0084,TXN_00008332,457.76,2023-09-04
CUST_0070,TXN_00008333,179.14,2023-01-05
CUST_0089,TXN_00008334,388.25,2023-02-23
CUST_0041,TXN_00008335,169.41,2023-04-20
CUST_0074,TXN_00008336,252.11,2023-10-02
CUST_0068,TXN_00008337,507.99,2023-08-23
CUST_0069,TXN_00008338,229.92,2023-04-23
CUST_0012,TXN_00008339,777.95,2023-11-26
CUST_0030,TXN_00008340,318.91,2023-05-25
CUST_0032,TXN_00008341,711.45,2023-02-09
CUST_0008,TXN_00008342,726.8,2023-01-03
CUST_0065,TXN_00008343,466.85,2023-04-12
CUST_0077,TXN_00008344,659.39,2023-07-12
CUST_0032,TXN_00008345,855.25,2023-11-22
CUST_0088,TXN_00008346,317.09,2023-07-01
CUST_0028,TXN_00008347,872.82,2023-07-12
CUST_0038,TXN_00008348,984.46,2023-06-16
CUST_0030,TXN_00008349,745.02,2023-10-01
CUST_0071,TXN_00008350,953.63,2023-04-23
CUST_0017,TXN_00008351,216.21,2023-07-27
CUST_0093,TXN_00008352,901.86,2023-01-12
CUST_0085,TXN_00008353,688.34,2023-05-05
CUST_0086,TXN_00008354,432.14,2023-02-04
CUST_0021,TXN_00008355,794.6,2023-09-18
CUST_0045,TXN_00008356,184.45,2023-04-08
CUST_0080,TXN_00008357,979.77,2023-09-16
CUST_0030,TXN_00008358,260.71,2023-03-22
CUST_0067,TXN_00008359,916.0,2023-10-06
CUST_0099,TXN_00008360,865.11,2023-02-28
CUST_0008,TXN_00008361,586.59,2023-01-06
CUST_0044,TXN_00008362,566.43,2023-07-27
CUST_0095,TXN_00008363,727.37,2023-06-20
CUST_0017,TXN_00008364,470.66,2023-08-05
CUST_0070,TXN_00008365,629.87,2023-05-05
CUST_0003,TXN_00008366,299.47,2023-02-25
CUST_0058,TXN_00008367,453.16,2023-07-30
CUST_0030,TXN_00008368,153.55,2023-09-21
CUST_0054,TXN_00008369,84.94,2023-01-08
CUST_0086,TXN_00008370,672.55,2023-05-29
CUST_0019,TXN_00008371,994.27,2023-04-15
CUST_0006,TXN_00008372,166.0,2023-04-01
CUST_0091,TXN_00008373,804.63,2023-04-03
CUST_0046,TXN_00008374,95.89,2023-01-22
CUST_0063,TXN_00008375,73.33,2023-11-29
CUST_0061,TXN_00008376,705.29,2023-08-05
CUST_0044,TXN_00008377,239.78,2023-10-27
CUST_0072,TXN_00008378,307.38,2023-12-15
CUST_0019,TXN_00008379,753.7,2023-02-11
CUST_0039,TXN_00008380,875.49,2023-10-22
CUST_0016,TXN_00008381,607.59,2023-05-26
CUST_0088,TXN_00008382,81.92,2023-10-30
CUST_0005,TXN_00008383,67.34,2023-02-10
CUST_0066,TXN_00008384,665.12,2023-09-08
CUST_0051,TXN_00008385,972.9,2023-03-16
CUST_0073,TXN_00008386,632.96,2023-04-11
CUST_0069,TXN_00008387,659.95,2023-12-04
CUST_0002,TXN_00008388,649.61,2023-07-30
CUST_0026,TXN_00008389,594.68,2023-02-09
CUST_0076,TXN_00008390,813.01,2023-08-22
CUST_0040,TXN_00008391,635.08,2023-02-03
CUST_0044,TXN_00008392,302.05,2023-11-26
CUST_0089,TXN_00008393,783.59,2023-03-14
CUST_0049,TXN_00008394,508.62,2023-05-11
CUST_0060,TXN_00008395,118.74,2023-08-07
CUST_0035,TXN_00008396,387.18,2023-09-08
CUST_0010,TXN_00008397,995.49,2023-01-28
CUST_0006,TXN_00008398,973.43,2023-02-27
CUST_0098,TXN_00008399,978.22,2023-10-09
CUST_0061,TXN_00008400,607.35,2023-03-03
CUST_0045,TXN_00008401,601.62,2023-01-22
CUST_0088,TXN_00008402,737.34,2023-10-13
CUST_0047,TXN_00008403,146.43,2023-12-13
CUST_0058,TXN_00008404,924.93,2023-11-26
CUST_0020,TXN_00008405,612.18,2023-12-04
CUST_0098,TXN_00008406,170.86,2023-01-28
CUST_0025,TXN_00008407,901.19,2023-05-02
CUST_0055,TXN_00008408,669.99,2023-12-16
CUST_0032,TXN_00008409,365.45,2023-07-11
CUST_0079,TXN_00008410,514.94,2023-12-24
CUST_0013,TXN_00008411,888.19,2023-05-13
CUST_0086,TXN_00008412,551.47,2023-10-22
CUST_0018,TXN_00008413,984.38,2023-03-09
CUST_0069,TXN_00008414,30.71,2023-01-05
CUST_0093,TXN_00008415,502.89,2023-12-27
CUST_0035,TXN_00008416,509.26,2023-09-25
CUST_0051,TXN_00008417,624.32,2023-12-19
CUST_0090,TXN_00008418,649.56,2023-09-02
CUST_0075,TXN_00008419,915.65,2023-08-09
CUST_0026,TXN_00008420,352.42,2023-05-07
CUST_0078,TXN_00008421,481.89,2023-09-22
CUST_0090,TXN_00008422,82.09,2023-03-07
CUST_0083,TXN_00008423,169.5,2023-11-12
CUST_0054,TXN_00008424,657.55,2023-08-08
CUST_0025,TXN_00008425,462.67,2023-12-14
CUST_0011,TXN_00008426,328.58,2023-10-12
CUST_0018,TXN_00008427,508.54,2023-10-14
CUST_0068,TXN_00008428,781.42,2023-12-16
CUST_0018,TXN_00008429,411.06,2023-09-02
CUST_0027,TXN_00008430,781.3,2023-04-27
CUST_0091,TXN_00008431,553.91,2023-05-28
CUST_0050,TXN_00008432,264.73,2023-11-01
CUST_0010,TXN_00008433,782.91,2023-07-27
CUST_0093,TXN_00008434,74.68,2023-02-22
CUST_0050,TXN_00008435,686.0,2023-10-02
CUST_0062,TXN_00008436,790.81,2023-01-06
CUST_0056,TXN_00008437,390.9,2023-10-14
CUST_0016,TXN_00008438,177.93,2023-07-30
CUST_0097,TXN_00008439,40.57,2023-04-05
CUST_0034,TXN_00008440,468.62,2023-10-31
CUST_0026,TXN_00008441,335.98,2023-01-21
CUST_0066,TXN_00008442,523.8,2023-10-27
CUST_0008,TXN_00008443,282.38,2023-09-24
CUST_0072,TXN_00008444,252.63,2023-12-08
CUST_0093,TXN_00008445,596.33,2023-01-02
CUST_0036,TXN_00008446,295.12,2023-09-05
CUST_0024,TXN_00008447,894.15,2023-01-24
CUST_0038,TXN_00008448,271.39,2023-06-12
CUST_0070,TXN_00008449,407.91,2023-10-24
CUST_0022,TXN_00008450,561.35,2023-01-15
CUST_0020,TXN_00008451,649.98,2023-11-02
CUST_0065,TXN_00008452,657.38,2023-01-02
CUST_0078,TXN_00008453,783.6,2023-10-17
CUST_0075,TXN_00008454,898.3,2023-07-26
CUST_0027,TXN_00008455,584.37,2023-05-03
CUST_0005,TXN_00008456,664.88,2023-05-18
CUST_0019,TXN_00008457,592.87,2023-10-29
CUST_0068,TXN_00008458,781.92,2023-07-25
CUST_0098,TXN_00008459,39.85,2023-08-16
CUST_0063,TXN_00008460,814.85,2023-08-19
CUST_0032,TXN_00008461,798.9,2023-01-25
CUST_0017,TXN_00008462,929.73,2023-05-27
CUST_0021,TXN_00008463,528.37,2023-06-21
CUST_0006,TXN_00008464,332.09,2023-05-15
CUST_0009,TXN_00008465,573.62,2023-03-01
CUST_0031,TXN_00008466,620.07,2023-11-04
CUST_0010,TXN_00008467,198.55,2023-09-13
CUST_0009,TXN_00008468,725.74,2023-06-01
CUST_0076,TXN_00008469,983.8,2023-11-26
CUST_0019,TXN_00008470,289.82,2023-03-08
CUST_0083,TXN_00008471,950.58,2023-12-16
CUST_0066,TXN_00008472,310.52,2023-11-14
CUST_0029,TXN_00008473,196.73,2023-08-02
CUST_0089,TXN_00008474,955.45,2023-01-17
CUST_0049,TXN_00008475,55.83,2023-06-11
CUST_0020,TXN_00008476,168.55,2023-09-28
CUST_0097,TXN_00008477,263.45,2023-03-14
CUST_0087,TXN_00008478,785.94,2023-09-10
CUST_0097,TXN_00008479,466.29,2023-12-07
CUST_0025,TXN_00008480,615.51,2023-03-25
CUST_0100,TXN_00008481,379.64,2023-05-12
CUST_0086,TXN_00008482,458.25,2023-02-13
CUST_0042,TXN_00008483,624.25,2023-12-15
CUST_0057,TXN_00008484,73.99,2023-07-28
CUST_0068,TXN_00008485,884.1,2023-05-22
CUST_0094,TXN_00008486,124.06,2023-11-06
CUST_0071,TXN_00008487,73.25,2023-09-12
CUST_0079,TXN_00008488,723.79,2023-05-03
CUST_0028,TXN_00008489,802.76,2023-09-09
CUST_0047,TXN_00008490,678.83,2023-12-29
CUST_0082,TXN_00008491,49.28,2023-01-19
CUST_0076,TXN_00008492,843.08,2023-11-03
CUST_0023,TXN_00008493,744.71,2023-02-19
CUST_0023,TXN_00008494,25.94,2023-04-28
CUST_0030,TXN_00008495,939.08,2023-04-21
CUST_0096,TXN_00008496,441.87,2023-12-05
CUST_0051,TXN_00008497,802.39,2023-07-27
CUST_0020,TXN_00008498,290.97,2023-11-15
CUST_0093,TXN_00008499,858.34,2023-07-29
CUST_0033,TXN_00008500,753.32,2023-04-21
CUST_0084,TXN_00008501,530.5,2023-09-02
CUST_0020,TXN_00008502,43.01,2023-08-08
CUST_0063,TXN_00008503,541.86,2023-07-15
CUST_0084,TXN_00008504,812.76,2023-10-18
CUST_0067,TXN_00008505,826.56,2023-01-13
CUST_0040,TXN_00008506,977.35,2023-04-04
CUST_0065,TXN_00008507,390.63,2023-06-23
CUST_0083,TXN_00008508,22.85,2023-08-10
CUST_0065,TXN_00008509,709.75,2023-07-20
CUST_0081,TXN_00008510,38.36,2023-07-05
CUST_0043,TXN_00008511,712.98,2023-12-16
CUST_0080,TXN_00008512,137.0,2023-01-29
CUST_0016,TXN_00008513,186.3,2023-08-20
CUST_0049,TXN_00008514,221.06,2023-05-25
CUST_0075,TXN_00008515,941.22,2023-01-26
CUST_0047,TXN_00008516,85.52,2023-09-20
CUST_0082,TXN_00008517,963.34,2023-11-20
CUST_0072,TXN_00008518,508.17,2023-12-25
CUST_0082,TXN_00008519,760.33,2023-05-15
CUST_0048,TXN_00008520,880.26,2023-04-08
CUST_0033,TXN_00008521,223.67,2023-09-15
CUST_0046,TXN_00008522,709.41,2023-12-22
CUST_0019,TXN_00008523,202.42,2023-12-05
CUST_0075,TXN_00008524,688.01,2023-10-09
CUST_0051,TXN_00008525,383.53,2023-09-29
CUST_0037,TXN_00008526,114.73,2023-07-17
CUST_0019,TXN_00008527,409.12,2023-08-19
CUST_0052,TXN_00008528,728.38,2023-12-09
CUST_0048,TXN_00008529,868.38,2023-09-19
CUST_0011,TXN_00008530,55.7,2023-06-21
CUST_0051,TXN_00008531,841.33,2023-09-13
CUST_0028,TXN_00008532,937.44,2023-10-17
CUST_0049,TXN_00008533,723.49,2023-05-17
CUST_0068,TXN_00008534,929.44,2023-08-23
CUST_0067,TXN_00008535,707.76,2023-07-27
CUST_0021,TXN_00008536,824.15,2023-02-11
CUST_0033,TXN_00008537,782.13,2023-06-21
CUST_0049,TXN_00008538,450.87,2023-05-12
CUST_0078,TXN_00008539,439.84,2023-11-20
CUST_0007,TXN_00008540,938.64,2023-01-13
CUST_0076,TXN_00008541,909.98,2023-04-04
CUST_0078,TXN_00008542,696.22,2023-06-16
CUST_0013,TXN_00008543,130.58,2023-11-01
CUST_0060,TXN_00008544,925.58,2023-02-08
CUST_0059,TXN_00008545,301.58,2023-09-29
CUST_0070,TXN_00008546,531.2,2023-08-27
CUST_0007,TXN_00008547,506.37,2023-02-14
CUST_0035,TXN_00008548,699.5,2023-02-27
CUST_0051,TXN_00008549,909.3,2023-12-29
CUST_0008,TXN_00008550,570.3,2023-12-03
CUST_0011,TXN_00008551,200.65,2023-11-25
CUST_0048,TXN_00008552,733.12,2023-02-03
CUST_0069,TXN_00008553,559.24,2023-05-18
CUST_0076,TXN_00008554,746.59,2023-04-11
CUST_0077,TXN_00008555,490.31,2023-07-24
CUST_0044,TXN_00008556,956.05,2023-04-26
CUST_0058,TXN_00008557,556.98,2023-07-26
CUST_0084,TXN_00008558,896.29,2023-06-18
CUST_0003,TXN_00008559,630.99,2023-04-04
CUST_0093,TXN_00008560,140.15,2023-09-20
CUST_0099,TXN_00008561,684.81,2023-03-11
CUST_0045,TXN_00008562,668.77,2023-01-21
CUST_0017,TXN_00008563,333.83,2023-04-13
CUST_0038,TXN_00008564,170.02,2023-10-10
CUST_0079,TXN_00008565,439.13,2023-05-18
CUST_0085,TXN_00008566,352.61,2023-10-22
CUST_0006,TXN_00008567,80.41,2023-03-28
CUST_0022,TXN_00008568,981.63,2023-10-15
CUST_0097,TXN_00008569,510.52,2023-07-17
CUST_0085,TXN_00008570,800.23,2023-02-06
CUST_0080,TXN_00008571,806.14,2023-04-03
CUST_0053,TXN_00008572,424.2,2023-06-17
CUST_0006,TXN_00008573,983.52,2023-05-31
CUST_0086,TXN_00008574,74.87,2023-11-15
CUST_0085,TXN_00008575,815.03,2023-10-20
CUST_0051,TXN_00008576,256.87,2023-02-25
CUST_0100,TXN_00008577,895.8,2023-06-11
CUST_0019,TXN_00008578,389.51,2023-07-11
CUST_0061,TXN_00008579,908.82,2023-05-14
CUST_0046,TXN_00008580,468.42,2023-11-22
CUST_0026,TXN_00008581,339.35,2023-07-06
CUST_0044,TXN_00008582,177.06,2023-08-04
CUST_0034,TXN_00008583,410.78,2023-04-01
CUST_0093,TXN_00008584,247.34,2023-11-22
CUST_0016,TXN_00008585,604.17,2023-10-29
CUST_0058,TXN_00008586,719.82,2023-03-20
CUST_0051,TXN_00008587,655.26,2023-07-13
CUST_0019,TXN_00008588,868.49,2023-11-11
CUST_0044,TXN_00008589,324.12,2023-07-09
CUST_0087,TXN_00008590,140.65,2023-11-07
CUST_0028,TXN_00008591,767.51,2023-06-26
CUST_0025,TXN_00008592,431.8,2023-03-20
CUST_0097,TXN_00008593,385.72,2023-06-18
CUST_0021,TXN_00008594,69.95,2023-03-03
CUST_0029,TXN_00008595,163.16,2023-03-20
CUST_0093,TXN_00008596,632.22,2023-08-11
CUST_0045,TXN_00008597,216.31,2023-04-25
CUST_0039,TXN_00008598,869.13,2023-05-25
CUST_0073,TXN_00008599,363.49,2023-01-31
CUST_0097,TXN_00008600,450.2,2023-05-15
CUST_0064,TXN_00008601,592.32,2023-07-06
CUST_0004,TXN_00008602,647.84,2023-10-30
CUST_0066,TXN_00008603,146.65,2023-03-28
CUST_0055,TXN_00008604,860.64,2023-09-29
CUST_0023,TXN_00008605,232.06,2023-10-03
CUST_0079,TXN_00008606,870.31,2023-03-29
CUST_0064,TXN_00008607,469.55,2023-04-30
CUST_0072,TXN_00008608,424.74,2023-02-12
CUST_0075,TXN_00008609,928.16,2023-09-10
CUST_0075,TXN_00008610,548.17,2023-03-14
CUST_0074,TXN_00008611,864.67,2023-01-09
CUST_0083,TXN_00008612,863.5,2023-10-19
CUST_0059,TXN_00008613,574.19,2023-01-15
CUST_0093,TXN_00008614,698.17,2023-11-16
CUST_0058,TXN_00008615,600.17,2023-07-15
CUST_0037,TXN_00008616,108.64,2023-03-05
CUST_0007,TXN_00008617,876.47,2023-05-19
CUST_0075,TXN_00008618,412.93,2023-09-26
CUST_0048,TXN_00008619,394.38,2023-04-14
CUST_0044,TXN_00008620,260.75,2023-02-20
CUST_0045,TXN_00008621,259.27,2023-01-18
CUST_0058,TXN_00008622,94.89,2023-11-05
CUST_0018,TXN_00008623,497.43,2023-12-11
CUST_0059,TXN_00008624,535.44,2023-04-25
CUST_0032,TXN_00008625,920.12,2023-04-03
CUST_0009,TXN_00008626,110.37,2023-06-19
CUST_0058,TXN_00008627,948.89,2023-09-29
CUST_0034,TXN_00008628,932.47,2023-04-16
CUST_0044,TXN_00008629,306.84,2023-05-06
CUST_0021,TXN_00008630,23.69,2023-04-06
CUST_0089,TXN_00008631,595.84,2023-07-23
CUST_0087,TXN_00008632,925.53,2023-05-17
CUST_0079,TXN_00008633,635.57,2023-05-11
CUST_0045,TXN_00008634,931.38,2023-06-20
CUST_0013,TXN_00008635,900.95,2023-07-11
CUST_0048,TXN_00008636,730.54,2023-11-16
CUST_0064,TXN_00008637,433.03,2023-07-31
CUST_0082,TXN_00008638,486.24,2023-09-27
CUST_0018,TXN_00008639,654.24,2023-01-19
CUST_0062,TXN_00008640,720.18,2023-12-24
CUST_0068,TXN_00008641,982.31,2023-10-29
CUST_0030,TXN_00008642,604.7,2023-09-15
CUST_0071,TXN_00008643,583.48,2023-04-19
CUST_0006,TXN_00008644,123.11,2023-10-08
CUST_0057,TXN_00008645,73.79,2023-07-26
CUST_0062,TXN_00008646,808.07,2023-01-17
CUST_0032,TXN_00008647,263.54,2023-01-07
CUST_0036,TXN_00008648,523.28,2023-01-27
CUST_0040,TXN_00008649,83.95,2023-11-06
CUST_0090,TXN_00008650,804.0,2023-11-14
CUST_0011,TXN_00008651,366.52,2023-05-10
CUST_0088,TXN_00008652,227.22,2023-12-06
CUST_0056,TXN_00008653,729.82,2023-06-22
CUST_0039,TXN_00008654,404.74,2023-02-15
CUST_0084,TXN_00008655,528.09,2023-01-29
CUST_0074,TXN_00008656,517.62,2023-12-03
CUST_0014,TXN_00008657,79.82,2023-05-22
CUST_0027,TXN_00008658,661.17,2023-11-03
CUST_0090,TXN_00008659,76.61,2023-11-29
CUST_0034,TXN_00008660,82.63,2023-10-29
CUST_0022,TXN_00008661,506.27,2023-05-16
CUST_0057,TXN_00008662,892.5,2023-08-16
CUST_0088,TXN_00008663,172.13,2023-07-07
CUST_0088,TXN_00008664,109.93,2023-04-20
CUST_0063,TXN_00008665,766.46,2023-03-27
CUST_0012,TXN_00008666,623.5,2023-06-22
CUST_0007,TXN_00008667,288.96,2023-07-20
CUST_0066,TXN_00008668,766.85,2023-05-24
CUST_0012,TXN_00008669,42.46,2023-06-24
CUST_0062,TXN_00008670,422.84,2023-12-19
CUST_0011,TXN_00008671,774.86,2023-04-11
CUST_0070,TXN_00008672,948.27,2023-11-11
CUST_0099,TXN_00008673,277.01,2023-04-02
CUST_0013,TXN_00008674,570.4,2023-03-18
CUST_0086,TXN_00008675,611.38,2023-05-16
CUST_0011,TXN_00008676,38.98,2023-06-05
CUST_0025,TXN_00008677,457.0,2023-04-25
CUST_0049,TXN_00008678,80.42,2023-03-24
CUST_0057,TXN_00008679,409.98,2023-07-19
CUST_0079,TXN_00008680,783.5,2023-07-22
CUST_0046,TXN_00008681,464.67,2023-04-30
CUST_0024,TXN_00008682,660.44,2023-11-23
CUST_0060,TXN_00008683,958.68,2023-11-19
CUST_0052,TXN_00008684,15.16,2023-06-16
CUST_0070,TXN_00008685,430.87,2023-10-29
CUST_0044,TXN_00008686,441.74,2023-01-23
CUST_0046,TXN_00008687,219.28,2023-11-05
CUST_0049,TXN_00008688,499.76,2023-10-19
CUST_0059,TXN_00008689,989.39,2023-10-18
CUST_0024,TXN_00008690,691.03,2023-01-30
CUST_0074,TXN_00008691,826.31,2023-01-02
CUST_0036,TXN_00008692,154.85,2023-08-17
CUST_0047,TXN_00008693,302.9,2023-06-30
CUST_0087,TXN_00008694,183.64,2023-02-01
CUST_0062,TXN_00008695,220.34,2023-11-03
CUST_0033,TXN_00008696,563.77,2023-02-01
CUST_0097,TXN_00008697,256.41,2023-06-19
CUST_0035,TXN_00008698,136.79,2023-09-19
CUST_0029,TXN_00008699,376.11,2023-02-02
CUST_0043,TXN_00008700,669.04,2023-06-06
CUST_0006,TXN_00008701,613.26,2023-11-15
CUST_0052,TXN_00008702,546.49,2023-02-11
CUST_0098,TXN_00008703,530.82,2023-08-31
CUST_0076,TXN_00008704,476.29,2023-11-30
CUST_0043,TXN_00008705,948.38,2023-05-15
CUST_0058,TXN_00008706,196.63,2023-01-02
CUST_0032,TXN_00008707,459.4,2023-01-04
CUST_0047,TXN_00008708,906.31,2023-08-01
CUST_0034,TXN_00008709,449.3,2023-07-04
CUST_0091,TXN_00008710,359.08,2023-06-20
CUST_0013,TXN_00008711,517.2,2023-02-27
CUST_0027,TXN_00008712,260.38,2023-03-26
CUST_0060,TXN_00008713,870.85,2023-02-18
CUST_0063,TXN_00008714,20.68,2023-12-22
CUST_0061,TXN_00008715,105.29,2023-03-19
CUST_0002,TXN_00008716,475.86,2023-05-18
CUST_0013,TXN_00008717,324.35,2023-04-17
CUST_0031,TXN_00008718,539.77,2023-11-07
CUST_0068,TXN_00008719,489.49,2023-12-28
CUST_0016,TXN_00008720,453.63,2023-11-15
CUST_0028,TXN_00008721,692.87,2023-08-02
CUST_0040,TXN_00008722,175.84,2023-04-06
CUST_0045,TXN_00008723,158.91,2023-11-20
CUST_0067,TXN_00008724,814.37,2023-01-23
CUST_0066,TXN_00008725,539.9,2023-01-20
CUST_0069,TXN_00008726,60.02,2023-06-30
CUST_0027,TXN_00008727,294.7,2023-09-23
CUST_0011,TXN_00008728,959.64,2023-06-30
CUST_0074,TXN_00008729,50.99,2023-12-12
CUST_0044,TXN_00008730,441.33,2023-07-03
CUST_0061,TXN_00008731,402.88,2023-12-15
CUST_0014,TXN_00008732,226.59,2023-06-19
CUST_0016,TXN_00008733,559.62,2023-04-10
CUST_0009,TXN_00008734,989.75,2023-11-04
CUST_0009,TXN_00008735,493.13,2023-01-20
CUST_0021,TXN_00008736,376.65,2023-02-08
CUST_0082,TXN_00008737,669.64,2023-08-12
CUST_0078,TXN_00008738,355.83,2023-08-26
CUST_0047,TXN_00008739,589.31,2023-06-21
CUST_0022,TXN_00008740,11.21,2023-01-24
CUST_0011,TXN_00008741,163.78,2023-07-12
CUST_0011,TXN_00008742,287.73,2023-11-02
CUST_0022,TXN_00008743,424.78,2023-01-31
CUST_0093,TXN_00008744,477.34,2023-12-03
CUST_0045,TXN_00008745,721.87,2023-07-12
CUST_0083,TXN_00008746,382.49,2023-03-30
CUST_0073,TXN_00008747,380.34,2023-12-23
CUST_0086,TXN_00008748,713.22,2023-04-18
CUST_0045,TXN_00008749,432.51,2023-10-17
CUST_0027,TXN_00008750,134.35,2023-08-24
CUST_0043,TXN_00008751,38.84,2023-01-09
CUST_0074,TXN_00008752,864.49,2023-05-25
CUST_0078,TXN_00008753,42.99,2023-01-06
CUST_0013,TXN_00008754,249.01,2023-06-27
CUST_0090,TXN_00008755,422.09,2023-01-15
CUST_0032,TXN_00008756,500.9,2023-08-24
CUST_0044,TXN_00008757,913.17,2023-11-23
CUST_0090,TXN_00008758,565.83,2023-03-16
CUST_0045,TXN_00008759,406.33,2023-11-07
CUST_0017,TXN_00008760,578.15,2023-02-20
CUST_0094,TXN_00008761,797.66,2023-03-15
CUST_0097,TXN_00008762,112.71,2023-10-13
CUST_0077,TXN_00008763,371.56,2023-06-09
CUST_0025,TXN_00008764,954.1,2023-12-27
CUST_0061,TXN_00008765,788.04,2023-03-11
CUST_0076,TXN_00008766,276.36,2023-11-16
CUST_0041,TXN_00008767,880.61,2023-01-11
CUST_0055,TXN_00008768,362.3,2023-07-13
CUST_0055,TXN_00008769,766.12,2023-11-07
CUST_0085,TXN_00008770,238.47,2023-11-16
CUST_0073,TXN_00008771,538.53,2023-09-05
CUST_0070,TXN_00008772,898.8,2023-12-25
CUST_0090,TXN_00008773,621.22,2023-12-17
CUST_0057,TXN_00008774,222.74,2023-10-15
CUST_0006,TXN_00008775,669.85,2023-07-17
CUST_0026,TXN_00008776,992.04,2023-12-17
CUST_0011,TXN_00008777,904.24,2023-06-14
CUST_0033,TXN_00008778,488.78,2023-06-13
CUST_0063,TXN_00008779,41.79,2023-11-29
CUST_0074,TXN_00008780,401.0,2023-03-13
CUST_0092,TXN_00008781,843.66,2023-03-10
CUST_0096,TXN_00008782,642.8,2023-08-11
CUST_0026,TXN_00008783,12.27,2023-02-04
CUST_0053,TXN_00008784,282.7,2023-03-22
CUST_0069,TXN_00008785,897.86,2023-06-28
CUST_0075,TXN_00008786,926.83,2023-01-13
CUST_0063,TXN_00008787,732.19,2023-05-03
CUST_0014,TXN_00008788,433.78,2023-07-26
CUST_0048,TXN_00008789,952.91,2023-02-08
CUST_0074,TXN_00008790,454.0,2023-02-03
CUST_0003,TXN_00008791,379.24,2023-01-09
CUST_0046,TXN_00008792,600.29,2023-05-11
CUST_0020,TXN_00008793,308.9,2023-10-10
CUST_0045,TXN_00008794,136.13,2023-01-16
CUST_0040,TXN_00008795,347.97,2023-11-26
CUST_0055,TXN_00008796,667.85,2023-03-28
CUST_0039,TXN_00008797,481.23,2023-12-24
CUST_0080,TXN_00008798,626.38,2023-12-19
CUST_0082,TXN_00008799,328.48,2023-08-05
CUST_0086,TXN_00008800,132.94,2023-10-20
CUST_0002,TXN_00008801,555.06,2023-03-26
CUST_0036,TXN_00008802,547.07,2023-11-01
CUST_0069,TXN_00008803,911.5,2023-10-30
CUST_0012,TXN_00008804,314.71,2023-09-13
CUST_0004,TXN_00008805,505.52,2023-08-22
CUST_0071,TXN_00008806,758.73,2023-02-26
CUST_0016,TXN_00008807,226.92,2023-04-03
CUST_0052,TXN_00008808,550.34,2023-08-26
CUST_0032,TXN_00008809,879.84,2023-04-08
CUST_0090,TXN_00008810,606.49,2023-12-08
CUST_0056,TXN_00008811,294.61,2023-11-20
CUST_0019,TXN_00008812,99.21,2023-06-24
CUST_0097,TXN_00008813,882.83,2023-11-22
CUST_0009,TXN_00008814,299.39,2023-09-24
CUST_0087,TXN_00008815,137.61,2023-07-08
CUST_0087,TXN_00008816,469.6,2023-12-26
CUST_0022,TXN_00008817,660.92,2023-02-22
CUST_0001,TXN_00008818,459.85,2023-12-02
CUST_0095,TXN_00008819,613.19,2023-01-05
CUST_0067,TXN_00008820,750.69,2023-08-31
CUST_0008,TXN_00008821,460.3,2023-04-01
CUST_0041,TXN_00008822,116.43,2023-09-14
CUST_0028,TXN_00008823,225.95,2023-01-09
CUST_0058,TXN_00008824,222.17,2023-01-27
CUST_0062,TXN_00008825,655.04,2023-03-27
CUST_0018,TXN_00008826,303.84,2023-05-21
CUST_0069,TXN_00008827,864.1,2023-06-26
CUST_0094,TXN_00008828,524.95,2023-11-02
CUST_0080,TXN_00008829,493.96,2023-06-09
CUST_0073,TXN_00008830,718.07,2023-03-21
CUST_0003,TXN_00008831,392.94,2023-02-21
CUST_0054,TXN_00008832,702.76,2023-10-14
CUST_0087,TXN_00008833,933.08,2023-11-17
CUST_0093,TXN_00008834,638.09,2023-11-02
CUST_0099,TXN_00008835,241.78,2023-12-02
CUST_0028,TXN_00008836,911.52,2023-08-29
CUST_0017,TXN_00008837,89.0,2023-12-12
CUST_0100,TXN_00008838,978.44,2023-12-05
CUST_0087,TXN_00008839,160.02,2023-06-24
CUST_0015,TXN_00008840,517.99,2023-10-17
CUST_0057,TXN_00008841,421.51,2023-06-15
CUST_0006,TXN_00008842,829.84,2023-02-07
CUST_0046,TXN_00008843,226.79,2023-02-14
CUST_0059,TXN_00008844,385.58,2023-07-19
CUST_0073,TXN_00008845,716.42,2023-04-29
CUST_0053,TXN_00008846,352.05,2023-08-31
CUST_0051,TXN_00008847,40.86,2023-05-31
CUST_0013,TXN_00008848,420.06,2023-11-14
CUST_0085,TXN_00008849,603.6,2023-12-15
CUST_0078,TXN_00008850,405.04,2023-10-07
CUST_0066,TXN_00008851,986.05,2023-07-23
CUST_0038,TXN_00008852,787.46,2023-05-22
CUST_0069,TXN_00008853,356.54,2023-01-03
CUST_0062,TXN_00008854,942.64,2023-07-01
CUST_0017,TXN_00008855,827.51,2023-12-05
CUST_0086,TXN_00008856,695.28,2023-06-12
CUST_0049,TXN_00008857,750.63,2023-08-30
CUST_0092,TXN_00008858,451.26,2023-10-21
CUST_0100,TXN_00008859,107.03,2023-12-18
CUST_0070,TXN_00008860,282.92,2023-05-05
CUST_0041,TXN_00008861,369.2,2023-07-30
CUST_0061,TXN_00008862,631.66,2023-01-02
CUST_0025,TXN_00008863,791.67,2023-08-28
CUST_0031,TXN_00008864,493.73,2023-04-29
CUST_0011,TXN_00008865,338.38,2023-01-08
CUST_0036,TXN_00008866,47.37,2023-06-20
CUST_0080,TXN_00008867,82.75,2023-05-09
CUST_0010,TXN_00008868,741.32,2023-08-16
CUST_0019,TXN_00008869,516.81,2023-08-26
CUST_0055,TXN_00008870,958.1,2023-08-21
CUST_0063,TXN_00008871,693.14,2023-03-23
CUST_0029,TXN_00008872,461.04,2023-10-13
CUST_0051,TXN_00008873,132.56,2023-02-09
CUST_0005,TXN_00008874,634.89,2023-02-24
CUST_0094,TXN_00008875,25.82,2023-01-27
CUST_0013,TXN_00008876,674.69,2023-07-22
CUST_0013,TXN_00008877,474.68,2023-11-07
CUST_0086,TXN_00008878,744.55,2023-06-10
CUST_0024,TXN_00008879,678.53,2023-08-27
CUST_0013,TXN_00008880,925.1,2023-02-26
CUST_0058,TXN_00008881,413.73,2023-12-26
CUST_0054,TXN_00008882,772.75,2023-08-29
CUST_0099,TXN_00008883,684.93,2023-03-09
CUST_0068,TXN_00008884,957.56,2023-05-13
CUST_0029,TXN_00008885,409.62,2023-12-21
CUST_0039,TXN_00008886,405.2,2023-10-21
CUST_0044,TXN_00008887,756.19,2023-05-22
CUST_0056,TXN_00008888,351.91,2023-10-31
CUST_0083,TXN_00008889,95.94,2023-02-08
CUST_0028,TXN_00008890,356.21,2023-03-25
CUST_0064,TXN_00008891,915.15,2023-09-24
CUST_0085,TXN_00008892,876.07,2023-07-23
CUST_0013,TXN_00008893,38.83,2023-08-10
CUST_0048,TXN_00008894,652.36,2023-06-06
CUST_0050,TXN_00008895,153.06,2023-01-03
CUST_0079,TXN_00008896,476.23,2023-04-29
CUST_0041,TXN_00008897,801.62,2023-06-21
CUST_0093,TXN_00008898,809.39,2023-10-26
CUST_0067,TXN_00008899,359.32,2023-04-20
CUST_0011,TXN_00008900,47.78,2023-04-24
CUST_0005,TXN_00008901,684.92,2023-04-16
CUST_0049,TXN_00008902,431.26,2023-06-01
CUST_0088,TXN_00008903,487.93,2023-07-02
CUST_0096,TXN_00008904,902.27,2023-08-28
CUST_0011,TXN_00008905,944.16,2023-01-16
CUST_0021,TXN_00008906,586.91,2023-01-27
CUST_0084,TXN_00008907,660.45,2023-11-16
CUST_0089,TXN_00008908,699.94,2023-12-06
CUST_0094,TXN_00008909,270.26,2023-06-08
CUST_0040,TXN_00008910,865.42,2023-12-14
CUST_0077,TXN_00008911,759.56,2023-07-14
CUST_0020,TXN_00008912,212.9,2023-09-13
CUST_0060,TXN_00008913,780.74,2023-03-04
CUST_0052,TXN_00008914,918.35,2023-11-01
CUST_0039,TXN_00008915,967.58,2023-07-28
CUST_0010,TXN_00008916,794.54,2023-08-27
CUST_0034,TXN_00008917,735.8,2023-06-19
CUST_0007,TXN_00008918,960.43,2023-05-22
CUST_0015,TXN_00008919,146.31,2023-11-05
CUST_0064,TXN_00008920,558.33,2023-12-17
CUST_0043,TXN_00008921,305.54,2023-02-03
CUST_0056,TXN_00008922,624.27,2023-02-16
CUST_0071,TXN_00008923,316.92,2023-04-15
CUST_0051,TXN_00008924,280.39,2023-05-17
CUST_0038,TXN_00008925,583.2,2023-11-17
CUST_0021,TXN_00008926,100.07,2023-12-05
CUST_0044,TXN_00008927,929.75,2023-11-22
CUST_0077,TXN_00008928,122.13,2023-12-29
CUST_0011,TXN_00008929,469.68,2023-12-26
CUST_0020,TXN_00008930,836.06,2023-01-21
CUST_0017,TXN_00008931,969.77,2023-03-28
CUST_0022,TXN_00008932,863.02,2023-03-15
CUST_0060,TXN_00008933,513.85,2023-10-14
CUST_0017,TXN_00008934,944.32,2023-11-30
CUST_0036,TXN_00008935,382.85,2023-01-10
CUST_0056,TXN_00008936,217.03,2023-02-19
CUST_0095,TXN_00008937,76.3,2023-06-25
CUST_0068,TXN_00008938,501.12,2023-01-06
CUST_0076,TXN_00008939,584.48,2023-03-26
CUST_0087,TXN_00008940,87.2,2023-02-13
CUST_0097,TXN_00008941,463.82,2023-12-16
CUST_0027,TXN_00008942,578.12,2023-02-02
CUST_0073,TXN_00008943,686.23,2023-08-21
CUST_0073,TXN_00008944,376.08,2023-03-01
CUST_0071,TXN_00008945,644.47,2023-08-06
CUST_0055,TXN_00008946,923.7,2023-11-08
CUST_0075,TXN_00008947,439.71,2023-11-22
CUST_0091,TXN_00008948,103.25,2023-01-29
CUST_0084,TXN_00008949,186.94,2023-07-28
CUST_0045,TXN_00008950,303.07,2023-02-22
CUST_0072,TXN_00008951,457.56,2023-03-03
CUST_0003,TXN_00008952,781.24,2023-06-05
CUST_0042,TXN_00008953,688.45,2023-04-08
CUST_0050,TXN_00008954,169.9,2023-02-17
CUST_0024,TXN_00008955,765.26,2023-07-17
CUST_0064,TXN_00008956,973.53,2023-01-28
CUST_0011,TXN_00008957,681.57,2023-03-26
CUST_0090,TXN_00008958,166.43,2023-09-17
CUST_0070,TXN_00008959,18.5,2023-01-08
CUST_0097,TXN_00008960,822.63,2023-03-17
CUST_0077,TXN_00008961,123.85,2023-03-23
CUST_0008,TXN_00008962,505.88,2023-06-28
CUST_0057,TXN_00008963,629.03,2023-03-24
CUST_0099,TXN_00008964,932.43,2023-10-25
CUST_0053,TXN_00008965,601.11,2023-06-02
CUST_0082,TXN_00008966,730.55,2023-01-17
CUST_0040,TXN_00008967,441.31,2023-10-22
CUST_0042,TXN_00008968,504.19,2023-09-09
CUST_0008,TXN_00008969,679.92,2023-12-04
CUST_0028,TXN_00008970,100.11,2023-02-08
CUST_0073,TXN_00008971,200.76,2023-06-11
CUST_0013,TXN_00008972,250.19,2023-09-13
CUST_0043,TXN_00008973,239.41,2023-07-05
CUST_0058,TXN_00008974,460.23,2023-05-25
CUST_0085,TXN_00008975,66.17,2023-10-17
CUST_0081,TXN_00008976,865.43,2023-01-23
CUST_0054,TXN_00008977,23.82,2023-01-23
CUST_0061,TXN_00008978,186.88,2023-07-16
CUST_0012,TXN_00008979,974.47,2023-10-28
CUST_0044,TXN_00008980,434.05,2023-07-30
CUST_0080,TXN_00008981,336.74,2023-11-02
CUST_0085,TXN_00008982,251.61,2023-05-31
CUST_0012,TXN_00008983,410.92,2023-01-03
CUST_0001,TXN_00008984,611.24,2023-04-26
CUST_0051,TXN_00008985,596.64,2023-10-19
CUST_0002,TXN_00008986,312.98,2023-12-29
CUST_0010,TXN_00008987,801.05,2023-06-24
CUST_0058,TXN_00008988,780.11,2023-10-24
CUST_0002,TXN_00008989,397.26,2023-11-09
CUST_0039,TXN_00008990,542.25,2023-10-03
CUST_0099,TXN_00008991,197.69,2023-06-26
CUST_0042,TXN_00008992,247.5,2023-04-02
CUST_0025,TXN_00008993,926.15,2023-10-10
CUST_0033,TXN_00008994,959.85,2023-06-27
CUST_0022,TXN_00008995,580.95,2023-07-28
CUST_0087,TXN_00008996,757.92,2023-06-07
CUST_0009,TXN_00008997,742.1,2023-02-20
CUST_0014,TXN_00008998,252.86,2023-10-06
CUST_0075,TXN_00008999,845.56,2023-06-10
CUST_0020,TXN_00009000,650.57,2023-05-13
CUST_0026,TXN_00009001,619.7,2023-11-24
CUST_0073,TXN_00009002,553.86,2023-06-19
CUST_0095,TXN_00009003,981.98,2023-07-05
CUST_0028,TXN_00009004,921.04,2023-03-25
CUST_0033,TXN_00009005,438.34,2023-01-18
CUST_0068,TXN_00009006,376.38,2023-05-31
CUST_0041,TXN_00009007,743.99,2023-04-30
CUST_0053,TXN_00009008,115.71,2023-06-19
CUST_0068,TXN_00009009,226.39,2023-01-26
CUST_0025,TXN_00009010,40.9,2023-09-10
CUST_0057,TXN_00009011,459.43,2023-12-08
CUST_0081,TXN_00009012,221.9,2023-11-19
CUST_0093,TXN_00009013,667.86,2023-04-23
CUST_0010,TXN_00009014,284.24,2023-04-26
CUST_0079,TXN_00009015,757.42,2023-04-07
CUST_0087,TXN_00009016,433.54,2023-01-16
CUST_0048,TXN_00009017,145.4,2023-09-02
CUST_0061,TXN_00009018,254.03,2023-05-17
CUST_0079,TXN_00009019,576.33,2023-01-08
CUST_0095,TXN_00009020,237.64,2023-10-15
CUST_0013,TXN_00009021,207.68,2023-12-20
CUST_0012,TXN_00009022,441.93,2023-11-06
CUST_0099,TXN_00009023,390.76,2023-04-21
CUST_0038,TXN_00009024,706.7,2023-04-01
CUST_0011,TXN_00009025,908.65,2023-01-21
CUST_0011,TXN_00009026,241.35,2023-10-25
CUST_0057,TXN_00009027,126.08,2023-12-14
CUST_0079,TXN_00009028,646.59,2023-08-10
CUST_0039,TXN_00009029,36.78,2023-06-24
CUST_0004,TXN_00009030,307.0,2023-09-24
CUST_0055,TXN_00009031,168.95,2023-03-30
CUST_0075,TXN_00009032,692.89,2023-03-08
CUST_0078,TXN_00009033,293.08,2023-06-12
CUST_0087,TXN_00009034,267.67,2023-10-16
CUST_0096,TXN_00009035,467.22,2023-04-16
CUST_0015,TXN_00009036,644.17,2023-02-02
CUST_0066,TXN_00009037,58.9,2023-03-18
CUST_0048,TXN_00009038,861.21,2023-04-07
CUST_0070,TXN_00009039,826.38,2023-02-04
CUST_0016,TXN_00009040,437.32,2023-10-12
CUST_0001,TXN_00009041,794.76,2023-02-03
CUST_0020,TXN_00009042,977.87,2023-01-26
CUST_0099,TXN_00009043,577.73,2023-02-28
CUST_0059,TXN_00009044,585.55,2023-10-08
CUST_0042,TXN_00009045,283.2,2023-01-02
CUST_0046,TXN_00009046,695.16,2023-02-01
CUST_0042,TXN_00009047,997.43,2023-07-22
CUST_0018,TXN_00009048,68.96,2023-08-16
CUST_0047,TXN_00009049,473.46,2023-01-05
CUST_0091,TXN_00009050,429.65,2023-01-02
CUST_0018,TXN_00009051,192.05,2023-12-30
CUST_0011,TXN_00009052,479.3,2023-12-21
CUST_0030,TXN_00009053,889.45,2023-12-18
CUST_0013,TXN_00009054,189.77,2023-07-06
CUST_0042,TXN_00009055,969.31,2023-12-23
CUST_0067,TXN_00009056,850.71,2023-09-23
CUST_0097,TXN_00009057,245.43,2023-03-28
CUST_0097,TXN_00009058,326.49,2023-04-08
CUST_0046,TXN_00009059,665.54,2023-06-12
CUST_0063,TXN_00009060,314.33,2023-01-22
CUST_0083,TXN_00009061,846.55,2023-01-06
CUST_0016,TXN_00009062,353.08,2023-09-01
CUST_0044,TXN_00009063,811.88,2023-08-30
CUST_0082,TXN_00009064,28.52,2023-12-10
CUST_0049,TXN_00009065,773.63,2023-11-26
CUST_0095,TXN_00009066,898.99,2023-04-25
CUST_0056,TXN_00009067,846.85,2023-09-14
CUST_0058,TXN_00009068,212.86,2023-02-15
CUST_0097,TXN_00009069,424.44,2023-08-06
CUST_0026,TXN_00009070,719.13,2023-08-08
CUST_0058,TXN_00009071,642.94,2023-05-05
CUST_0037,TXN_00009072,299.07,2023-09-19
CUST_0010,TXN_00009073,82.45,2023-07-24
CUST_0038,TXN_00009074,457.78,2023-08-15
CUST_0022,TXN_00009075,252.58,2023-09-29
CUST_0040,TXN_00009076,114.73,2023-12-01
CUST_0094,TXN_00009077,398.44,2023-08-31
CUST_0095,TXN_00009078,550.43,2023-05-28
CUST_0099,TXN_00009079,855.44,2023-10-28
CUST_0069,TXN_00009080,457.93,2023-03-18
CUST_0073,TXN_00009081,986.05,2023-10-05
CUST_0006,TXN_00009082,461.4,2023-01-30
CUST_0057,TXN_00009083,318.1,2023-08-10
CUST_0026,TXN_00009084,487.26,2023-04-27
CUST_0005,TXN_00009085,136.16,2023-12-07
CUST_0063,TXN_00009086,770.38,2023-07-29
CUST_0083,TXN_00009087,314.69,2023-08-30
CUST_0004,TXN_00009088,432.93,2023-09-18
CUST_0036,TXN_00009089,330.56,2023-02-05
CUST_0037,TXN_00009090,494.19,2023-12-20
CUST_0038,TXN_00009091,739.74,2023-01-18
CUST_0035,TXN_00009092,63.37,2023-05-02
CUST_0073,TXN_00009093,149.24,2023-01-28
CUST_0089,TXN_00009094,147.78,2023-05-09
CUST_0009,TXN_00009095,678.97,2023-07-29
CUST_0048,TXN_00009096,880.39,2023-03-23
CUST_0093,TXN_00009097,797.35,2023-11-18
CUST_0081,TXN_00009098,191.91,2023-12-21
CUST_0076,TXN_00009099,662.72,2023-01-22
CUST_0096,TXN_00009100,439.48,2023-08-15
CUST_0025,TXN_00009101,142.19,2023-02-14
CUST_0011,TXN_00009102,340.75,2023-01-18
CUST_0026,TXN_00009103,826.72,2023-10-17
CUST_0018,TXN_00009104,544.99,2023-05-02
CUST_0003,TXN_00009105,667.82,2023-11-04
CUST_0001,TXN_00009106,425.65,2023-03-26
CUST_0075,TXN_00009107,320.01,2023-03-24
CUST_0081,TXN_00009108,476.59,2023-06-20
CUST_0030,TXN_00009109,839.45,2023-01-25
CUST_0037,TXN_00009110,218.49,2023-05-15
CUST_0015,TXN_00009111,363.67,2023-01-08
CUST_0037,TXN_00009112,866.31,2023-05-24
CUST_0033,TXN_00009113,617.48,2023-11-03
CUST_0030,TXN_00009114,275.44,2023-08-04
CUST_0037,TXN_00009115,38.1,2023-04-22
CUST_0086,TXN_00009116,710.32,2023-04-01
CUST_0040,TXN_00009117,840.26,2023-07-03
CUST_0009,TXN_00009118,747.97,2023-01-03
CUST_0059,TXN_00009119,377.11,2023-07-17
CUST_0023,TXN_00009120,875.43,2023-02-10
CUST_0091,TXN_00009121,845.63,2023-02-02
CUST_0005,TXN_00009122,414.04,2023-06-20
CUST_0085,TXN_00009123,654.21,2023-08-04
CUST_0026,TXN_00009124,496.08,2023-03-02
CUST_0049,TXN_00009125,217.07,2023-02-08
CUST_0066,TXN_00009126,359.1,2023-07-15
CUST_0091,TXN_00009127,748.38,2023-02-14
CUST_0018,TXN_00009128,745.62,2023-08-08
CUST_0098,TXN_00009129,275.64,2023-10-06
CUST_0047,TXN_00009130,945.89,2023-10-28
CUST_0093,TXN_00009131,664.76,2023-11-18
CUST_0055,TXN_00009132,32.6,2023-11-12
CUST_0057,TXN_00009133,526.48,2023-05-30
CUST_0072,TXN_00009134,352.76,2023-09-03
CUST_0089,TXN_00009135,236.45,2023-06-21
CUST_0001,TXN_00009136,529.45,2023-10-19
CUST_0024,TXN_00009137,274.43,2023-09-17
CUST_0010,TXN_00009138,448.58,2023-01-30
CUST_0048,TXN_00009139,467.44,2023-02-22
CUST_0082,TXN_00009140,224.25,2023-06-26
CUST_0056,TXN_00009141,62.97,2023-02-01
CUST_0085,TXN_00009142,401.02,2023-08-04
CUST_0027,TXN_00009143,292.72,2023-02-28
CUST_0012,TXN_00009144,919.13,2023-10-02
CUST_0049,TXN_00009145,413.86,2023-02-13
CUST_0071,TXN_00009146,784.83,2023-07-17
CUST_0098,TXN_00009147,20.08,2023-09-10
CUST_0022,TXN_00009148,31.94,2023-04-10
CUST_0094,TXN_00009149,627.15,2023-01-28
CUST_0063,TXN_00009150,310.42,2023-11-17
CUST_0054,TXN_00009151,829.17,2023-10-12
CUST_0075,TXN_00009152,456.95,2023-11-05
CUST_0077,TXN_00009153,101.76,2023-10-19
CUST_0034,TXN_00009154,699.96,2023-05-17
CUST_0032,TXN_00009155,811.59,2023-02-21
CUST_0043,TXN_00009156,421.24,2023-07-29
CUST_0051,TXN_00009157,633.17,2023-09-02
CUST_0034,TXN_00009158,261.16,2023-02-01
CUST_0052,TXN_00009159,960.67,2023-03-29
CUST_0045,TXN_00009160,398.69,2023-01-08
CUST_0039,TXN_00009161,637.65,2023-06-28
CUST_0007,TXN_00009162,763.69,2023-04-18
CUST_0068,TXN_00009163,246.97,2023-02-22
CUST_0073,TXN_00009164,693.76,2023-02-25
CUST_0002,TXN_00009165,746.39,2023-10-06
CUST_0027,TXN_00009166,394.62,2023-11-15
CUST_0022,TXN_00009167,374.44,2023-01-10
CUST_0025,TXN_00009168,553.62,2023-08-30
CUST_0015,TXN_00009169,167.05,2023-11-14
CUST_0059,TXN_00009170,144.65,2023-05-11
CUST_0099,TXN_00009171,728.94,2023-06-23
CUST_0084,TXN_00009172,197.08,2023-03-22
CUST_0052,TXN_00009173,840.29,2023-03-16
CUST_0037,TXN_00009174,875.99,2023-02-24
CUST_0088,TXN_00009175,260.68,2023-12-05
CUST_0061,TXN_00009176,233.58,2023-07-16
CUST_0013,TXN_00009177,777.51,2023-06-15
CUST_0012,TXN_00009178,960.29,2023-09-12
CUST_0076,TXN_00009179,963.4,2023-01-26
CUST_0067,TXN_00009180,189.33,2023-08-22
CUST_0032,TXN_00009181,726.16,2023-11-28
CUST_0017,TXN_00009182,984.36,2023-04-04
CUST_0081,TXN_00009183,444.36,2023-07-10
CUST_0085,TXN_00009184,368.23,2023-10-15
CUST_0091,TXN_00009185,525.0,2023-09-28
CUST_0074,TXN_00009186,620.82,2023-02-27
CUST_0100,TXN_00009187,188.41,2023-12-02
CUST_0053,TXN_00009188,64.33,2023-05-18
CUST_0096,TXN_00009189,664.9,2023-11-20
CUST_0082,TXN_00009190,608.85,2023-10-31
CUST_0054,TXN_00009191,701.59,2023-01-14
CUST_0097,TXN_00009192,763.17,2023-10-08
CUST_0030,TXN_00009193,369.21,2023-11-22
CUST_0095,TXN_00009194,620.98,2023-12-05
CUST_0034,TXN_00009195,886.43,2023-08-15
CUST_0071,TXN_00009196,780.25,2023-09-08
CUST_0006,TXN_00009197,835.53,2023-08-21
CUST_0026,TXN_00009198,136.79,2023-05-08
CUST_0031,TXN_00009199,717.96,2023-01-26
CUST_0069,TXN_00009200,971.23,2023-10-16
CUST_0041,TXN_00009201,723.22,2023-11-09
CUST_0028,TXN_00009202,887.34,2023-06-05
CUST_0001,TXN_00009203,120.4,2023-01-19
CUST_0027,TXN_00009204,420.84,2023-07-06
CUST_0043,TXN_00009205,593.6,2023-07-20
CUST_0019,TXN_00009206,474.74,2023-05-30
CUST_0021,TXN_00009207,453.81,2023-09-08
CUST_0085,TXN_00009208,859.69,2023-09-06
CUST_0023,TXN_00009209,690.08,2023-08-10
CUST_0077,TXN_00009210,235.9,2023-12-28
CUST_0078,TXN_00009211,503.98,2023-10-25
CUST_0070,TXN_00009212,114.55,2023-05-16
CUST_0094,TXN_00009213,39.35,2023-04-28
CUST_0019,TXN_00009214,923.53,2023-05-29
CUST_0089,TXN_00009215,689.68,2023-04-13
CUST_0018,TXN_00009216,710.32,2023-08-07
CUST_0007,TXN_00009217,23.86,2023-09-04
CUST_0025,TXN_00009218,66.13,2023-01-10
CUST_0073,TXN_00009219,48.91,2023-11-19
CUST_0020,TXN_00009220,269.23,2023-09-03
CUST_0084,TXN_00009221,208.86,2023-08-29
CUST_0085,TXN_00009222,626.92,2023-06-04
CUST_0064,TXN_00009223,424.31,2023-11-29
CUST_0054,TXN_00009224,391.84,2023-11-07
CUST_0085,TXN_00009225,903.3,2023-02-28
CUST_0080,TXN_00009226,896.75,2023-07-25
CUST_0092,TXN_00009227,130.24,2023-05-26
CUST_0051,TXN_00009228,854.26,2023-05-18
CUST_0089,TXN_00009229,84.18,2023-05-12
CUST_0098,TXN_00009230,587.81,2023-01-09
CUST_0086,TXN_00009231,978.15,2023-09-26
CUST_0002,TXN_00009232,989.29,2023-12-06
CUST_0034,TXN_00009233,316.24,2023-02-25
CUST_0053,TXN_00009234,541.85,2023-07-13
CUST_0087,TXN_00009235,695.5,2023-05-07
CUST_0044,TXN_00009236,891.9,2023-01-26
CUST_0019,TXN_00009237,603.5,2023-06-20
CUST_0081,TXN_00009238,596.96,2023-11-13
CUST_0006,TXN_00009239,289.44,2023-12-15
CUST_0094,TXN_00009240,438.63,2023-05-09
CUST_0072,TXN_00009241,645.75,2023-12-30
CUST_0067,TXN_00009242,537.94,2023-02-01
CUST_0062,TXN_00009243,531.13,2023-01-16
CUST_0099,TXN_00009244,846.44,2023-09-25
CUST_0019,TXN_00009245,746.26,2023-12-27
CUST_0061,TXN_00009246,818.76,2023-04-05
CUST_0015,TXN_00009247,373.3,2023-04-19
CUST_0001,TXN_00009248,261.64,2023-11-17
CUST_0099,TXN_00009249,233.9,2023-07-13
CUST_0081,TXN_00009250,239.71,2023-03-21
CUST_0013,TXN_00009251,149.55,2023-08-07
CUST_0096,TXN_00009252,88.19,2023-12-19
CUST_0012,TXN_00009253,900.82,2023-05-23
CUST_0095,TXN_00009254,515.29,2023-05-06
CUST_0061,TXN_00009255,120.21,2023-05-10
CUST_0012,TXN_00009256,176.5,2023-04-15
CUST_0050,TXN_00009257,774.84,2023-01-02
CUST_0069,TXN_00009258,872.64,2023-08-17
CUST_0087,TXN_00009259,238.76,2023-04-29
CUST_0011,TXN_00009260,155.47,2023-02-07
CUST_0001,TXN_00009261,229.27,2023-06-26
CUST_0051,TXN_00009262,759.31,2023-08-02
CUST_0021,TXN_00009263,189.29,2023-12-17
CUST_0017,TXN_00009264,625.82,2023-12-12
CUST_0050,TXN_00009265,949.84,2023-04-07
CUST_0094,TXN_00009266,268.55,2023-01-17
CUST_0003,TXN_00009267,63.89,2023-12-12
CUST_0080,TXN_00009268,849.38,2023-04-25
CUST_0021,TXN_00009269,538.22,2023-06-21
CUST_0083,TXN_00009270,645.0,2023-04-10
CUST_0007,TXN_00009271,969.98,2023-02-16
CUST_0005,TXN_00009272,232.05,2023-04-20
CUST_0072,TXN_00009273,878.78,2023-07-18
CUST_0040,TXN_00009274,216.7,2023-08-03
CUST_0065,TXN_00009275,820.22,2023-10-20
CUST_0075,TXN_00009276,422.39,2023-07-21
CUST_0009,TXN_00009277,546.08,2023-01-10
CUST_0004,TXN_00009278,681.67,2023-12-28
CUST_0058,TXN_00009279,295.33,2023-01-27
CUST_0096,TXN_00009280,965.83,2023-02-03
CUST_0052,TXN_00009281,586.83,2023-08-26
CUST_0093,TXN_00009282,836.77,2023-09-20
CUST_0024,TXN_00009283,580.3,2023-04-05
CUST_0091,TXN_00009284,133.33,2023-11-12
CUST_0001,TXN_00009285,213.82,2023-10-14
CUST_0029,TXN_00009286,323.17,2023-10-20
CUST_0070,TXN_00009287,169.73,2023-01-07
CUST_0039,TXN_00009288,465.84,2023-04-12
CUST_0019,TXN_00009289,540.07,2023-04-06
CUST_0014,TXN_00009290,19.84,2023-06-19
CUST_0073,TXN_00009291,479.07,2023-10-12
CUST_0042,TXN_00009292,831.29,2023-10-22
CUST_0093,TXN_00009293,657.14,2023-02-23
CUST_0050,TXN_00009294,155.24,2023-10-22
CUST_0001,TXN_00009295,590.72,2023-07-22
CUST_0052,TXN_00009296,180.86,2023-08-03
CUST_0020,TXN_00009297,566.22,2023-10-29
CUST_0053,TXN_00009298,698.3,2023-05-02
CUST_0062,TXN_00009299,496.14,2023-10-07
CUST_0091,TXN_00009300,80.43,2023-02-06
CUST_0033,TXN_00009301,725.49,2023-11-20
CUST_0018,TXN_00009302,547.06,2023-05-17
CUST_0025,TXN_00009303,689.33,2023-09-07
CUST_0064,TXN_00009304,364.59,2023-05-01
CUST_0088,TXN_00009305,461.0,2023-09-20
CUST_0027,TXN_00009306,111.87,2023-07-10
CUST_0083,TXN_00009307,316.35,2023-11-26
CUST_0058,TXN_00009308,233.42,2023-11-17
CUST_0034,TXN_00009309,254.86,2023-07-05
CUST_0009,TXN_00009310,972.43,2023-04-05
CUST_0007,TXN_00009311,335.56,2023-08-22
CUST_0034,TXN_00009312,750.22,2023-06-13
CUST_0054,TXN_00009313,647.43,2023-01-13
CUST_0078,TXN_00009314,25.84,2023-04-13
CUST_0010,TXN_00009315,734.71,2023-04-25
CUST_0094,TXN_00009316,371.17,2023-07-11
CUST_0094,TXN_00009317,343.62,2023-12-20
CUST_0098,TXN_00009318,233.56,2023-02-17
CUST_0007,TXN_00009319,341.35,2023-05-13
CUST_0006,TXN_00009320,604.64,2023-01-13
CUST_0017,TXN_00009321,430.58,2023-08-19
CUST_0087,TXN_00009322,767.09,2023-02-26
CUST_0048,TXN_00009323,675.3,2023-06-19
CUST_0031,TXN_00009324,230.23,2023-12-20
CUST_0070,TXN_00009325,112.82,2023-03-27
CUST_0091,TXN_00009326,119.6,2023-07-08
CUST_0095,TXN_00009327,193.32,2023-02-14
CUST_0076,TXN_00009328,378.32,2023-01-18
CUST_0014,TXN_00009329,58.03,2023-12-22
CUST_0004,TXN_00009330,904.89,2023-10-14
CUST_0015,TXN_00009331,997.37,2023-08-14
CUST_0039,TXN_00009332,381.64,2023-11-09
CUST_0075,TXN_00009333,746.99,2023-09-26
CUST_0065,TXN_00009334,417.99,2023-02-13
CUST_0070,TXN_00009335,368.51,2023-06-07
CUST_0074,TXN_00009336,285.5,2023-04-17
CUST_0070,TXN_00009337,123.38,2023-08-12
CUST_0079,TXN_00009338,728.76,2023-04-14
CUST_0065,TXN_00009339,331.53,2023-05-12
CUST_0015,TXN_00009340,158.87,2023-09-10
CUST_0067,TXN_00009341,450.27,2023-09-11
CUST_0073,TXN_00009342,314.26,2023-03-09
CUST_0026,TXN_00009343,593.18,2023-06-02
CUST_0020,TXN_00009344,390.59,2023-03-30
CUST_0002,TXN_00009345,417.93,2023-03-25
CUST_0065,TXN_00009346,500.35,2023-10-19
CUST_0059,TXN_00009347,704.34,2023-05-02
CUST_0009,TXN_00009348,429.74,2023-05-01
CUST_0045,TXN_00009349,886.64,2023-07-25
CUST_0054,TXN_00009350,295.88,2023-03-03
CUST_0012,TXN_00009351,100.82,2023-01-01
CUST_0086,TXN_00009352,139.87,2023-03-18
CUST_0022,TXN_00009353,882.53,2023-05-21
CUST_0049,TXN_00009354,74.32,2023-06-07
CUST_0052,TXN_00009355,873.52,2023-03-27
CUST_0085,TXN_00009356,148.88,2023-03-26
CUST_0051,TXN_00009357,363.48,2023-12-27
CUST_0066,TXN_00009358,135.1,2023-07-20
CUST_0100,TXN_00009359,199.53,2023-12-11
CUST_0071,TXN_00009360,128.21,2023-09-25
CUST_0088,TXN_00009361,653.75,2023-07-27
CUST_0044,TXN_00009362,58.55,2023-09-06
CUST_0016,TXN_00009363,381.74,2023-03-17
CUST_0050,TXN_00009364,198.26,2023-07-03
CUST_0036,TXN_00009365,532.69,2023-11-15
CUST_0075,TXN_00009366,365.96,2023-12-13
CUST_0039,TXN_00009367,757.4,2023-05-12
CUST_0028,TXN_00009368,930.32,2023-08-21
CUST_0045,TXN_00009369,909.45,2023-12-17
CUST_0014,TXN_00009370,192.6,2023-05-29
CUST_0063,TXN_00009371,785.4,2023-02-09
CUST_0079,TXN_00009372,450.05,2023-09-24
CUST_0019,TXN_00009373,566.52,2023-01-09
CUST_0100,TXN_00009374,894.48,2023-11-19
CUST_0068,TXN_00009375,964.27,2023-07-28
CUST_0040,TXN_00009376,456.39,2023-01-22
CUST_0005,TXN_00009377,438.56,2023-06-27
CUST_0004,TXN_00009378,292.91,2023-05-21
CUST_0090,TXN_00009379,154.07,2023-01-01
CUST_0036,TXN_00009380,802.32,2023-05-12
CUST_0010,TXN_00009381,389.97,2023-12-05
CUST_0026,TXN_00009382,141.09,2023-11-12
CUST_0025,TXN_00009383,755.65,2023-05-28
CUST_0052,TXN_00009384,601.12,2023-06-18
CUST_0063,TXN_00009385,669.91,2023-09-01
CUST_0069,TXN_00009386,693.56,2023-08-03
CUST_0087,TXN_00009387,438.93,2023-05-14
CUST_0005,TXN_00009388,230.89,2023-07-25
CUST_0054,TXN_00009389,128.53,2023-12-30
CUST_0082,TXN_00009390,721.12,2023-08-18
CUST_0080,TXN_00009391,310.86,2023-12-19
CUST_0025,TXN_00009392,975.88,2023-01-10
CUST_0074,TXN_00009393,630.55,2023-05-15
CUST_0004,TXN_00009394,359.65,2023-07-18
CUST_0028,TXN_00009395,460.15,2023-09-21
CUST_0064,TXN_00009396,305.39,2023-02-16
CUST_0054,TXN_00009397,655.96,2023-01-03
CUST_0024,TXN_00009398,428.38,2023-02-16
CUST_0038,TXN_00009399,733.24,2023-10-17
CUST_0042,TXN_00009400,521.77,2023-03-25
CUST_0053,TXN_00009401,372.93,2023-03-18
CUST_0072,TXN_00009402,657.76,2023-08-21
CUST_0020,TXN_00009403,229.67,2023-07-13
CUST_0062,TXN_00009404,953.45,2023-03-06
CUST_0039,TXN_00009405,170.07,2023-12-28
CUST_0076,TXN_00009406,723.55,2023-02-18
CUST_0009,TXN_00009407,803.25,2023-10-06
CUST_0100,TXN_00009408,613.25,2023-08-14
CUST_0068,TXN_00009409,444.6,2023-04-11
CUST_0063,TXN_00009410,705.9,2023-02-10
CUST_0080,TXN_00009411,568.33,2023-07-07
CUST_0100,TXN_00009412,523.44,2023-09-20
CUST_0005,TXN_00009413,600.34,2023-11-17
CUST_0017,TXN_00009414,890.15,2023-09-17
CUST_0080,TXN_00009415,894.89,2023-04-12
CUST_0071,TXN_00009416,40.65,2023-12-20
CUST_0016,TXN_00009417,265.77,2023-04-07
CUST_0096,TXN_00009418,83.69,2023-02-10
CUST_0091,TXN_00009419,624.01,2023-05-04
CUST_0098,TXN_00009420,674.46,2023-09-28
CUST_0009,TXN_00009421,440.31,2023-09-10
CUST_0083,TXN_00009422,881.05,2023-01-21
CUST_0006,TXN_00009423,666.17,2023-05-12
CUST_0015,TXN_00009424,113.92,2023-01-25
CUST_0033,TXN_00009425,689.58,2023-03-31
CUST_0021,TXN_00009426,219.83,2023-11-15
CUST_0018,TXN_00009427,953.16,2023-10-11
CUST_0008,TXN_00009428,833.54,2023-09-01
CUST_0005,TXN_00009429,189.01,2023-10-28
CUST_0095,TXN_00009430,37.98,2023-09-06
CUST_0012,TXN_00009431,61.23,2023-11-29
CUST_0055,TXN_00009432,898.63,2023-06-04
CUST_0026,TXN_00009433,474.72,2023-02-15
CUST_0037,TXN_00009434,578.51,2023-01-11
CUST_0057,TXN_00009435,431.83,2023-10-08
CUST_0074,TXN_00009436,819.54,2023-02-15
CUST_0010,TXN_00009437,531.12,2023-01-13
CUST_0061,TXN_00009438,975.23,2023-07-31
CUST_0088,TXN_00009439,696.99,2023-03-15
CUST_0002,TXN_00009440,968.46,2023-02-09
CUST_0059,TXN_00009441,274.06,2023-06-22
CUST_0088,TXN_00009442,751.07,2023-03-24
CUST_0077,TXN_00009443,642.15,2023-07-07
CUST_0097,TXN_00009444,377.53,2023-09-05
CUST_0004,TXN_00009445,948.54,2023-08-01
CUST_0052,TXN_00009446,259.3,2023-05-03
CUST_0057,TXN_00009447,508.41,2023-11-13
CUST_0051,TXN_00009448,217.57,2023-04-19
CUST_0067,TXN_00009449,152.39,2023-07-12
CUST_0024,TXN_00009450,118.64,2023-10-16
CUST_0086,TXN_00009451,674.0,2023-04-21
CUST_0099,TXN_00009452,684.42,2023-03-18
CUST_0070,TXN_00009453,214.34,2023-06-09
CUST_0067,TXN_00009454,202.84,2023-08-06
CUST_0047,TXN_00009455,44.85,2023-03-25
CUST_0076,TXN_00009456,91.67,2023-12-25
CUST_0065,TXN_00009457,712.37,2023-03-04
CUST_0033,TXN_00009458,915.51,2023-07-08
CUST_0040,TXN_00009459,533.33,2023-06-11
CUST_0079,TXN_00009460,393.28,2023-07-17
CUST_0020,TXN_00009461,794.56,2023-05-04
CUST_0061,TXN_00009462,149.16,2023-05-11
CUST_0043,TXN_00009463,666.28,2023-08-16
CUST_0089,TXN_00009464,305.76,2023-04-05
CUST_0022,TXN_00009465,540.44,2023-04-02
CUST_0080,TXN_00009466,606.39,2023-01-29
CUST_0039,TXN_00009467,451.64,2023-05-20
CUST_0056,TXN_00009468,66.61,2023-11-27
CUST_0031,TXN_00009469,881.69,2023-10-26
CUST_0046,TXN_00009470,873.13,2023-08-06
CUST_0061,TXN_00009471,774.87,2023-11-29
CUST_0097,TXN_00009472,913.44,2023-05-05
CUST_0033,TXN_00009473,180.9,2023-03-12
CUST_0024,TXN_00009474,79.71,2023-05-16
CUST_0015,TXN_00009475,39.43,2023-01-04
CUST_0087,TXN_00009476,996.77,2023-03-15
CUST_0013,TXN_00009477,511.87,2023-08-13
CUST_0057,TXN_00009478,286.83,2023-06-29
CUST_0091,TXN_00009479,597.24,2023-01-30
CUST_0001,TXN_00009480,467.32,2023-01-07
CUST_0084,TXN_00009481,418.01,2023-06-22
CUST_0022,TXN_00009482,939.78,2023-01-01
CUST_0049,TXN_00009483,191.91,2023-04-24
CUST_0013,TXN_00009484,905.91,2023-01-28
CUST_0093,TXN_00009485,186.6,2023-09-07
CUST_0093,TXN_00009486,323.91,2023-02-08
CUST_0076,TXN_00009487,371.32,2023-03-12
CUST_0060,TXN_00009488,580.73,2023-09-07
CUST_0073,TXN_00009489,119.2,2023-11-27
CUST_0048,TXN_00009490,189.2,2023-11-07
CUST_0045,TXN_00009491,293.86,2023-01-14
CUST_0023,TXN_00009492,621.4,2023-12-30
CUST_0083,TXN_00009493,159.13,2023-06-10
CUST_0072,TXN_00009494,733.9,2023-09-26
CUST_0066,TXN_00009495,542.75,2023-01-17
CUST_0032,TXN_00009496,116.08,2023-11-18
CUST_0083,TXN_00009497,517.82,2023-01-20
CUST_0079,TXN_00009498,943.51,2023-05-02
CUST_0041,TXN_00009499,150.96,2023-05-11
CUST_0014,TXN_00009500,418.97,2023-10-17
CUST_0071,TXN_00009501,415.28,2023-03-23
CUST_0069,TXN_00009502,838.99,2023-09-05
CUST_0044,TXN_00009503,651.5,2023-06-12
CUST_0092,TXN_00009504,555.55,2023-09-29
CUST_0033,TXN_00009505,262.86,2023-07-01
CUST_0091,TXN_00009506,324.16,2023-01-01
CUST_0031,TXN_00009507,218.6,2023-04-05
CUST_0057,TXN_00009508,970.6,2023-08-29
CUST_0074,TXN_00009509,182.65,2023-07-13
CUST_0081,TXN_00009510,579.1,2023-05-05
CUST_0063,TXN_00009511,524.81,2023-12-22
CUST_0074,TXN_00009512,40.4,2023-01-21
CUST_0011,TXN_00009513,467.88,2023-09-18
CUST_0074,TXN_00009514,93.32,2023-04-01
CUST_0089,TXN_00009515,679.51,2023-04-30
CUST_0076,TXN_00009516,182.05,2023-01-30
CUST_0060,TXN_00009517,533.98,2023-09-05
CUST_0002,TXN_00009518,152.63,2023-08-19
CUST_0036,TXN_00009519,516.48,2023-04-21
CUST_0090,TXN_00009520,238.56,2023-01-31
CUST_0067,TXN_00009521,799.85,2023-11-22
CUST_0091,TXN_00009522,732.61,2023-09-05
CUST_0073,TXN_00009523,353.93,2023-05-14
CUST_0095,TXN_00009524,679.65,2023-05-17
CUST_0092,TXN_00009525,927.8,2023-08-14
CUST_0025,TXN_00009526,822.61,2023-09-19
CUST_0034,TXN_00009527,902.8,2023-07-17
CUST_0026,TXN_00009528,676.13,2023-05-04
CUST_0017,TXN_00009529,292.22,2023-04-04
CUST_0047,TXN_00009530,83.99,2023-12-10
CUST_0076,TXN_00009531,571.32,2023-06-13
CUST_0088,TXN_00009532,60.22,2023-08-25
CUST_0043,TXN_00009533,820.33,2023-07-13
CUST_0085,TXN_00009534,954.53,2023-03-11
CUST_0038,TXN_00009535,136.2,2023-06-12
CUST_0039,TXN_00009536,680.97,2023-10-10
CUST_0042,TXN_00009537,939.89,2023-11-18
CUST_0048,TXN_00009538,383.94,2023-09-11
CUST_0077,TXN_00009539,482.49,2023-10-07
CUST_0048,TXN_00009540,755.62,2023-12-14
CUST_0098,TXN_00009541,636.12,2023-04-18
CUST_0081,TXN_00009542,138.71,2023-07-23
CUST_0040,TXN_00009543,791.01,2023-09-12
CUST_0012,TXN_00009544,622.06,2023-11-05
CUST_0035,TXN_00009545,333.04,2023-04-26
CUST_0056,TXN_00009546,375.16,2023-12-05
CUST_0051,TXN_00009547,404.16,2023-11-02
CUST_0025,TXN_00009548,348.71,2023-05-20
CUST_0025,TXN_00009549,791.94,2023-12-01
CUST_0094,TXN_00009550,171.79,2023-11-04
CUST_0030,TXN_00009551,200.42,2023-01-13
CUST_0005,TXN_00009552,767.77,2023-03-09
CUST_0063,TXN_00009553,300.85,2023-02-17
CUST_0098,TXN_00009554,567.96,2023-05-15
CUST_0031,TXN_00009555,777.73,2023-06-15
CUST_0084,TXN_00009556,734.46,2023-12-16
CUST_0077,TXN_00009557,782.11,2023-04-15
CUST_0096,TXN_00009558,973.12,2023-09-12
CUST_0026,TXN_00009559,64.49,2023-11-12
CUST_0034,TXN_00009560,637.21,2023-12-26
CUST_0031,TXN_00009561,873.49,2023-12-28
CUST_0057,TXN_00009562,511.83,2023-12-29
CUST_0050,TXN_00009563,896.17,2023-01-05
CUST_0014,TXN_00009564,318.09,2023-10-16
CUST_0035,TXN_00009565,89.97,2023-09-04
CUST_0062,TXN_00009566,353.12,2023-07-19
CUST_0056,TXN_00009567,130.42,2023-11-25
CUST_0032,TXN_00009568,896.44,2023-06-29
CUST_0026,TXN_00009569,137.62,2023-12-19
CUST_0094,TXN_00009570,88.52,2023-01-22
CUST_0092,TXN_00009571,912.33,2023-04-30
CUST_0004,TXN_00009572,778.38,2023-11-19
CUST_0070,TXN_00009573,45.49,2023-06-04
CUST_0009,TXN_00009574,877.61,2023-10-29
CUST_0011,TXN_00009575,270.29,2023-03-09
CUST_0086,TXN_00009576,109.13,2023-03-17
CUST_0080,TXN_00009577,158.58,2023-10-01
CUST_0071,TXN_00009578,795.73,2023-07-03
CUST_0080,TXN_00009579,582.72,2023-12-26
CUST_0027,TXN_00009580,824.62,2023-07-08
CUST_0021,TXN_00009581,434.01,2023-08-16
CUST_0017,TXN_00009582,421.17,2023-02-26
CUST_0057,TXN_00009583,896.1,2023-07-15
CUST_0083,TXN_00009584,725.64,2023-09-28
CUST_0091,TXN_00009585,418.66,2023-08-11
CUST_0011,TXN_00009586,840.58,2023-07-07
CUST_0036,TXN_00009587,867.15,2023-07-09
CUST_0050,TXN_00009588,105.71,2023-12-14
CUST_0069,TXN_00009589,435.85,2023-10-30
CUST_0071,TXN_00009590,56.55,2023-07-24
CUST_0095,TXN_00009591,439.2,2023-12-13
CUST_0026,TXN_00009592,437.56,2023-01-24
CUST_0031,TXN_00009593,142.86,2023-12-04
CUST_0020,TXN_00009594,381.91,2023-03-03
CUST_0082,TXN_00009595,267.92,2023-08-03
CUST_0050,TXN_00009596,745.29,2023-11-24
CUST_0061,TXN_00009597,499.4,2023-09-29
CUST_0027,TXN_00009598,682.86,2023-12-20
CUST_0091,TXN_00009599,630.34,2023-10-02
CUST_0028,TXN_00009600,304.12,2023-07-08
CUST_0026,TXN_00009601,406.04,2023-08-07
CUST_0097,TXN_00009602,420.33,2023-05-13
CUST_0046,TXN_00009603,734.68,2023-08-11
CUST_0002,TXN_00009604,528.56,2023-05-04
CUST_0006,TXN_00009605,211.7,2023-03-26
CUST_0042,TXN_00009606,347.34,2023-12-04
CUST_0094,TXN_00009607,594.04,2023-08-27
CUST_0074,TXN_00009608,372.21,2023-05-05
CUST_0082,TXN_00009609,352.58,2023-10-31
CUST_0093,TXN_00009610,499.3,2023-08-26
CUST_0009,TXN_00009611,970.94,2023-12-12
CUST_0075,TXN_00009612,93.96,2023-05-11
CUST_0053,TXN_00009613,855.16,2023-10-03
CUST_0037,TXN_00009614,386.32,2023-02-02
CUST_0046,TXN_00009615,193.5,2023-04-11
CUST_0025,TXN_00009616,255.62,2023-09-17
CUST_0093,TXN_00009617,689.79,2023-08-19
CUST_0098,TXN_00009618,683.31,2023-08-04
CUST_0058,TXN_00009619,898.01,2023-09-15
CUST_0062,TXN_00009620,88.09,2023-06-16
CUST_0025,TXN_00009621,746.08,2023-12-02
CUST_0085,TXN_00009622,342.52,2023-06-03
CUST_0090,TXN_00009623,414.58,2023-11-09
CUST_0056,TXN_00009624,559.69,2023-01-09
CUST_0078,TXN_00009625,556.99,2023-01-20
CUST_0049,TXN_00009626,945.17,2023-08-18
CUST_0081,TXN_00009627,973.01,2023-02-25
CUST_0025,TXN_00009628,26.77,2023-02-26
CUST_0045,TXN_00009629,643.61,2023-08-05
CUST_0024,TXN_00009630,600.41,2023-08-18
CUST_0063,TXN_00009631,634.89,2023-06-27
CUST_0012,TXN_00009632,143.9,2023-07-16
CUST_0083,TXN_00009633,723.43,2023-02-07
CUST_0035,TXN_00009634,549.31,2023-12-28
CUST_0090,TXN_00009635,634.79,2023-12-02
CUST_0028,TXN_00009636,155.65,2023-05-08
CUST_0072,TXN_00009637,788.86,2023-01-03
CUST_0043,TXN_00009638,583.79,2023-05-19
CUST_0021,TXN_00009639,483.77,2023-12-30
CUST_0057,TXN_00009640,524.97,2023-09-16
CUST_0085,TXN_00009641,215.28,2023-11-16
CUST_0075,TXN_00009642,496.71,2023-08-29
CUST_0070,TXN_00009643,222.83,2023-06-11
CUST_0072,TXN_00009644,706.09,2023-10-22
CUST_0007,TXN_00009645,168.75,2023-08-20
CUST_0060,TXN_00009646,276.93,2023-07-09
CUST_0016,TXN_00009647,919.24,2023-01-02
CUST_0070,TXN_00009648,317.0,2023-03-14
CUST_0084,TXN_00009649,27.54,2023-12-26
CUST_0042,TXN_00009650,394.91,2023-11-25
CUST_0077,TXN_00009651,75.86,2023-11-23
CUST_0053,TXN_00009652,553.36,2023-12-01
CUST_0038,TXN_00009653,240.82,2023-09-18
CUST_0064,TXN_00009654,192.17,2023-01-30
CUST_0084,TXN_00009655,991.54,2023-10-07
CUST_0011,TXN_00009656,999.9,2023-08-07
CUST_0051,TXN_00009657,880.18,2023-06-19
CUST_0024,TXN_00009658,160.22,2023-05-18
CUST_0044,TXN_00009659,94.31,2023-05-07
CUST_0045,TXN_00009660,204.95,2023-11-11
CUST_0086,TXN_00009661,123.22,2023-03-18
CUST_0014,TXN_00009662,174.39,2023-06-01
CUST_0026,TXN_00009663,266.65,2023-08-07
CUST_0001,TXN_00009664,160.75,2023-01-14
CUST_0032,TXN_00009665,639.09,2023-07-03
CUST_0014,TXN_00009666,391.13,2023-05-23
CUST_0086,TXN_00009667,512.54,2023-08-22
CUST_0004,TXN_00009668,790.14,2023-08-15
CUST_0009,TXN_00009669,688.51,2023-04-03
CUST_0085,TXN_00009670,233.54,2023-04-20
CUST_0092,TXN_00009671,124.64,2023-08-12
CUST_0039,TXN_00009672,884.32,2023-07-25
CUST_0060,TXN_00009673,245.26,2023-09-09
CUST_0081,TXN_00009674,861.43,2023-08-23
CUST_0075,TXN_00009675,428.12,2023-01-14
CUST_0028,TXN_00009676,414.78,2023-08-07
CUST_0044,TXN_00009677,972.51,2023-02-27
CUST_0070,TXN_00009678,110.92,2023-06-15
CUST_0074,TXN_00009679,639.58,2023-10-25
CUST_0066,TXN_00009680,180.97,2023-12-10
CUST_0094,TXN_00009681,67.34,2023-01-24
CUST_0018,TXN_00009682,485.33,2023-09-30
CUST_0093,TXN_00009683,870.64,2023-11-20
CUST_0076,TXN_00009684,642.78,2023-12-02
CUST_0051,TXN_00009685,27.76,2023-06-05
CUST_0039,TXN_00009686,82.23,2023-01-28
CUST_0096,TXN_00009687,584.61,2023-08-31
CUST_0045,TXN_00009688,975.77,2023-09-07
CUST_0087,TXN_00009689,607.39,2023-04-30
CUST_0005,TXN_00009690,63.02,2023-11-22
CUST_0082,TXN_00009691,833.33,2023-04-03
CUST_0095,TXN_00009692,11.05,2023-06-12
CUST_0041,TXN_00009693,861.09,2023-11-08
CUST_0041,TXN_00009694,612.14,2023-11-04
CUST_0012,TXN_00009695,506.38,2023-10-09
CUST_0064,TXN_00009696,985.04,2023-08-29
CUST_0048,TXN_00009697,399.34,2023-01-03
CUST_0030,TXN_00009698,832.3,2023-08-01
CUST_0071,TXN_00009699,762.94,2023-08-21
CUST_0069,TXN_00009700,112.73,2023-11-18
CUST_0098,TXN_00009701,367.74,2023-03-20
CUST_0055,TXN_00009702,789.93,2023-04-27
CUST_0051,TXN_00009703,775.21,2023-01-16
CUST_0045,TXN_00009704,626.06,2023-07-13
CUST_0084,TXN_00009705,408.82,2023-01-13
CUST_0059,TXN_00009706,172.86,2023-08-26
CUST_0074,TXN_00009707,552.19,2023-04-02
CUST_0082,TXN_00009708,259.6,2023-09-20
CUST_0094,TXN_00009709,140.15,2023-01-29
CUST_0023,TXN_00009710,22.89,2023-06-16
CUST_0048,TXN_00009711,19.29,2023-01-25
CUST_0051,TXN_00009712,432.56,2023-10-25
CUST_0080,TXN_00009713,857.11,2023-12-06
CUST_0003,TXN_00009714,600.26,2023-05-17
CUST_0097,TXN_00009715,208.77,2023-01-07
CUST_0025,TXN_00009716,908.79,2023-10-28
CUST_0066,TXN_00009717,733.15,2023-12-31
CUST_0068,TXN_00009718,226.43,2023-05-06
CUST_0059,TXN_00009719,855.82,2023-12-19
CUST_0034,TXN_00009720,434.21,2023-11-19
CUST_0005,TXN_00009721,104.76,2023-02-19
CUST_0028,TXN_00009722,571.4,2023-05-25
CUST_0001,TXN_00009723,453.98,2023-10-15
CUST_0052,TXN_00009724,654.29,2023-05-06
CUST_0078,TXN_00009725,967.11,2023-03-15
CUST_0097,TXN_00009726,730.45,2023-12-30
CUST_0032,TXN_00009727,636.6,2023-12-17
CUST_0079,TXN_00009728,673.35,2023-05-18
CUST_0050,TXN_00009729,467.47,2023-07-06
CUST_0088,TXN_00009730,710.82,2023-01-26
CUST_0029,TXN_00009731,958.25,2023-07-21
CUST_0060,TXN_00009732,824.6,2023-10-09
CUST_0004,TXN_00009733,793.28,2023-08-06
CUST_0030,TXN_00009734,429.73,2023-11-29
CUST_0034,TXN_00009735,525.83,2023-06-20
CUST_0002,TXN_00009736,360.65,2023-11-19
CUST_0072,TXN_00009737,950.2,2023-09-15
CUST_0085,TXN_00009738,517.82,2023-09-05
CUST_0006,TXN_00009739,439.18,2023-02-26
CUST_0023,TXN_00009740,915.0,2023-04-10
CUST_0042,TXN_00009741,127.22,2023-01-11
CUST_0063,TXN_00009742,254.65,2023-10-13
CUST_0049,TXN_00009743,748.58,2023-12-02
CUST_0021,TXN_00009744,444.3,2023-11-29
CUST_0039,TXN_00009745,737.42,2023-11-15
CUST_0092,TXN_00009746,512.91,2023-03-14
CUST_0091,TXN_00009747,603.72,2023-09-20
CUST_0052,TXN_00009748,753.88,2023-07-25
CUST_0096,TXN_00009749,561.0,2023-08-21
CUST_0006,TXN_00009750,10.18,2023-09-29
CUST_0034,TXN_00009751,967.22,2023-07-03
CUST_0037,TXN_00009752,86.43,2023-04-06
CUST_0081,TXN_00009753,323.38,2023-04-18
CUST_0043,TXN_00009754,831.45,2023-06-14
CUST_0014,TXN_00009755,747.23,2023-02-13
CUST_0022,TXN_00009756,65.43,2023-03-23
CUST_0059,TXN_00009757,342.94,2023-10-28
CUST_0024,TXN_00009758,471.56,2023-08-26
CUST_0003,TXN_00009759,653.73,2023-09-13
CUST_0004,TXN_00009760,721.17,2023-08-04
CUST_0075,TXN_00009761,131.15,2023-02-03
CUST_0027,TXN_00009762,40.65,2023-01-20
CUST_0093,TXN_00009763,135.47,2023-09-18
CUST_0010,TXN_00009764,828.39,2023-10-17
CUST_0099,TXN_00009765,513.88,2023-06-14
CUST_0097,TXN_00009766,12.16,2023-03-21
CUST_0071,TXN_00009767,702.28,2023-11-16
CUST_0038,TXN_00009768,238.28,2023-12-02
CUST_0012,TXN_00009769,85.56,2023-05-16
CUST_0075,TXN_00009770,952.75,2023-03-12
CUST_0041,TXN_00009771,591.09,2023-07-30
CUST_0058,TXN_00009772,746.27,2023-06-24
CUST_0013,TXN_00009773,400.58,2023-02-08
CUST_0021,TXN_00009774,506.53,2023-12-22
CUST_0023,TXN_00009775,458.59,2023-09-14
CUST_0033,TXN_00009776,662.16,2023-05-25
CUST_0089,TXN_00009777,651.97,2023-10-17
CUST_0033,TXN_00009778,569.56,2023-03-21
CUST_0053,TXN_00009779,511.42,2023-11-03
CUST_0019,TXN_00009780,454.45,2023-08-03
CUST_0028,TXN_00009781,560.15,2023-05-18
CUST_0009,TXN_00009782,41.01,2023-11-08
CUST_0021,TXN_00009783,670.43,2023-10-14
CUST_0048,TXN_00009784,439.12,2023-01-22
CUST_0051,TXN_00009785,502.89,2023-06-03
CUST_0079,TXN_00009786,168.43,2023-11-19
CUST_0064,TXN_00009787,243.12,2023-06-28
CUST_0031,TXN_00009788,592.49,2023-06-09
CUST_0085,TXN_00009789,347.68,2023-12-22
CUST_0003,TXN_00009790,141.15,2023-03-16
CUST_0014,TXN_00009791,313.44,2023-03-31
CUST_0087,TXN_00009792,917.02,2023-09-29
CUST_0087,TXN_00009793,161.98,2023-01-11
CUST_0037,TXN_00009794,29.51,2023-05-19
CUST_0005,TXN_00009795,204.95,2023-06-07
CUST_0083,TXN_00009796,953.87,2023-02-12
CUST_0054,TXN_00009797,655.99,2023-12-04
CUST_0049,TXN_00009798,108.05,2023-08-15
CUST_0026,TXN_00009799,38.6,2023-05-26
CUST_0024,TXN_00009800,287.38,2023-03-10
CUST_0015,TXN_00009801,556.13,2023-10-08
CUST_0082,TXN_00009802,797.41,2023-07-07
CUST_0064,TXN_00009803,420.56,2023-04-03
CUST_0050,TXN_00009804,376.92,2023-03-05
CUST_0057,TXN_00009805,117.07,2023-12-23
CUST_0072,TXN_00009806,762.29,2023-09-24
CUST_0064,TXN_00009807,386.86,2023-11-15
CUST_0073,TXN_00009808,167.52,2023-12-03
CUST_0004,TXN_00009809,610.0,2023-07-28
CUST_0021,TXN_00009810,290.02,2023-04-17
CUST_0028,TXN_00009811,568.81,2023-03-20
CUST_0036,TXN_00009812,70.31,2023-12-27
CUST_0100,TXN_00009813,322.56,2023-01-01
CUST_0078,TXN_00009814,31.17,2023-12-13
CUST_0062,TXN_00009815,72.4,2023-05-10
CUST_0034,TXN_00009816,910.58,2023-10-10
CUST_0007,TXN_00009817,675.24,2023-10-12
CUST_0036,TXN_00009818,105.0,2023-06-02
CUST_0025,TXN_00009819,479.01,2023-12-18
CUST_0073,TXN_00009820,444.23,2023-12-26
CUST_0075,TXN_00009821,579.59,2023-07-26
CUST_0043,TXN_00009822,571.22,2023-03-30
CUST_0058,TXN_00009823,397.59,2023-11-03
CUST_0100,TXN_00009824,322.2,2023-04-08
CUST_0068,TXN_00009825,921.07,2023-01-05
CUST_0032,TXN_00009826,352.78,2023-09-15
CUST_0066,TXN_00009827,154.65,2023-06-17
CUST_0022,TXN_00009828,763.66,2023-05-27
CUST_0018,TXN_00009829,804.12,2023-09-01
CUST_0042,TXN_00009830,369.47,2023-05-28
CUST_0022,TXN_00009831,309.45,2023-12-09
CUST_0094,TXN_00009832,286.18,2023-09-18
CUST_0027,TXN_00009833,496.86,2023-12-10
CUST_0061,TXN_00009834,77.59,2023-06-17
CUST_0093,TXN_00009835,951.36,2023-09-20
CUST_0038,TXN_00009836,30.2,2023-09-09
CUST_0086,TXN_00009837,420.98,2023-02-12
CUST_0022,TXN_00009838,784.59,2023-10-18
CUST_0090,TXN_00009839,705.18,2023-06-18
CUST_0016,TXN_00009840,956.29,2023-03-19
CUST_0049,TXN_00009841,769.26,2023-06-17
CUST_0006,TXN_00009842,893.49,2023-04-05
CUST_0009,TXN_00009843,677.87,2023-09-04
CUST_0058,TXN_00009844,963.63,2023-12-11
CUST_0028,TXN_00009845,607.29,2023-06-15
CUST_0006,TXN_00009846,831.55,2023-02-27
CUST_0087,TXN_00009847,57.17,2023-09-07
CUST_0037,TXN_00009848,163.17,2023-06-30
CUST_0077,TXN_00009849,940.01,2023-08-03
CUST_0041,TXN_00009850,496.76,2023-10-22
CUST_0036,TXN_00009851,574.68,2023-06-13
CUST_0068,TXN_00009852,884.28,2023-06-19
CUST_0042,TXN_00009853,565.09,2023-12-26
CUST_0017,TXN_00009854,27.46,2023-10-11
CUST_0032,TXN_00009855,463.53,2023-10-02
CUST_0061,TXN_00009856,738.37,2023-12-18
CUST_0006,TXN_00009857,477.32,2023-12-27
CUST_0038,TXN_00009858,62.27,2023-02-05
CUST_0070,TXN_00009859,531.42,2023-08-31
CUST_0052,TXN_00009860,607.99,2023-08-17
CUST_0013,TXN_00009861,230.51,2023-08-27
CUST_0035,TXN_00009862,122.71,2023-07-20
CUST_0025,TXN_00009863,782.28,2023-03-23
CUST_0034,TXN_00009864,479.13,2023-01-22
CUST_0009,TXN_00009865,617.95,2023-03-22
CUST_0086,TXN_00009866,88.62,2023-10-26
CUST_0041,TXN_00009867,351.84,2023-09-16
CUST_0014,TXN_00009868,923.87,2023-11-10
CUST_0077,TXN_00009869,287.25,2023-04-18
CUST_0076,TXN_00009870,912.84,2023-08-29
CUST_0054,TXN_00009871,94.84,2023-06-29
CUST_0052,TXN_00009872,42.3,2023-02-07
CUST_0009,TXN_00009873,247.41,2023-05-19
CUST_0079,TXN_00009874,45.63,2023-06-16
CUST_0066,TXN_00009875,30.14,2023-02-01
CUST_0087,TXN_00009876,927.13,2023-01-30
CUST_0011,TXN_00009877,949.22,2023-10-17
CUST_0009,TXN_00009878,22.92,2023-10-18
CUST_0080,TXN_00009879,553.61,2023-06-08
CUST_0067,TXN_00009880,335.06,2023-07-22
CUST_0069,TXN_00009881,393.34,2023-01-04
CUST_0062,TXN_00009882,237.94,2023-10-27
CUST_0049,TXN_00009883,30.06,2023-03-13
CUST_0064,TXN_00009884,256.02,2023-06-14
CUST_0078,TXN_00009885,635.61,2023-05-31
CUST_0063,TXN_00009886,554.24,2023-04-15
CUST_0080,TXN_00009887,776.25,2023-08-15
CUST_0047,TXN_00009888,248.37,2023-11-29
CUST_0091,TXN_00009889,787.33,2023-05-11
CUST_0001,TXN_00009890,637.77,2023-02-06
CUST_0043,TXN_00009891,734.05,2023-09-17
CUST_0061,TXN_00009892,784.52,2023-04-10
CUST_0020,TXN_00009893,650.01,2023-03-19
CUST_0003,TXN_00009894,521.83,2023-02-03
CUST_0045,TXN_00009895,139.76,2023-07-22
CUST_0009,TXN_00009896,22.91,2023-07-07
CUST_0003,TXN_00009897,426.28,2023-07-26
CUST_0097,TXN_00009898,523.98,2023-03-12
CUST_0003,TXN_00009899,451.13,2023-02-14
CUST_0055,TXN_00009900,295.44,2023-04-16
CUST_0042,TXN_00009901,991.0,2023-08-03
CUST_0026,TXN_00009902,212.69,2023-11-16
CUST_0069,TXN_00009903,784.0,2023-08-31
CUST_0082,TXN_00009904,125.25,2023-08-26
CUST_0091,TXN_00009905,693.65,2023-04-18
CUST_0067,TXN_00009906,475.94,2023-01-17
CUST_0032,TXN_00009907,570.44,2023-07-03
CUST_0021,TXN_00009908,878.67,2023-11-03
CUST_0011,TXN_00009909,448.23,2023-05-15
CUST_0003,TXN_00009910,97.21,2023-12-24
CUST_0046,TXN_00009911,146.62,2023-06-23
CUST_0093,TXN_00009912,551.56,2023-02-03
CUST_0032,TXN_00009913,233.26,2023-02-20
CUST_0015,TXN_00009914,996.78,2023-12-07
CUST_0012,TXN_00009915,964.9,2023-06-21
CUST_0016,TXN_00009916,433.2,2023-02-17
CUST_0014,TXN_00009917,221.75,2023-12-28
CUST_0100,TXN_00009918,177.43,2023-10-18
CUST_0086,TXN_00009919,996.84,2023-04-08
CUST_0003,TXN_00009920,974.35,2023-01-17
CUST_0022,TXN_00009921,246.29,2023-10-19
CUST_0058,TXN_00009922,305.08,2023-05-21
CUST_0019,TXN_00009923,878.19,2023-10-26
CUST_0072,TXN_00009924,918.18,2023-01-26
CUST_0008,TXN_00009925,75.4,2023-03-27
CUST_0035,TXN_00009926,195.35,2023-08-19
CUST_0016,TXN_00009927,310.66,2023-05-11
CUST_0088,TXN_00009928,827.62,2023-06-28
CUST_0088,TXN_00009929,711.43,2023-03-25
CUST_0033,TXN_00009930,466.98,2023-01-08
CUST_0025,TXN_00009931,195.44,2023-05-02
CUST_0003,TXN_00009932,665.55,2023-11-25
CUST_0058,TXN_00009933,96.45,2023-04-13
CUST_0051,TXN_00009934,912.04,2023-03-12
CUST_0027,TXN_00009935,384.27,2023-10-09
CUST_0083,TXN_00009936,745.11,2023-09-03
CUST_0080,TXN_00009937,930.39,2023-05-29
CUST_0092,TXN_00009938,593.67,2023-01-06
CUST_0082,TXN_00009939,827.19,2023-01-11
CUST_0024,TXN_00009940,938.49,2023-11-15
CUST_0066,TXN_00009941,401.95,2023-09-28
CUST_0066,TXN_00009942,823.92,2023-05-15
CUST_0068,TXN_00009943,852.56,2023-04-25
CUST_0003,TXN_00009944,702.81,2023-08-30
CUST_0052,TXN_00009945,51.92,2023-10-21
CUST_0026,TXN_00009946,705.3,2023-03-01
CUST_0066,TXN_00009947,712.73,2023-04-21
CUST_0051,TXN_00009948,741.79,2023-07-01
CUST_0073,TXN_00009949,709.94,2023-04-23
CUST_0009,TXN_00009950,263.76,2023-01-26
CUST_0013,TXN_00009951,359.57,2023-11-11
CUST_0095,TXN_00009952,892.38,2023-08-10
CUST_0082,TXN_00009953,159.34,2023-06-17
CUST_0046,TXN_00009954,611.89,2023-08-18
CUST_0057,TXN_00009955,228.27,2023-06-09
CUST_0092,TXN_00009956,744.62,2023-01-14
CUST_0007,TXN_00009957,832.25,2023-11-11
CUST_0065,TXN_00009958,320.43,2023-02-03
CUST_0042,TXN_00009959,925.05,2023-08-04
CUST_0078,TXN_00009960,32.63,2023-03-24
CUST_0083,TXN_00009961,13.44,2023-08-30
CUST_0089,TXN_00009962,353.88,2023-11-20
CUST_0029,TXN_00009963,98.86,2023-08-20
CUST_0096,TXN_00009964,868.39,2023-04-02
CUST_0092,TXN_00009965,27.62,2023-03-14
CUST_0082,TXN_00009966,158.24,2023-11-19
CUST_0093,TXN_00009967,401.96,2023-10-23
CUST_0075,TXN_00009968,438.98,2023-08-18
CUST_0068,TXN_00009969,99.64,2023-02-10
CUST_0017,TXN_00009970,980.82,2023-02-28
CUST_0076,TXN_00009971,47.21,2023-07-01
CUST_0008,TXN_00009972,117.21,2023-09-10
CUST_0028,TXN_00009973,58.03,2023-09-24
CUST_0053,TXN_00009974,305.36,2023-02-10
CUST_0068,TXN_00009975,272.62,2023-04-06
CUST_0003,TXN_00009976,48.91,2023-09-10
CUST_0054,TXN_00009977,743.69,2023-03-17
CUST_0092,TXN_00009978,55.95,2023-02-15
CUST_0050,TXN_00009979,395.27,2023-08-05
CUST_0040,TXN_00009980,896.33,2023-07-03
CUST_0018,TXN_00009981,442.21,2023-07-28
CUST_0009,TXN_00009982,847.09,2023-06-02
CUST_0012,TXN_00009983,92.62,2023-10-05
CUST_0028,TXN_00009984,561.32,2023-03-28
CUST_0023,TXN_00009985,557.41,2023-07-13
CUST_0096,TXN_00009986,830.3,2023-01-02
CUST_0014,TXN_00009987,438.83,2023-02-09
CUST_0082,TXN_00009988,152.13,2023-02-19
CUST_0065,TXN_00009989,608.53,2023-08-24
CUST_0014,TXN_00009990,349.28,2023-10-18
CUST_0061,TXN_00009991,311.25,2023-11-13
CUST_0025,TXN_00009992,374.5,2023-02-17
CUST_0096,TXN_00009993,924.77,2023-10-01
CUST_0079,TXN_00009994,678.01,2023-06-11
CUST_0020,TXN_00009995,199.02,2023-05-29
CUST_0076,TXN_00009996,310.3,2023-11-22
CUST_0056,TXN_00009997,791.51,2023-03-02
CUST_0084,TXN_00009998,678.47,2023-11-24
CUST_0081,TXN_00009999,739.11,2023-03-08
